Year,Lake,Species,Grand_Total,Comments,Functional_Feeding_Group
1867,Erie,Cisco,2,,Planktivore
1867,Erie,Lake Whitefish,971,,Benthic invertivore
1867,Erie,Walleye and Blue Pike,5,,Piscivore
1868,Erie,Cisco,2,,Planktivore
1868,Erie,Lake Whitefish,901,,Benthic invertivore
1868,Erie,Walleye and Blue Pike,8,,Piscivore
1869,Erie,Cisco,30,,Planktivore
1869,Erie,Lake Whitefish,211,,Benthic invertivore
1869,Erie,Northern Pike,1,,Piscivore
1869,Erie,Walleye and Blue Pike,28,,Piscivore
1870,Erie,Cisco,31,,Planktivore
1870,Erie,Lake Whitefish,291,,Benthic invertivore
1870,Erie,Northern Pike,1,,Piscivore
1870,Erie,Walleye and Blue Pike,71,,Piscivore
1871,Erie,Cisco,44,,Planktivore
1871,Erie,Lake Whitefish,65,,Benthic invertivore
1871,Erie,Northern Pike,2,,Piscivore
1871,Erie,Walleye and Blue Pike,57,,Piscivore
1872,Erie,Cisco,96,,Planktivore
1872,Erie,Lake Whitefish,185,,Benthic invertivore
1872,Erie,Northern Pike,38,,Piscivore
1872,Erie,Walleye and Blue Pike,96,,Piscivore
1873,Erie,Cisco,162,,Planktivore
1873,Erie,Lake Whitefish,248,,Benthic invertivore
1873,Erie,Northern Pike,16,,Piscivore
1873,Erie,Walleye and Blue Pike,125,,Piscivore
1874,Erie,Cisco,293,,Planktivore
1874,Erie,Lake Whitefish,111,,Benthic invertivore
1874,Erie,Northern Pike,20,,Piscivore
1874,Erie,Walleye and Blue Pike,133,,Piscivore
1875,Erie,Cisco,323,,Planktivore
1875,Erie,Lake Whitefish,126,,Benthic invertivore
1875,Erie,Northern Pike,14,,Piscivore
1875,Erie,Walleye and Blue Pike,254,,Piscivore
1876,Erie,Cisco,670,,Planktivore
1876,Erie,Lake Whitefish,99,,Benthic invertivore
1876,Erie,Northern Pike,8,,Piscivore
1876,Erie,Walleye and Blue Pike,154,,Piscivore
1877,Erie,Cisco,563,,Planktivore
1877,Erie,Lake Whitefish,141,,Benthic invertivore
1877,Erie,Northern Pike,11,,Piscivore
1877,Erie,Walleye and Blue Pike,187,,Piscivore
1878,Erie,Cisco,619,,Planktivore
1878,Erie,Lake Whitefish,183,,Benthic invertivore
1878,Erie,Northern Pike,13,,Piscivore
1878,Erie,Walleye and Blue Pike,199,,Piscivore
1879,Erie,Cisco,575,,Planktivore
1879,Erie,Lake Sturgeon,2112,,Benthic invertivore
1879,Erie,Lake Whitefish,3537,,Benthic invertivore
1879,Erie,Northern Pike,12,,Piscivore
1879,Erie,Walleye and Blue Pike,170,,Piscivore
1880,Erie,Cisco,882,,Planktivore
1880,Erie,Lake Sturgeon,213,,Benthic invertivore
1880,Erie,Lake Whitefish,206,,Benthic invertivore
1880,Erie,Northern Pike,19,,Piscivore
1880,Erie,Walleye and Blue Pike,178,,Piscivore
1881,Erie,Cisco,1868,,Planktivore
1881,Erie,Lake Sturgeon,180,,Benthic invertivore
1881,Erie,Lake Whitefish,312,,Benthic invertivore
1881,Erie,Northern Pike,51,,Piscivore
1881,Erie,Walleye and Blue Pike,290,,Piscivore
1882,Erie,Cisco,2008,,Planktivore
1882,Erie,Lake Sturgeon,159,,Benthic invertivore
1882,Erie,Lake Whitefish,284,,Benthic invertivore
1882,Erie,Northern Pike,25,,Piscivore
1882,Erie,Walleye and Blue Pike,304,,Piscivore
1883,Erie,Cisco,2255,,Planktivore
1883,Erie,Lake Sturgeon,223,,Benthic invertivore
1883,Erie,Lake Whitefish,222,,Benthic invertivore
1883,Erie,Northern Pike,31,,Piscivore
1883,Erie,Walleye and Blue Pike,203,,Piscivore
1884,Erie,Cisco,2763,,Planktivore
1884,Erie,Lake Sturgeon,330,,Benthic invertivore
1884,Erie,Lake Whitefish,230,,Benthic invertivore
1884,Erie,Northern Pike,13,,Piscivore
1884,Erie,Walleye and Blue Pike,206,,Piscivore
1885,Erie,Blue Pike,7889,,Piscivore
1885,Erie,Channel Catfish and Bullheads,2802,,Benthic omnivore
1885,Erie,Cisco,25306,,Planktivore
1885,Erie,Lake Sturgeon,5187,,Benthic invertivore
1885,Erie,Lake Whitefish,3718,,Benthic invertivore
1885,Erie,Northern Pike,312,,Piscivore
1885,Erie,Sauger,5469,,Piscivore
1885,Erie,Walleye,4302,,Piscivore
1885,Erie,Walleye and Blue Pike,11288,,Piscivore
1885,Erie,Yellow Perch,1602,,Invertivore
1886,Erie,Blue Pike,,,Piscivore
1886,Erie,Channel Catfish and Bullheads,,,Benthic omnivore
1886,Erie,Cisco,3422,,Planktivore
1886,Erie,Lake Sturgeon,350,,Benthic invertivore
1886,Erie,Lake Whitefish,142,,Benthic invertivore
1886,Erie,Northern Pike,24,,Piscivore
1886,Erie,Sauger,,,Piscivore
1886,Erie,Walleye,,,Piscivore
1886,Erie,Walleye and Blue Pike,828,,Piscivore
1886,Erie,Yellow Perch,,,Invertivore
1887,Erie,Blue Pike,,,Piscivore
1887,Erie,Channel Catfish and Bullheads,,,Benthic omnivore
1887,Erie,Cisco,6303,,Planktivore
1887,Erie,Lake Sturgeon,610,,Benthic invertivore
1887,Erie,Lake Whitefish,333,,Benthic invertivore
1887,Erie,Northern Pike,34,,Piscivore
1887,Erie,Sauger,,,Piscivore
1887,Erie,Walleye,,,Piscivore
1887,Erie,Walleye and Blue Pike,931,,Piscivore
1887,Erie,Yellow Perch,,,Invertivore
1888,Erie,Blue Pike,,,Piscivore
1888,Erie,Channel Catfish and Bullheads,,,Benthic omnivore
1888,Erie,Cisco,5934,,Planktivore
1888,Erie,Lake Sturgeon,470,,Benthic invertivore
1888,Erie,Lake Whitefish,390,,Benthic invertivore
1888,Erie,Northern Pike,107,,Piscivore
1888,Erie,Sauger,,,Piscivore
1888,Erie,Walleye,,,Piscivore
1888,Erie,Walleye and Blue Pike,1087,,Piscivore
1888,Erie,Yellow Perch,,,Invertivore
1889,Erie,Blue Pike,,,Piscivore
1889,Erie,Channel Catfish and Bullheads,1252,,Benthic omnivore
1889,Erie,Cisco,44104,,Planktivore
1889,Erie,Lake Sturgeon,1656,,Benthic invertivore
1889,Erie,Lake Whitefish,3630,,Benthic invertivore
1889,Erie,Northern Pike,129,,Piscivore
1889,Erie,Sauger,,,Piscivore
1889,Erie,Suckers,1072,,Benthic omnivore
1889,Erie,Walleye,,,Piscivore
1889,Erie,Walleye and Blue Pike,15486,,Piscivore
1889,Erie,Yellow Perch,3830,,Invertivore
1890,Erie,Blue Pike,7489,,Piscivore
1890,Erie,Channel Catfish and Bullheads,1926,,Benthic omnivore
1890,Erie,Cisco,44560,,Planktivore
1890,Erie,Lake Sturgeon,2660,,Benthic invertivore
1890,Erie,Lake Whitefish,2546,,Benthic invertivore
1890,Erie,Northern Pike,63,,Piscivore
1890,Erie,Sauger,4180,,Piscivore
1890,Erie,Suckers,,,Benthic omnivore
1890,Erie,Walleye,3922,,Piscivore
1890,Erie,Walleye and Blue Pike,10602,,Piscivore
1890,Erie,Yellow Perch,2900,,Invertivore
1891,Erie,Blue Pike,,,Piscivore
1891,Erie,Channel Catfish and Bullheads,,,Benthic omnivore
1891,Erie,Cisco,5543,,Planktivore
1891,Erie,Lake Sturgeon,388,,Benthic invertivore
1891,Erie,Lake Whitefish,350,,Benthic invertivore
1891,Erie,Northern Pike,43,,Piscivore
1891,Erie,Sauger,,,Piscivore
1891,Erie,Suckers,,,Benthic omnivore
1891,Erie,Walleye,,,Piscivore
1891,Erie,Walleye and Blue Pike,895,,Piscivore
1891,Erie,Yellow Perch,,,Invertivore
1892,Erie,Blue Pike,,,Piscivore
1892,Erie,Carp,20,,Benthic omnivore
1892,Erie,Channel Catfish and Bullheads,,,Benthic omnivore
1892,Erie,Cisco,6126,,Planktivore
1892,Erie,Lake Sturgeon,362,,Benthic invertivore
1892,Erie,Lake Whitefish,312,,Benthic invertivore
1892,Erie,Northern Pike,130,,Piscivore
1892,Erie,Sauger,,,Piscivore
1892,Erie,Suckers,,,Benthic omnivore
1892,Erie,Walleye,,,Piscivore
1892,Erie,Walleye and Blue Pike,1494,,Piscivore
1892,Erie,Yellow Perch,,,Invertivore
1893,Erie,Blue Pike,,,Piscivore
1893,Erie,Burbot,32,,Piscivore
1893,Erie,Carp,636,,Benthic omnivore
1893,Erie,Channel Catfish and Bullheads,777,,Benthic omnivore
1893,Erie,Cisco,27105,,Planktivore
1893,Erie,Lake Sturgeon,1151,,Benthic invertivore
1893,Erie,Lake Whitefish,1548,,Benthic invertivore
1893,Erie,Northern Pike,432,,Piscivore
1893,Erie,Sauger,,,Piscivore
1893,Erie,Suckers,1361,,Benthic omnivore
1893,Erie,Walleye,,,Piscivore
1893,Erie,Walleye and Blue Pike,13661,,Piscivore
1893,Erie,Yellow Perch,2595,,Invertivore
1894,Erie,Blue Pike,,,Piscivore
1894,Erie,Burbot,,,Piscivore
1894,Erie,Carp,226,,Benthic omnivore
1894,Erie,Channel Catfish and Bullheads,28,,Benthic omnivore
1894,Erie,Cisco,5224,,Planktivore
1894,Erie,Lake Sturgeon,391,,Benthic invertivore
1894,Erie,Lake Whitefish,153,,Benthic invertivore
1894,Erie,Northern Pike,40,,Piscivore
1894,Erie,Sauger,,,Piscivore
1894,Erie,Suckers,,,Benthic omnivore
1894,Erie,Walleye,,,Piscivore
1894,Erie,Walleye and Blue Pike,1922,,Piscivore
1894,Erie,Yellow Perch,563,,Invertivore
1895,Erie,Blue Pike,,,Piscivore
1895,Erie,Burbot,,,Piscivore
1895,Erie,Carp,,,Benthic omnivore
1895,Erie,Channel Catfish and Bullheads,28,,Benthic omnivore
1895,Erie,Cisco,5140,,Planktivore
1895,Erie,Lake Sturgeon,320,,Benthic invertivore
1895,Erie,Lake Whitefish,148,,Benthic invertivore
1895,Erie,Northern Pike,31,,Piscivore
1895,Erie,Sauger,,,Piscivore
1895,Erie,Suckers,,,Benthic omnivore
1895,Erie,Walleye,,,Piscivore
1895,Erie,Walleye and Blue Pike,1643,,Piscivore
1895,Erie,Yellow Perch,397,,Invertivore
1896,Erie,Blue Pike,,,Piscivore
1896,Erie,Burbot,,,Piscivore
1896,Erie,Carp,,,Benthic omnivore
1896,Erie,Channel Catfish and Bullheads,125,,Benthic omnivore
1896,Erie,Cisco,4275,,Planktivore
1896,Erie,Lake Sturgeon,218,,Benthic invertivore
1896,Erie,Lake Whitefish,126,,Benthic invertivore
1896,Erie,Northern Pike,190,,Piscivore
1896,Erie,Sauger,,,Piscivore
1896,Erie,Suckers,,,Benthic omnivore
1896,Erie,Walleye,,,Piscivore
1896,Erie,Walleye and Blue Pike,947,,Piscivore
1896,Erie,Yellow Perch,474,,Invertivore
1897,Erie,Blue Pike,4852,,Piscivore
1897,Erie,Burbot,,,Piscivore
1897,Erie,Carp,,,Benthic omnivore
1897,Erie,Channel Catfish and Bullheads,63,,Benthic omnivore
1897,Erie,Cisco,25103,,Planktivore
1897,Erie,Lake Sturgeon,549,,Benthic invertivore
1897,Erie,Lake Whitefish,1044,,Benthic invertivore
1897,Erie,Northern Pike,148,,Piscivore
1897,Erie,Sauger,4908,,Piscivore
1897,Erie,Suckers,,,Benthic omnivore
1897,Erie,Walleye,2621,,Piscivore
1897,Erie,Walleye and Blue Pike,7478,,Piscivore
1897,Erie,Yellow Perch,3753,,Invertivore
1898,Erie,Blue Pike,,,Piscivore
1898,Erie,Burbot,,,Piscivore
1898,Erie,Carp,,,Benthic omnivore
1898,Erie,Channel Catfish and Bullheads,65,,Benthic omnivore
1898,Erie,Cisco,4860,,Planktivore
1898,Erie,Lake Sturgeon,285,,Benthic invertivore
1898,Erie,Lake Whitefish,245,,Benthic invertivore
1898,Erie,Northern Pike,145,,Piscivore
1898,Erie,Sauger,,,Piscivore
1898,Erie,Suckers,,,Benthic omnivore
1898,Erie,Walleye,,,Piscivore
1898,Erie,Walleye and Blue Pike,802,,Piscivore
1898,Erie,Yellow Perch,379,,Invertivore
1899,Erie,Blue Pike,4545,,Piscivore
1899,Erie,Burbot,1,,Piscivore
1899,Erie,Carp,3634,,Benthic omnivore
1899,Erie,Channel Catfish and Bullheads,1002,,Benthic omnivore
1899,Erie,Cisco,39705,,Planktivore
1899,Erie,Freshwater Drum,1147,,Benthic invertivore
1899,Erie,Lake Sturgeon,960,,Benthic invertivore
1899,Erie,Lake Whitefish,2584,,Benthic invertivore
1899,Erie,Northern Pike,884,,Piscivore
1899,Erie,Sauger,3067,,Piscivore
1899,Erie,Suckers,1628,,Benthic omnivore
1899,Erie,Walleye,3108,,Piscivore
1899,Erie,Walleye and Blue Pike,7661,,Piscivore
1899,Erie,White Bass,1578,,Piscivore
1899,Erie,Yellow Perch,3732,,Invertivore
1900,Erie,Blue Pike,,,Piscivore
1900,Erie,Burbot,,,Piscivore
1900,Erie,Carp,,,Benthic omnivore
1900,Erie,Channel Catfish and Bullheads,88,,Benthic omnivore
1900,Erie,Cisco,6527,,Planktivore
1900,Erie,Freshwater Drum,,,Benthic invertivore
1900,Erie,Lake Sturgeon,169,,Benthic invertivore
1900,Erie,Lake Whitefish,401,,Benthic invertivore
1900,Erie,Northern Pike,822,,Piscivore
1900,Erie,Sauger,,,Piscivore
1900,Erie,Suckers,,,Benthic omnivore
1900,Erie,Walleye,,,Piscivore
1900,Erie,Walleye and Blue Pike,1218,,Piscivore
1900,Erie,White Bass,,,Piscivore
1900,Erie,Yellow Perch,695,,Invertivore
1901,Erie,Blue Pike,,,Piscivore
1901,Erie,Burbot,,,Piscivore
1901,Erie,Carp,,,Benthic omnivore
1901,Erie,Channel Catfish and Bullheads,103,,Benthic omnivore
1901,Erie,Cisco,4860,,Planktivore
1901,Erie,Freshwater Drum,,,Benthic invertivore
1901,Erie,Lake Sturgeon,168,,Benthic invertivore
1901,Erie,Lake Whitefish,526,,Benthic invertivore
1901,Erie,Northern Pike,1121,,Piscivore
1901,Erie,Sauger,,,Piscivore
1901,Erie,Suckers,,,Benthic omnivore
1901,Erie,Walleye,,,Piscivore
1901,Erie,Walleye and Blue Pike,1851,,Piscivore
1901,Erie,White Bass,,,Piscivore
1901,Erie,Yellow Perch,508,,Invertivore
1902,Erie,Blue Pike,,,Piscivore
1902,Erie,Burbot,,,Piscivore
1902,Erie,Carp,,,Benthic omnivore
1902,Erie,Channel Catfish and Bullheads,82,,Benthic omnivore
1902,Erie,Cisco,2518,,Planktivore
1902,Erie,Freshwater Drum,,,Benthic invertivore
1902,Erie,Lake Sturgeon,145,,Benthic invertivore
1902,Erie,Lake Whitefish,450,,Benthic invertivore
1902,Erie,Northern Pike,1074,,Piscivore
1902,Erie,Sauger,,,Piscivore
1902,Erie,Suckers,,,Benthic omnivore
1902,Erie,Walleye,,,Piscivore
1902,Erie,Walleye and Blue Pike,1455,,Piscivore
1902,Erie,White Bass,,,Piscivore
1902,Erie,Yellow Perch,566,,Invertivore
1903,Erie,Blue Pike,4915,,Piscivore
1903,Erie,Burbot,14,,Piscivore
1903,Erie,Carp,3547,,Benthic omnivore
1903,Erie,Channel Catfish and Bullheads,261,,Benthic omnivore
1903,Erie,Cisco,10522,,Planktivore
1903,Erie,Freshwater Drum,643,,Benthic invertivore
1903,Erie,Lake Sturgeon,445,,Benthic invertivore
1903,Erie,Lake Whitefish,637,,Benthic invertivore
1903,Erie,Northern Pike,865,,Piscivore
1903,Erie,Sauger,2014,,Piscivore
1903,Erie,Suckers,877,,Benthic omnivore
1903,Erie,Walleye,1598,,Piscivore
1903,Erie,Walleye and Blue Pike,6981,,Piscivore
1903,Erie,White Bass,33,,Piscivore
1903,Erie,Yellow Perch,1292,,Invertivore
1904,Erie,Blue Pike,,,Piscivore
1904,Erie,Burbot,,,Piscivore
1904,Erie,Carp,,,Benthic omnivore
1904,Erie,Channel Catfish and Bullheads,80,,Benthic omnivore
1904,Erie,Cisco,2650,,Planktivore
1904,Erie,Freshwater Drum,,,Benthic invertivore
1904,Erie,Lake Sturgeon,112,,Benthic invertivore
1904,Erie,Lake Whitefish,364,,Benthic invertivore
1904,Erie,Northern Pike,1159,,Piscivore
1904,Erie,Sauger,,,Piscivore
1904,Erie,Suckers,,,Benthic omnivore
1904,Erie,Walleye,,,Piscivore
1904,Erie,Walleye and Blue Pike,1064,,Piscivore
1904,Erie,White Bass,,,Piscivore
1904,Erie,Yellow Perch,598,,Invertivore
1905,Erie,Blue Pike,,,Piscivore
1905,Erie,Burbot,,,Piscivore
1905,Erie,Carp,,,Benthic omnivore
1905,Erie,Channel Catfish and Bullheads,97,,Benthic omnivore
1905,Erie,Cisco,3015,,Planktivore
1905,Erie,Freshwater Drum,,,Benthic invertivore
1905,Erie,Lake Sturgeon,74,,Benthic invertivore
1905,Erie,Lake Whitefish,304,,Benthic invertivore
1905,Erie,Northern Pike,936,,Piscivore
1905,Erie,Sauger,,,Piscivore
1905,Erie,Suckers,,,Benthic omnivore
1905,Erie,Walleye,,,Piscivore
1905,Erie,Walleye and Blue Pike,1692,,Piscivore
1905,Erie,White Bass,,,Piscivore
1905,Erie,Yellow Perch,553,,Invertivore
1906,Erie,Blue Pike,,,Piscivore
1906,Erie,Burbot,,,Piscivore
1906,Erie,Carp,,,Benthic omnivore
1906,Erie,Channel Catfish and Bullheads,85,,Benthic omnivore
1906,Erie,Cisco,2845,,Planktivore
1906,Erie,Freshwater Drum,,,Benthic invertivore
1906,Erie,Lake Sturgeon,66,,Benthic invertivore
1906,Erie,Lake Whitefish,359,,Benthic invertivore
1906,Erie,Northern Pike,1387,,Piscivore
1906,Erie,Sauger,,,Piscivore
1906,Erie,Suckers,,,Benthic omnivore
1906,Erie,Walleye,,,Piscivore
1906,Erie,Walleye and Blue Pike,1557,,Piscivore
1906,Erie,White Bass,,,Piscivore
1906,Erie,Yellow Perch,334,,Invertivore
1907,Erie,Blue Pike,,,Piscivore
1907,Erie,Burbot,,,Piscivore
1907,Erie,Carp,,,Benthic omnivore
1907,Erie,Channel Catfish and Bullheads,69,,Benthic omnivore
1907,Erie,Cisco,2821,,Planktivore
1907,Erie,Freshwater Drum,,,Benthic invertivore
1907,Erie,Lake Sturgeon,52,,Benthic invertivore
1907,Erie,Lake Whitefish,634,,Benthic invertivore
1907,Erie,Sauger,,,Piscivore
1907,Erie,Suckers,,,Benthic omnivore
1907,Erie,Walleye,,,Piscivore
1907,Erie,Walleye and Blue Pike,1896,,Piscivore
1907,Erie,White Bass,,,Piscivore
1907,Erie,Yellow Perch,473,,Invertivore
1908,Erie,Blue Pike,8734,,Piscivore
1908,Erie,Burbot,147,,Piscivore
1908,Erie,Carp,8983,,Benthic omnivore
1908,Erie,Channel Catfish and Bullheads,550,,Benthic omnivore
1908,Erie,Cisco,15900,,Planktivore
1908,Erie,Freshwater Drum,1394,,Benthic invertivore
1908,Erie,Lake Sturgeon,170,,Benthic invertivore
1908,Erie,Lake Whitefish,2372,,Benthic invertivore
1908,Erie,Northern Pike,2874,,Piscivore
1908,Erie,Sauger,2557,,Piscivore
1908,Erie,Suckers,1810,,Benthic omnivore
1908,Erie,Walleye,5005,,Piscivore
1908,Erie,Walleye and Blue Pike,13323,,Piscivore
1908,Erie,White Bass,222,,Piscivore
1908,Erie,Yellow Perch,2386,,Invertivore
1909,Erie,Blue Pike,,,Piscivore
1909,Erie,Burbot,,,Piscivore
1909,Erie,Carp,312,,Benthic omnivore
1909,Erie,Channel Catfish and Bullheads,31,,Benthic omnivore
1909,Erie,Cisco,4677,,Planktivore
1909,Erie,Freshwater Drum,,,Benthic invertivore
1909,Erie,Lake Sturgeon,47,,Benthic invertivore
1909,Erie,Lake Whitefish,2597,,Benthic invertivore
1909,Erie,Northern Pike,2703,,Piscivore
1909,Erie,Sauger,,,Piscivore
1909,Erie,Suckers,,,Benthic omnivore
1909,Erie,Walleye,,,Piscivore
1909,Erie,Walleye and Blue Pike,1005,,Piscivore
1909,Erie,White Bass,,MI: Commercial fishing prohibited from 1909-1933.,Piscivore
1909,Erie,Yellow Perch,581,,Invertivore
1910,Erie,Blue Pike,,,Piscivore
1910,Erie,Burbot,,,Piscivore
1910,Erie,Carp,980,,Benthic omnivore
1910,Erie,Channel Catfish and Bullheads,30,,Benthic omnivore
1910,Erie,Cisco,6960,,Planktivore
1910,Erie,Freshwater Drum,,,Benthic invertivore
1910,Erie,Lake Sturgeon,61,,Benthic invertivore
1910,Erie,Lake Whitefish,1384,,Benthic invertivore
1910,Erie,Northern Pike,2156,,Piscivore
1910,Erie,Sauger,,,Piscivore
1910,Erie,Suckers,,,Benthic omnivore
1910,Erie,Walleye,,,Piscivore
1910,Erie,Walleye and Blue Pike,924,,Piscivore
1910,Erie,White Bass,,,Piscivore
1910,Erie,Yellow Perch,674,,Invertivore
1911,Erie,Blue Pike,,,Piscivore
1911,Erie,Burbot,,,Piscivore
1911,Erie,Carp,645,,Benthic omnivore
1911,Erie,Channel Catfish and Bullheads,50,,Benthic omnivore
1911,Erie,Cisco,9955,,Planktivore
1911,Erie,Freshwater Drum,,,Benthic invertivore
1911,Erie,Lake Sturgeon,68,,Benthic invertivore
1911,Erie,Lake Whitefish,1139,,Benthic invertivore
1911,Erie,Northern Pike,1099,,Piscivore
1911,Erie,Sauger,,,Piscivore
1911,Erie,Suckers,,,Benthic omnivore
1911,Erie,Walleye,,,Piscivore
1911,Erie,Walleye and Blue Pike,802,,Piscivore
1911,Erie,White Bass,,,Piscivore
1911,Erie,Yellow Perch,847,,Invertivore
1912,Erie,Blue Pike,,,Piscivore
1912,Erie,Burbot,,,Piscivore
1912,Erie,Carp,1618,,Benthic omnivore
1912,Erie,Channel Catfish and Bullheads,53,,Benthic omnivore
1912,Erie,Cisco,13956,,Planktivore
1912,Erie,Freshwater Drum,,,Benthic invertivore
1912,Erie,Lake Sturgeon,52,,Benthic invertivore
1912,Erie,Lake Whitefish,2922,,Benthic invertivore
1912,Erie,Northern Pike,1485,,Piscivore
1912,Erie,Sauger,,,Piscivore
1912,Erie,Suckers,137,,Benthic omnivore
1912,Erie,Walleye,134,,Piscivore
1912,Erie,Walleye and Blue Pike,975,,Piscivore
1912,Erie,White Bass,,,Piscivore
1912,Erie,Yellow Perch,1195,,Invertivore
1913,Erie,Blue Pike,5843,OH: Records cover only part of season.,Piscivore
1913,Erie,Bullheads,48,OH: Records cover only part of season.,Benthic omnivore
1913,Erie,Burbot,42,OH: Records cover only part of season.,Piscivore
1913,Erie,Carp,2172,OH: Records cover only part of season.,Benthic omnivore
1913,Erie,Channel Catfish,110,OH: Records cover only part of season.,Benthic omnivore
1913,Erie,Channel Catfish and Bullheads,188,OH: Records cover only part of season.,Benthic omnivore
1913,Erie,Cisco,11651,OH: records cover only part of fishing season,Planktivore
1913,Erie,Freshwater Drum,596,OH: Records cover only part of season.,Benthic invertivore
1913,Erie,Lake Sturgeon,48,OH:Records cover only part of the fishing season.,Benthic invertivore
1913,Erie,Lake Whitefish,3489,OH: records cover part of season,Benthic invertivore
1913,Erie,Northern Pike,2288,,Piscivore
1913,Erie,Sauger,1248,OH: Records cover only part of season.,Piscivore
1913,Erie,Suckers,465,OH: Records cover only part of season.,Benthic omnivore
1913,Erie,Walleye,696,OH: Records cover only part of season. ,Piscivore
1913,Erie,Walleye and Blue Pike,964,OH: Records cover only part of season. ,Piscivore
1913,Erie,White Bass,512,OH: Records cover only part of season.,Piscivore
1913,Erie,Yellow Perch,1824,OH: Records cover only part of season.,Invertivore
1914,Erie,Blue Pike,11859,,Piscivore
1914,Erie,Bullheads,185,,Benthic omnivore
1914,Erie,Burbot,109,,Piscivore
1914,Erie,Carp,13419,,Benthic omnivore
1914,Erie,Channel Catfish,584,,Benthic omnivore
1914,Erie,Channel Catfish and Bullheads,934,,Benthic omnivore
1914,Erie,Cisco,20344,,Planktivore
1914,Erie,Freshwater Drum,2282,,Benthic invertivore
1914,Erie,Lake Sturgeon,77,,Benthic invertivore
1914,Erie,Lake Whitefish,4126,,Benthic invertivore
1914,Erie,Northern Pike,2927,,Piscivore
1914,Erie,Sauger,4561,,Piscivore
1914,Erie,Suckers,1351,,Benthic omnivore
1914,Erie,Walleye,3598,,Piscivore
1914,Erie,Walleye and Blue Pike,15812,,Piscivore
1914,Erie,White Bass,478,,Piscivore
1914,Erie,Yellow Perch,3447,,Invertivore
1915,Erie,Blue Pike,23643,,Piscivore
1915,Erie,Bullheads,186,,Benthic omnivore
1915,Erie,Burbot,46,,Piscivore
1915,Erie,Carp,10519,,Benthic omnivore
1915,Erie,Channel Catfish,405,,Benthic omnivore
1915,Erie,Channel Catfish and Bullheads,629,,Benthic omnivore
1915,Erie,Cisco,21573,,Planktivore
1915,Erie,Freshwater Drum,2212,,Benthic invertivore
1915,Erie,Lake Sturgeon,76,,Benthic invertivore
1915,Erie,Lake Whitefish,2977,,Benthic invertivore
1915,Erie,Northern Pike,630,,Piscivore
1915,Erie,Sauger,4523,,Piscivore
1915,Erie,Suckers,1123,,Benthic omnivore
1915,Erie,Walleye,2443,,Piscivore
1915,Erie,White Bass,694,,Piscivore
1915,Erie,Yellow Perch,2975,,Invertivore
1916,Erie,Blue Pike,11919,,Piscivore
1916,Erie,Bullheads,453,,Benthic omnivore
1916,Erie,Burbot,247,,Piscivore
1916,Erie,Carp,6640,,Benthic omnivore
1916,Erie,Channel Catfish,794,,Benthic omnivore
1916,Erie,Channel Catfish and Bullheads,1269,,Benthic omnivore
1916,Erie,Cisco,13571,,Planktivore
1916,Erie,Freshwater Drum,2384,,Benthic invertivore
1916,Erie,Lake Sturgeon,105,,Benthic invertivore
1916,Erie,Lake Whitefish,2017,,Benthic invertivore
1916,Erie,Northern Pike,437,,Piscivore
1916,Erie,Sauger,6181,,Piscivore
1916,Erie,Suckers,1321,,Benthic omnivore
1916,Erie,Walleye,2630,,Piscivore
1916,Erie,White Bass,343,,Piscivore
1916,Erie,Yellow Perch,2407,,Invertivore
1917,Erie,Blue Pike,2171,,Piscivore
1917,Erie,Bullheads,139,,Benthic omnivore
1917,Erie,Burbot,31,,Piscivore
1917,Erie,Carp,6461,,Benthic omnivore
1917,Erie,Channel Catfish,2051,,Benthic omnivore
1917,Erie,Channel Catfish and Bullheads,2229,,Benthic omnivore
1917,Erie,Cisco,33624,,Planktivore
1917,Erie,Freshwater Drum,3013,,Benthic invertivore
1917,Erie,Lake Sturgeon,74,,Benthic invertivore
1917,Erie,Lake Whitefish,3017,,Benthic invertivore
1917,Erie,Northern Pike,142,,Piscivore
1917,Erie,Sauger,4334,,Piscivore
1917,Erie,Suckers,1058,,Benthic omnivore
1917,Erie,Walleye,1847,,Piscivore
1917,Erie,White Bass,333,,Piscivore
1917,Erie,Yellow Perch,2253,,Invertivore
1918,Erie,Blue Pike,2008,,Piscivore
1918,Erie,Bullheads,133,,Benthic omnivore
1918,Erie,Burbot,355,,Piscivore
1918,Erie,Carp,4884,,Benthic omnivore
1918,Erie,Channel Catfish,287,,Benthic omnivore
1918,Erie,Channel Catfish and Bullheads,468,,Benthic omnivore
1918,Erie,Cisco,48821,,Planktivore
1918,Erie,Freshwater Drum,2982,,Benthic invertivore
1918,Erie,Lake Sturgeon,67,,Benthic invertivore
1918,Erie,Lake Whitefish,2729,,Benthic invertivore
1918,Erie,Northern Pike,229,,Piscivore
1918,Erie,Sauger,2095,,Piscivore
1918,Erie,Suckers,911,,Benthic omnivore
1918,Erie,Walleye,1004,,Piscivore
1918,Erie,White Bass,129,,Piscivore
1918,Erie,Yellow Perch,3144,,Invertivore
1919,Erie,Blue Pike,4063,,Piscivore
1919,Erie,Bullheads,528,,Benthic omnivore
1919,Erie,Burbot,438,,Piscivore
1919,Erie,Carp,3340,,Benthic omnivore
1919,Erie,Channel Catfish,563,,Benthic omnivore
1919,Erie,Channel Catfish and Bullheads,1127,,Benthic omnivore
1919,Erie,Cisco,26173,,Planktivore
1919,Erie,Freshwater Drum,2119,,Benthic invertivore
1919,Erie,Lake Sturgeon,62,,Benthic invertivore
1919,Erie,Lake Whitefish,2805,,Benthic invertivore
1919,Erie,Northern Pike,745,,Piscivore
1919,Erie,Sauger,2652,,Piscivore
1919,Erie,Suckers,954,,Benthic omnivore
1919,Erie,Walleye,744,,Piscivore
1919,Erie,White Bass,193,,Piscivore
1919,Erie,Yellow Perch,3872,,Invertivore
1920,Erie,Blue Pike,7320,,Piscivore
1920,Erie,Bullheads,173,,Benthic omnivore
1920,Erie,Burbot,416,,Piscivore
1920,Erie,Carp,4534,,Benthic omnivore
1920,Erie,Channel Catfish,557,,Benthic omnivore
1920,Erie,Channel Catfish and Bullheads,772,,Benthic omnivore
1920,Erie,Cisco,22544,,Planktivore
1920,Erie,Freshwater Drum,1926,,Benthic invertivore
1920,Erie,Lake Sturgeon,10,ONT: Commercial fishing for lake sturgeon prohibited in Canadian waters. ,Benthic invertivore
1920,Erie,Lake Whitefish,2264,,Benthic invertivore
1920,Erie,Northern Pike,144,,Piscivore
1920,Erie,Sauger,2926,,Piscivore
1920,Erie,Suckers,1062,,Benthic omnivore
1920,Erie,Walleye,1055,,Piscivore
1920,Erie,White Bass,504,,Piscivore
1920,Erie,Yellow Perch,2531,,Invertivore
1921,Erie,Blue Pike,15311,,Piscivore
1921,Erie,Bullheads,223,,Benthic omnivore
1921,Erie,Burbot,442,,Piscivore
1921,Erie,Carp,6887,,Benthic omnivore
1921,Erie,Channel Catfish,1199,,Benthic omnivore
1921,Erie,Channel Catfish and Bullheads,1468,,Benthic omnivore
1921,Erie,Cisco,20189,,Planktivore
1921,Erie,Freshwater Drum,2841,,Benthic invertivore
1921,Erie,Lake Sturgeon,8,ONT: Commercial fishing for lake sturgeon prohibited in Canadian waters. ,Benthic invertivore
1921,Erie,Lake Whitefish,1890,,Benthic invertivore
1921,Erie,Northern Pike,127,,Piscivore
1921,Erie,Sauger,5004,,Piscivore
1921,Erie,Suckers,1420,,Benthic omnivore
1921,Erie,Walleye,1349,,Piscivore
1921,Erie,White Bass,841,,Piscivore
1921,Erie,Yellow Perch,4157,,Invertivore
1922,Erie,Blue Pike,16673,,Piscivore
1922,Erie,Bullheads,152,,Benthic omnivore
1922,Erie,Burbot,262,,Piscivore
1922,Erie,Carp,4120,,Benthic omnivore
1922,Erie,Channel Catfish,553,,Benthic omnivore
1922,Erie,Channel Catfish and Bullheads,762,,Benthic omnivore
1922,Erie,Cisco,20329,,Planktivore
1922,Erie,Freshwater Drum,1371,,Benthic invertivore
1922,Erie,Lake Sturgeon,52,,Benthic invertivore
1922,Erie,Lake Whitefish,1540,,Benthic invertivore
1922,Erie,Northern Pike,150,,Piscivore
1922,Erie,Sauger,3409,,Piscivore
1922,Erie,Suckers,991,,Benthic omnivore
1922,Erie,Walleye,2770,,Piscivore
1922,Erie,White Bass,821,,Piscivore
1922,Erie,Yellow Perch,4036,,Invertivore
1923,Erie,Blue Pike,12877,,Piscivore
1923,Erie,Bullheads,107,,Benthic omnivore
1923,Erie,Burbot,254,,Piscivore
1923,Erie,Carp,3500,,Benthic omnivore
1923,Erie,Channel Catfish,530,,Benthic omnivore
1923,Erie,Channel Catfish and Bullheads,699,,Benthic omnivore
1923,Erie,Cisco,30171,,Planktivore
1923,Erie,Freshwater Drum,1456,,Benthic invertivore
1923,Erie,Lake Sturgeon,41,,Benthic invertivore
1923,Erie,Lake Whitefish,1025,,Benthic invertivore
1923,Erie,Northern Pike,135,,Piscivore
1923,Erie,Sauger,3312,,Piscivore
1923,Erie,Suckers,1038,,Benthic omnivore
1923,Erie,Walleye,1739,,Piscivore
1923,Erie,White Bass,300,,Piscivore
1923,Erie,Yellow Perch,4266,,Invertivore
1924,Erie,Blue Pike,11955,,Piscivore
1924,Erie,Bullheads,28,,Benthic omnivore
1924,Erie,Burbot,142,,Piscivore
1924,Erie,Carp,1549,,Benthic omnivore
1924,Erie,Channel Catfish,248,,Benthic omnivore
1924,Erie,Channel Catfish and Bullheads,333,,Benthic omnivore
1924,Erie,Cisco,32201,,Planktivore
1924,Erie,Freshwater Drum,2289,,Benthic invertivore
1924,Erie,Lake Sturgeon,51,,Benthic invertivore
1924,Erie,Lake Whitefish,912,,Benthic invertivore
1924,Erie,Northern Pike,79,,Piscivore
1924,Erie,Sauger,1829,,Piscivore
1924,Erie,Suckers,684,,Benthic omnivore
1924,Erie,Walleye,1635,,Piscivore
1924,Erie,White Bass,182,,Piscivore
1924,Erie,Yellow Perch,4133,,Invertivore
1925,Erie,Blue Pike,7377,,Piscivore
1925,Erie,Bullheads,5,,Benthic omnivore
1925,Erie,Burbot,9,,Piscivore
1925,Erie,Carp,2583,,Benthic omnivore
1925,Erie,Channel Catfish,11,,Benthic omnivore
1925,Erie,Channel Catfish and Bullheads,727,,Benthic omnivore
1925,Erie,Cisco,5757,,Planktivore
1925,Erie,Freshwater Drum,41,,Benthic invertivore
1925,Erie,Lake Sturgeon,42,,Benthic invertivore
1925,Erie,Lake Whitefish,1616,,Benthic invertivore
1925,Erie,Northern Pike,36,,Piscivore
1925,Erie,Sauger,2119,,Piscivore
1925,Erie,Suckers,905,,Benthic omnivore
1925,Erie,Walleye,1469,,Piscivore
1925,Erie,White Bass,,,Piscivore
1925,Erie,Yellow Perch,4310,,Invertivore
1926,Erie,Blue Pike,12315,,Piscivore
1926,Erie,Bullheads,20,,Benthic omnivore
1926,Erie,Burbot,282,,Piscivore
1926,Erie,Carp,4400,,Benthic omnivore
1926,Erie,Channel Catfish,10,,Benthic omnivore
1926,Erie,Channel Catfish and Bullheads,739,,Benthic omnivore
1926,Erie,Cisco,3022,,Planktivore
1926,Erie,Freshwater Drum,1213,,Benthic invertivore
1926,Erie,Lake Sturgeon,57,,Benthic invertivore
1926,Erie,Lake Whitefish,1828,,Benthic invertivore
1926,Erie,Northern Pike,24,,Piscivore
1926,Erie,Sauger,1551,,Piscivore
1926,Erie,Suckers,1044,,Benthic omnivore
1926,Erie,Walleye,1466,,Piscivore
1926,Erie,White Bass,158,,Piscivore
1926,Erie,Yellow Perch,4337,,Invertivore
1927,Erie,Blue Pike,10380,,Piscivore
1927,Erie,Bullheads,,,Benthic omnivore
1927,Erie,Burbot,358,,Piscivore
1927,Erie,Carp,1895,,Benthic omnivore
1927,Erie,Channel Catfish,,,Benthic omnivore
1927,Erie,Channel Catfish and Bullheads,599,,Benthic omnivore
1927,Erie,Cisco,4659,,Planktivore
1927,Erie,Freshwater Drum,4319,,Benthic invertivore
1927,Erie,Lake Sturgeon,47,,Benthic invertivore
1927,Erie,Lake Whitefish,1372,,Benthic invertivore
1927,Erie,Northern Pike,23,,Piscivore
1927,Erie,Sauger,1168,,Piscivore
1927,Erie,Suckers,1142,,Benthic omnivore
1927,Erie,Walleye,1531,,Piscivore
1927,Erie,White Bass,121,,Piscivore
1927,Erie,Yellow Perch,5237,,Invertivore
1928,Erie,Blue Pike,6923,,Piscivore
1928,Erie,Bullheads,36,,Benthic omnivore
1928,Erie,Burbot,410,,Piscivore
1928,Erie,Carp,1246,,Benthic omnivore
1928,Erie,Channel Catfish,221,,Benthic omnivore
1928,Erie,Channel Catfish and Bullheads,316,,Benthic omnivore
1928,Erie,Cisco,1891,,Planktivore
1928,Erie,Freshwater Drum,2918,,Benthic invertivore
1928,Erie,Lake Sturgeon,50,,Benthic invertivore
1928,Erie,Lake Whitefish,1962,,Benthic invertivore
1928,Erie,Northern Pike,16,,Piscivore
1928,Erie,Sauger,1506,,Piscivore
1928,Erie,Suckers,1318,,Benthic omnivore
1928,Erie,Walleye,1496,,Piscivore
1928,Erie,White Bass,286,,Piscivore
1928,Erie,Yellow Perch,8605,,Invertivore
1929,Erie,Blue Pike,5359,,Piscivore
1929,Erie,Bullheads,61,,Benthic omnivore
1929,Erie,Burbot,368,,Piscivore
1929,Erie,Carp,1177,,Benthic omnivore
1929,Erie,Channel Catfish,215,,Benthic omnivore
1929,Erie,Channel Catfish and Bullheads,394,,Benthic omnivore
1929,Erie,Cisco,489,,Planktivore
1929,Erie,Freshwater Drum,2970,,Benthic invertivore
1929,Erie,Goldfish,22,,Benthic omnivore
1929,Erie,Lake Sturgeon,29,MI: Commercial fishing for lake sturgeon prohibited. ,Benthic invertivore
1929,Erie,Lake Whitefish,2347,,Benthic invertivore
1929,Erie,Northern Pike,38,,Piscivore
1929,Erie,Sauger,1545,,Piscivore
1929,Erie,Suckers,1293,,Benthic omnivore
1929,Erie,Walleye,1068,,Piscivore
1929,Erie,White Bass,155,,Piscivore
1929,Erie,Yellow Perch,11732,,Invertivore
1930,Erie,Blue Pike,17690,,Piscivore
1930,Erie,Bullheads,124,,Benthic omnivore
1930,Erie,Burbot,405,,Piscivore
1930,Erie,Carp,2176,,Benthic omnivore
1930,Erie,Channel Catfish,178,,Benthic omnivore
1930,Erie,Channel Catfish and Bullheads,417,,Benthic omnivore
1930,Erie,Cisco,853,,Planktivore
1930,Erie,Freshwater Drum,2886,,Benthic invertivore
1930,Erie,Goldfish,80,,Benthic omnivore
1930,Erie,Lake Sturgeon,43,MI: Commercial fishing for lake sturgeon prohibited. ,Benthic invertivore
1930,Erie,Lake Whitefish,2610,,Benthic invertivore
1930,Erie,Northern Pike,50,,Piscivore
1930,Erie,Sauger,1532,,Piscivore
1930,Erie,Suckers,2024,,Benthic omnivore
1930,Erie,Walleye,2165,,Piscivore
1930,Erie,White Bass,484,,Piscivore
1930,Erie,Yellow Perch,7760,,Invertivore
1931,Erie,Blue Pike,18000,,Piscivore
1931,Erie,Bullheads,379,,Benthic omnivore
1931,Erie,Burbot,271,,Piscivore
1931,Erie,Carp,2829,,Benthic omnivore
1931,Erie,Channel Catfish,118,,Benthic omnivore
1931,Erie,Channel Catfish and Bullheads,651,,Benthic omnivore
1931,Erie,Cisco,1295,,Planktivore
1931,Erie,Freshwater Drum,1625,,Benthic invertivore
1931,Erie,Goldfish,91,,Benthic omnivore
1931,Erie,Lake Sturgeon,38,MI: Commercial fishing for lake sturgeon prohibited. ,Benthic invertivore
1931,Erie,Lake Whitefish,2379,,Benthic invertivore
1931,Erie,Northern Pike,87,,Piscivore
1931,Erie,Sauger,2026,,Piscivore
1931,Erie,Suckers,1417,,Benthic omnivore
1931,Erie,Walleye,3011,,Piscivore
1931,Erie,White Bass,418,,Piscivore
1931,Erie,Yellow Perch,13327,,Invertivore
1932,Erie,Blue Pike,13828,,Piscivore
1932,Erie,Bullheads,345,,Benthic omnivore
1932,Erie,Burbot,251,,Piscivore
1932,Erie,Carp,3425,,Benthic omnivore
1932,Erie,Channel Catfish,264,,Benthic omnivore
1932,Erie,Channel Catfish and Bullheads,697,,Benthic omnivore
1932,Erie,Cisco,1011,,Planktivore
1932,Erie,Freshwater Drum,2145,,Benthic invertivore
1932,Erie,Goldfish,98,,Benthic omnivore
1932,Erie,Lake Sturgeon,44,MI: Commercial fishing for lake sturgeon prohibited. ,Benthic invertivore
1932,Erie,Lake Whitefish,2080,,Benthic invertivore
1932,Erie,Northern Pike,62,,Piscivore
1932,Erie,Sauger,3151,,Piscivore
1932,Erie,Suckers,1322,,Benthic omnivore
1932,Erie,Walleye,2320,,Piscivore
1932,Erie,White Bass,253,,Piscivore
1932,Erie,Yellow Perch,14770,,Invertivore
1933,Erie,Blue Pike,12938,,Piscivore
1933,Erie,Bullheads,64,,Benthic omnivore
1933,Erie,Burbot,251,,Piscivore
1933,Erie,Carp,2648,,Benthic omnivore
1933,Erie,Channel Catfish,9,,Benthic omnivore
1933,Erie,Channel Catfish and Bullheads,1097,,Benthic omnivore
1933,Erie,Cisco,313,,Planktivore
1933,Erie,Freshwater Drum,3007,,Benthic invertivore
1933,Erie,Goldfish,100,,Benthic omnivore
1933,Erie,Lake Sturgeon,31,MI: Commercial fishing for lake sturgeon prohibited. ,Benthic invertivore
1933,Erie,Lake Whitefish,1707,,Benthic invertivore
1933,Erie,Northern Pike,91,,Piscivore
1933,Erie,Sauger,2219,,Piscivore
1933,Erie,Suckers,1525,,Benthic omnivore
1933,Erie,Walleye,1431,,Piscivore
1933,Erie,White Bass,395,,Piscivore
1933,Erie,Yellow Perch,6164,,Invertivore
1934,Erie,Blue Pike,10654,,Piscivore
1934,Erie,Bullheads,55,,Benthic omnivore
1934,Erie,Burbot,254,,Piscivore
1934,Erie,Carp,2219,,Benthic omnivore
1934,Erie,Channel Catfish,10,,Benthic omnivore
1934,Erie,Channel Catfish and Bullheads,640,,Benthic omnivore
1934,Erie,Cisco,346,,Planktivore
1934,Erie,Freshwater Drum,2241,,Benthic invertivore
1934,Erie,Goldfish,68,,Benthic omnivore
1934,Erie,Lake Sturgeon,43,MI: Commercial fishing for lake sturgeon prohibited. ,Benthic invertivore
1934,Erie,Lake Whitefish,1695,,Benthic invertivore
1934,Erie,Northern Pike,20,,Piscivore
1934,Erie,Sauger,785,,Piscivore
1934,Erie,Suckers,1024,,Benthic omnivore
1934,Erie,Walleye,1638,,Piscivore
1934,Erie,White Bass,684,,Piscivore
1934,Erie,Yellow Perch,19889,,Invertivore
1935,Erie,Blue Pike,14750,,Piscivore
1935,Erie,Bullheads,112,,Benthic omnivore
1935,Erie,Burbot,303,,Piscivore
1935,Erie,Carp,2569,,Benthic omnivore
1935,Erie,Channel Catfish,437,,Benthic omnivore
1935,Erie,Channel Catfish and Bullheads,616,,Benthic omnivore
1935,Erie,Cisco,167,,Planktivore
1935,Erie,Freshwater Drum,2350,,Benthic invertivore
1935,Erie,Goldfish,158,,Benthic omnivore
1935,Erie,Lake Sturgeon,40,MI: Commercial fishing for lake sturgeon prohibited. ,Benthic invertivore
1935,Erie,Lake Whitefish,2185,,Benthic invertivore
1935,Erie,Northern Pike,10,,Piscivore
1935,Erie,Sauger,1537,,Piscivore
1935,Erie,Suckers,1087,,Benthic omnivore
1935,Erie,Walleye,2103,,Piscivore
1935,Erie,White Bass,741,,Piscivore
1935,Erie,Yellow Perch,14679,,Invertivore
1936,Erie,Blue Pike,26787,,Piscivore
1936,Erie,Bullheads,24,,Benthic omnivore
1936,Erie,Burbot,455,,Piscivore
1936,Erie,Carp,3048,,Benthic omnivore
1936,Erie,Channel Catfish,12,,Benthic omnivore
1936,Erie,Channel Catfish and Bullheads,646,,Benthic omnivore
1936,Erie,Cisco,147,,Planktivore
1936,Erie,Freshwater Drum,3500,,Benthic invertivore
1936,Erie,Goldfish,336,,Benthic omnivore
1936,Erie,Lake Sturgeon,25,MI: Commercial fishing for lake sturgeon prohibited. ,Benthic invertivore
1936,Erie,Lake Whitefish,2926,,Benthic invertivore
1936,Erie,Northern Pike,3,,Piscivore
1936,Erie,Sauger,1737,,Piscivore
1936,Erie,Suckers,946,,Benthic omnivore
1936,Erie,Walleye,2963,,Piscivore
1936,Erie,White Bass,664,,Piscivore
1936,Erie,Yellow Perch,3305,,Invertivore
1937,Erie,Blue Pike,20317,,Piscivore
1937,Erie,Bullheads,33,,Benthic omnivore
1937,Erie,Burbot,370,,Piscivore
1937,Erie,Carp,2381,,Benthic omnivore
1937,Erie,Channel Catfish,11,,Benthic omnivore
1937,Erie,Channel Catfish and Bullheads,861,,Benthic omnivore
1937,Erie,Cisco,164,,Planktivore
1937,Erie,Freshwater Drum,4059,,Benthic invertivore
1937,Erie,Goldfish,267,,Benthic omnivore
1937,Erie,Lake Sturgeon,18,MI: Commercial fishing for lake sturgeon prohibited. ,Benthic invertivore
1937,Erie,Lake Whitefish,2048,,Benthic invertivore
1937,Erie,Northern Pike,6,,Piscivore
1937,Erie,Sauger,1215,,Piscivore
1937,Erie,Suckers,1103,,Benthic omnivore
1937,Erie,Walleye,3509,,Piscivore
1937,Erie,White Bass,435,,Piscivore
1937,Erie,Yellow Perch,3442,,Invertivore
1938,Erie,Blue Pike,15818,,Piscivore
1938,Erie,Bullheads,30,,Benthic omnivore
1938,Erie,Burbot,262,,Piscivore
1938,Erie,Carp,2583,,Benthic omnivore
1938,Erie,Channel Catfish,22,,Benthic omnivore
1938,Erie,Channel Catfish and Bullheads,542,,Benthic omnivore
1938,Erie,Cisco,2185,,Planktivore
1938,Erie,Freshwater Drum,3392,,Benthic invertivore
1938,Erie,Goldfish,215,,Benthic omnivore
1938,Erie,Lake Sturgeon,37,MI: Commercial fishing for lake sturgeon prohibited. ,Benthic invertivore
1938,Erie,Lake Whitefish,1913,,Benthic invertivore
1938,Erie,Northern Pike,23,,Piscivore
1938,Erie,Sauger,844,,Piscivore
1938,Erie,Suckers,756,,Benthic omnivore
1938,Erie,Walleye,3644,,Piscivore
1938,Erie,White Bass,728,,Piscivore
1938,Erie,Yellow Perch,7783,,Invertivore
1939,Erie,Blue Pike,14960,,Piscivore
1939,Erie,Bullheads,36,,Benthic omnivore
1939,Erie,Burbot,378,,Piscivore
1939,Erie,Carp,2756,,Benthic omnivore
1939,Erie,Channel Catfish,18,,Benthic omnivore
1939,Erie,Channel Catfish and Bullheads,542,,Benthic omnivore
1939,Erie,Cisco,2690,,Planktivore
1939,Erie,Freshwater Drum,3494,,Benthic invertivore
1939,Erie,Goldfish,164,,Benthic omnivore
1939,Erie,Lake Sturgeon,35,MI: Commercial fishing for lake sturgeon prohibited. ,Benthic invertivore
1939,Erie,Lake Whitefish,4411,,Benthic invertivore
1939,Erie,Northern Pike,101,,Piscivore
1939,Erie,Sauger,1740,,Piscivore
1939,Erie,Suckers,1009,,Benthic omnivore
1939,Erie,Walleye,5354,,Piscivore
1939,Erie,White Bass,711,,Piscivore
1939,Erie,Yellow Perch,3014,,Invertivore
1940,Erie,Blue Pike,6963,,Piscivore
1940,Erie,Bullheads,112,,Benthic omnivore
1940,Erie,Burbot,371,,Piscivore
1940,Erie,Carp,2784,,Benthic omnivore
1940,Erie,Channel Catfish,28,,Benthic omnivore
1940,Erie,Channel Catfish and Bullheads,688,,Benthic omnivore
1940,Erie,Cisco,647,,Planktivore
1940,Erie,Freshwater Drum,2961,,Benthic invertivore
1940,Erie,Goldfish,217,,Benthic omnivore
1940,Erie,Lake Sturgeon,28,MI: Commercial fishing for lake sturgeon prohibited. ,Benthic invertivore
1940,Erie,Lake Whitefish,5778,,Benthic invertivore
1940,Erie,Northern Pike,30,MI: Commercial fishing for northern pike prohibited.,Piscivore
1940,Erie,Sauger,611,,Piscivore
1940,Erie,Suckers,714,,Benthic omnivore
1940,Erie,Walleye,4296,,Piscivore
1940,Erie,White Bass,469,,Piscivore
1940,Erie,Yellow Perch,5023,,Invertivore
1941,Erie,Blue Pike,4831,,Piscivore
1941,Erie,Bullheads,53,,Benthic omnivore
1941,Erie,Burbot,511,,Piscivore
1941,Erie,Carp,2841,,Benthic omnivore
1941,Erie,Channel Catfish,21,,Benthic omnivore
1941,Erie,Channel Catfish and Bullheads,825,,Benthic omnivore
1941,Erie,Cisco,164,,Planktivore
1941,Erie,Freshwater Drum,3646,,Benthic invertivore
1941,Erie,Goldfish,159,,Benthic omnivore
1941,Erie,Lake Sturgeon,26,MI: Commercial fishing for lake sturgeon prohibited. ,Benthic invertivore
1941,Erie,Lake Whitefish,5805,,Benthic invertivore
1941,Erie,Northern Pike,47,MI: Commercial fishing for northern pike prohibited.,Piscivore
1941,Erie,Sauger,773,,Piscivore
1941,Erie,Suckers,698,,Benthic omnivore
1941,Erie,Walleye,3256,,Piscivore
1941,Erie,White Bass,460,,Piscivore
1941,Erie,Yellow Perch,5872,,Invertivore
1942,Erie,Blue Pike,10627,,Piscivore
1942,Erie,Bullheads,49,,Benthic omnivore
1942,Erie,Burbot,374,,Piscivore
1942,Erie,Carp,2683,,Benthic omnivore
1942,Erie,Channel Catfish,40,,Benthic omnivore
1942,Erie,Channel Catfish and Bullheads,1029,,Benthic omnivore
1942,Erie,Cisco,88,,Planktivore
1942,Erie,Freshwater Drum,4548,,Benthic invertivore
1942,Erie,Goldfish,82,,Benthic omnivore
1942,Erie,Lake Sturgeon,21,MI: Commercial fishing for lake sturgeon prohibited. ,Benthic invertivore
1942,Erie,Lake Whitefish,4448,,Benthic invertivore
1942,Erie,Northern Pike,31,MI: Commercial fishing for northern pike prohibited.,Piscivore
1942,Erie,Sauger,1346,,Piscivore
1942,Erie,Suckers,699,,Benthic omnivore
1942,Erie,Walleye,3393,,Piscivore
1942,Erie,White Bass,517,,Piscivore
1942,Erie,Yellow Perch,2924,,Invertivore
1943,Erie,Blue Pike,20842,,Piscivore
1943,Erie,Bullheads,54,,Benthic omnivore
1943,Erie,Burbot,378,,Piscivore
1943,Erie,Carp,2548,,Benthic omnivore
1943,Erie,Channel Catfish,63,,Benthic omnivore
1943,Erie,Channel Catfish and Bullheads,1216,,Benthic omnivore
1943,Erie,Cisco,83,,Planktivore
1943,Erie,Freshwater Drum,4513,,Benthic invertivore
1943,Erie,Goldfish,33,,Benthic omnivore
1943,Erie,Lake Sturgeon,16,MI: Commercial fishing for lake sturgeon prohibited. ,Benthic invertivore
1943,Erie,Lake Whitefish,2430,,Benthic invertivore
1943,Erie,Northern Pike,32,MI: Commercial fishing for northern pike prohibited.,Piscivore
1943,Erie,Sauger,1046,,Piscivore
1943,Erie,Suckers,576,,Benthic omnivore
1943,Erie,Walleye,3676,,Piscivore
1943,Erie,White Bass,460,,Piscivore
1943,Erie,Yellow Perch,1964,,Invertivore
1944,Erie,Blue Pike,24323,,Piscivore
1944,Erie,Bullheads,47,,Benthic omnivore
1944,Erie,Burbot,238,,Piscivore
1944,Erie,Carp,2123,,Benthic omnivore
1944,Erie,Channel Catfish,35,,Benthic omnivore
1944,Erie,Channel Catfish and Bullheads,981,,Benthic omnivore
1944,Erie,Cisco,435,,Planktivore
1944,Erie,Freshwater Drum,2452,,Benthic invertivore
1944,Erie,Goldfish,48,,Benthic omnivore
1944,Erie,Lake Sturgeon,18,MI: Commercial fishing for lake sturgeon prohibited. ,Benthic invertivore
1944,Erie,Lake Whitefish,1827,,Benthic invertivore
1944,Erie,Northern Pike,45,MI: Commercial fishing for northern pike prohibited.,Piscivore
1944,Erie,Sauger,616,,Piscivore
1944,Erie,Suckers,456,,Benthic omnivore
1944,Erie,Walleye,4274,,Piscivore
1944,Erie,White Bass,861,,Piscivore
1944,Erie,Yellow Perch,3561,,Invertivore
1945,Erie,Blue Pike,14331,,Piscivore
1945,Erie,Bullheads,86,,Benthic omnivore
1945,Erie,Burbot,371,,Piscivore
1945,Erie,Carp,2292,,Benthic omnivore
1945,Erie,Channel Catfish,44,,Benthic omnivore
1945,Erie,Channel Catfish and Bullheads,1226,,Benthic omnivore
1945,Erie,Cisco,9210,,Planktivore
1945,Erie,Freshwater Drum,4405,,Benthic invertivore
1945,Erie,Goldfish,14,,Benthic omnivore
1945,Erie,Lake Sturgeon,12,MI: Commercial fishing for lake sturgeon prohibited. ,Benthic invertivore
1945,Erie,Lake Whitefish,2589,,Benthic invertivore
1945,Erie,Northern Pike,31,MI: Commercial fishing for northern pike prohibited.,Piscivore
1945,Erie,Sauger,1044,,Piscivore
1945,Erie,Suckers,427,,Benthic omnivore
1945,Erie,Walleye,6387,,Piscivore
1945,Erie,White Bass,884,,Piscivore
1945,Erie,Yellow Perch,2559,,Invertivore
1946,Erie,Blue Pike,4922,,Piscivore
1946,Erie,Bullheads,397,,Benthic omnivore
1946,Erie,Burbot,400,,Piscivore
1946,Erie,Carp,2041,,Benthic omnivore
1946,Erie,Channel Catfish,695,,Benthic omnivore
1946,Erie,Channel Catfish and Bullheads,1166,,Benthic omnivore
1946,Erie,Cisco,16164,,Planktivore
1946,Erie,Freshwater Drum,4265,,Benthic invertivore
1946,Erie,Goldfish,55,,Benthic omnivore
1946,Erie,Lake Sturgeon,17,MI: Commercial fishing for lake sturgeon prohibited. ,Benthic invertivore
1946,Erie,Lake Whitefish,2729,,Benthic invertivore
1946,Erie,Northern Pike,33,MI: Commercial fishing for northern pike prohibited.,Piscivore
1946,Erie,Sauger,763,,Piscivore
1946,Erie,Suckers,432,,Benthic omnivore
1946,Erie,Walleye,6959,,Piscivore
1946,Erie,White Bass,822,,Piscivore
1946,Erie,Yellow Perch,5103,,Invertivore
1947,Erie,Blue Pike,4766,,Piscivore
1947,Erie,Bullheads,229,,Benthic omnivore
1947,Erie,Burbot,460,,Piscivore
1947,Erie,Carp,1925,,Benthic omnivore
1947,Erie,Channel Catfish,749,,Benthic omnivore
1947,Erie,Channel Catfish and Bullheads,1073,,Benthic omnivore
1947,Erie,Cisco,3662,,Planktivore
1947,Erie,Freshwater Drum,3231,,Benthic invertivore
1947,Erie,Goldfish,95,,Benthic omnivore
1947,Erie,Lake Sturgeon,28,MI: Commercial fishing for lake sturgeon prohibited. ,Benthic invertivore
1947,Erie,Lake Whitefish,4500,,Benthic invertivore
1947,Erie,Northern Pike,15,MI: Commercial fishing for northern pike prohibited.,Piscivore
1947,Erie,Sauger,388,,Piscivore
1947,Erie,Suckers,568,,Benthic omnivore
1947,Erie,Walleye,4707,,Piscivore
1947,Erie,White Bass,498,,Piscivore
1947,Erie,Yellow Perch,4048,,Invertivore
1948,Erie,Blue Pike,14745,,Piscivore
1948,Erie,Bullheads,155,,Benthic omnivore
1948,Erie,Burbot,358,,Piscivore
1948,Erie,Carp,1725,,Benthic omnivore
1948,Erie,Channel Catfish,653,,Benthic omnivore
1948,Erie,Channel Catfish and Bullheads,923,,Benthic omnivore
1948,Erie,Cisco,817,,Planktivore
1948,Erie,Freshwater Drum,4399,,Benthic invertivore
1948,Erie,Goldfish,120,,Benthic omnivore
1948,Erie,Lake Sturgeon,36,MI: Commercial fishing for lake sturgeon prohibited. ,Benthic invertivore
1948,Erie,Lake Whitefish,6590,,Benthic invertivore
1948,Erie,Northern Pike,14,,Piscivore
1948,Erie,Sauger,250,,Piscivore
1948,Erie,Suckers,469,,Benthic omnivore
1948,Erie,Walleye,4821,,Piscivore
1948,Erie,White Bass,499,,Piscivore
1948,Erie,Yellow Perch,4578,,Invertivore
1949,Erie,Blue Pike,23784,,Piscivore
1949,Erie,Bullheads,125,,Benthic omnivore
1949,Erie,Burbot,304,,Piscivore
1949,Erie,Carp,2397,,Benthic omnivore
1949,Erie,Channel Catfish,867,,Benthic omnivore
1949,Erie,Channel Catfish and Bullheads,1081,,Benthic omnivore
1949,Erie,Cisco,482,,Planktivore
1949,Erie,Freshwater Drum,3524,,Benthic invertivore
1949,Erie,Goldfish,171,,Benthic omnivore
1949,Erie,Lake Sturgeon,32,MI: Commercial fishing for lake sturgeon prohibited. ,Benthic invertivore
1949,Erie,Lake Whitefish,7098,,Benthic invertivore
1949,Erie,Northern Pike,15,,Piscivore
1949,Erie,Sauger,390,,Piscivore
1949,Erie,Suckers,634,,Benthic omnivore
1949,Erie,Walleye,6163,,Piscivore
1949,Erie,White Bass,808,,Piscivore
1949,Erie,Yellow Perch,4938,,Invertivore
1950,Erie,Blue Pike,14801,,Piscivore
1950,Erie,Bullheads,77,,Benthic omnivore
1950,Erie,Burbot,235,,Piscivore
1950,Erie,Carp,2153,,Benthic omnivore
1950,Erie,Channel Catfish,990,,Benthic omnivore
1950,Erie,Channel Catfish and Bullheads,1145,,Benthic omnivore
1950,Erie,Cisco,891,,Planktivore
1950,Erie,Freshwater Drum,3036,,Benthic invertivore
1950,Erie,Goldfish,106,,Benthic omnivore
1950,Erie,Lake Sturgeon,18,MI: Commercial fishing for lake sturgeon prohibited. ,Benthic invertivore
1950,Erie,Lake Whitefish,2995,,Benthic invertivore
1950,Erie,Northern Pike,10,,Piscivore
1950,Erie,Sauger,488,,Piscivore
1950,Erie,Suckers,650,,Benthic omnivore
1950,Erie,Walleye,6717,,Piscivore
1950,Erie,White Bass,1141,,Piscivore
1950,Erie,Yellow Perch,4720,,Invertivore
1951,Erie,Blue Pike,6064,,Piscivore
1951,Erie,Bullheads,67,,Benthic omnivore
1951,Erie,Burbot,184,,Piscivore
1951,Erie,Carp,2437,,Benthic omnivore
1951,Erie,Channel Catfish,1283,,Benthic omnivore
1951,Erie,Channel Catfish and Bullheads,1467,,Benthic omnivore
1951,Erie,Cisco,473,,Planktivore
1951,Erie,Freshwater Drum,4597,,Benthic invertivore
1951,Erie,Goldfish,126,,Benthic omnivore
1951,Erie,Lake Sturgeon,20,,Benthic invertivore
1951,Erie,Lake Whitefish,2016,,Benthic invertivore
1951,Erie,Northern Pike,22,,Piscivore
1951,Erie,Sauger,397,,Piscivore
1951,Erie,Suckers,558,,Benthic omnivore
1951,Erie,Walleye,7205,,Piscivore
1951,Erie,White Bass,1036,,Piscivore
1951,Erie,Yellow Perch,5284,,Invertivore
1952,Erie,Blue Pike,14037,,Piscivore
1952,Erie,Bullheads,183,,Benthic omnivore
1952,Erie,Burbot,269,,Piscivore
1952,Erie,Carp,3211,,Benthic omnivore
1952,Erie,Channel Catfish,1761,,Benthic omnivore
1952,Erie,Cisco,385,,Planktivore
1952,Erie,Freshwater Drum,4628,,Benthic invertivore
1952,Erie,Goldfish,100,,Benthic omnivore
1952,Erie,Lake Sturgeon,14,,Benthic invertivore
1952,Erie,Lake Whitefish,2782,,Benthic invertivore
1952,Erie,Northern Pike,7,,Piscivore
1952,Erie,Rainbow Smelt,375,,Planktivore
1952,Erie,Sauger,392,,Piscivore
1952,Erie,Suckers,960,,Benthic omnivore
1952,Erie,Walleye,7314,,Piscivore
1952,Erie,White Bass,2319,,Piscivore
1952,Erie,Yellow Perch,3943,,Invertivore
1953,Erie,Blue Pike,18375,,Piscivore
1953,Erie,Bullheads,206,,Benthic omnivore
1953,Erie,Burbot,205,,Piscivore
1953,Erie,Carp,3215,,Benthic omnivore
1953,Erie,Channel Catfish,1518,,Benthic omnivore
1953,Erie,Cisco,299,,Planktivore
1953,Erie,Freshwater Drum,2696,,Benthic invertivore
1953,Erie,Goldfish,98,,Benthic omnivore
1953,Erie,Lake Sturgeon,8,,Benthic invertivore
1953,Erie,Lake Whitefish,2751,,Benthic invertivore
1953,Erie,Northern Pike,10,,Piscivore
1953,Erie,Rainbow Smelt,1030,,Planktivore
1953,Erie,Sauger,330,,Piscivore
1953,Erie,Suckers,557,,Benthic omnivore
1953,Erie,Walleye,8451,,Piscivore
1953,Erie,White Bass,3479,,Piscivore
1953,Erie,Yellow Perch,7390,,Invertivore
1954,Erie,Blue Pike,14395,,Piscivore
1954,Erie,Bullheads,361,,Benthic omnivore
1954,Erie,Burbot,133,,Piscivore
1954,Erie,Carp,4021,,Benthic omnivore
1954,Erie,Channel Catfish,2052,,Benthic omnivore
1954,Erie,Cisco,381,,Planktivore
1954,Erie,Freshwater Drum,2502,,Benthic invertivore
1954,Erie,Goldfish,95,,Benthic omnivore
1954,Erie,Lake Sturgeon,10,,Benthic invertivore
1954,Erie,Lake Whitefish,943,,Benthic invertivore
1954,Erie,Northern Pike,13,,Piscivore
1954,Erie,Rainbow Smelt,1266,,Planktivore
1954,Erie,Sauger,164,,Piscivore
1954,Erie,Suckers,580,,Benthic omnivore
1954,Erie,Walleye,8143,,Piscivore
1954,Erie,White Bass,9450,,Piscivore
1954,Erie,Yellow Perch,12584,,Invertivore
1955,Erie,Blue Pike,19685,,Piscivore
1955,Erie,Bullheads,408,,Benthic omnivore
1955,Erie,Burbot,100,,Piscivore
1955,Erie,Carp,3515,,Benthic omnivore
1955,Erie,Channel Catfish,2096,,Benthic omnivore
1955,Erie,Cisco,129,,Planktivore
1955,Erie,Freshwater Drum,2400,,Benthic invertivore
1955,Erie,Goldfish,100,,Benthic omnivore
1955,Erie,Lake Sturgeon,27,,Benthic invertivore
1955,Erie,Lake Whitefish,773,,Benthic invertivore
1955,Erie,Northern Pike,14,,Piscivore
1955,Erie,Rainbow Smelt,2040,,Planktivore
1955,Erie,Sauger,76,,Piscivore
1955,Erie,Suckers,431,,Benthic omnivore
1955,Erie,Walleye,10568,,Piscivore
1955,Erie,White Bass,7436,,Piscivore
1955,Erie,Yellow Perch,7161,,Invertivore
1956,Erie,Blue Pike,18857,,Piscivore
1956,Erie,Bullheads,417,,Benthic omnivore
1956,Erie,Burbot,120,,Piscivore
1956,Erie,Carp,3754,,Benthic omnivore
1956,Erie,Channel Catfish,1789,,Benthic omnivore
1956,Erie,Cisco,253,,Planktivore
1956,Erie,Freshwater Drum,2636,,Benthic invertivore
1956,Erie,Goldfish,144,,Benthic omnivore
1956,Erie,Lake Sturgeon,28,,Benthic invertivore
1956,Erie,Lake Whitefish,988,,Benthic invertivore
1956,Erie,Northern Pike,46,,Piscivore
1956,Erie,Rainbow Smelt,3694,,Planktivore
1956,Erie,Sauger,16,,Piscivore
1956,Erie,Suckers,400,,Benthic omnivore
1956,Erie,Walleye,15405,,Piscivore
1956,Erie,White Bass,8082,,Piscivore
1956,Erie,Yellow Perch,18628,,Invertivore
1957,Erie,Blue Pike,10370,,Piscivore
1957,Erie,Bullheads,290,,Benthic omnivore
1957,Erie,Burbot,166,,Piscivore
1957,Erie,Carp,4034,,Benthic omnivore
1957,Erie,Channel Catfish,1677,,Benthic omnivore
1957,Erie,Cisco,126,,Planktivore
1957,Erie,Freshwater Drum,4585,,Benthic invertivore
1957,Erie,Goldfish,135,,Benthic omnivore
1957,Erie,Lake Sturgeon,7,,Benthic invertivore
1957,Erie,Lake Whitefish,1290,,Benthic invertivore
1957,Erie,Northern Pike,3,OH: Commercial fishery for northern pike closed.,Piscivore
1957,Erie,Rainbow Smelt,4475,,Planktivore
1957,Erie,Sauger,10,,Piscivore
1957,Erie,Suckers,491,,Benthic omnivore
1957,Erie,Walleye,13329,,Piscivore
1957,Erie,White Bass,4962,,Piscivore
1957,Erie,Yellow Perch,20487,,Invertivore
1958,Erie,Blue Pike,1400,,Piscivore
1958,Erie,Bullheads,209,,Benthic omnivore
1958,Erie,Burbot,159,,Piscivore
1958,Erie,Carp,5144,,Benthic omnivore
1958,Erie,Channel Catfish,1670,,Benthic omnivore
1958,Erie,Cisco,76,,Planktivore
1958,Erie,Freshwater Drum,4544,,Benthic invertivore
1958,Erie,Goldfish,157,,Benthic omnivore
1958,Erie,Lake Sturgeon,6,,Benthic invertivore
1958,Erie,Lake Whitefish,559,,Benthic invertivore
1958,Erie,Northern Pike,3,,Piscivore
1958,Erie,Rainbow Smelt,4657,,Planktivore
1958,Erie,Sauger,1,,Piscivore
1958,Erie,Suckers,359,,Benthic omnivore
1958,Erie,Walleye,9033,,Piscivore
1958,Erie,White Bass,2755,,Piscivore
1958,Erie,Yellow Perch,22471,,Invertivore
1959,Erie,Blue Pike,79,,Piscivore
1959,Erie,Bullheads,121,,Benthic omnivore
1959,Erie,Burbot,60,,Piscivore
1959,Erie,Carp,4405,,Benthic omnivore
1959,Erie,Channel Catfish,1621,,Benthic omnivore
1959,Erie,Cisco,55,,Planktivore
1959,Erie,Freshwater Drum,5936,,Benthic invertivore
1959,Erie,Goldfish,104,,Benthic omnivore
1959,Erie,Lake Sturgeon,4,,Benthic invertivore
1959,Erie,Lake Whitefish,133,,Benthic invertivore
1959,Erie,Northern Pike,3,,Piscivore
1959,Erie,Rainbow Smelt,6858,,Planktivore
1959,Erie,Sauger,1,,Piscivore
1959,Erie,Suckers,384,,Benthic omnivore
1959,Erie,Walleye,3001,,Piscivore
1959,Erie,White Bass,2223,,Piscivore
1959,Erie,Yellow Perch,28955,,Invertivore
1960,Erie,Blue Pike,11,,Piscivore
1960,Erie,Bullheads,82,,Benthic omnivore
1960,Erie,Burbot,31,,Piscivore
1960,Erie,Carp,4876,,Benthic omnivore
1960,Erie,Channel Catfish,1783,,Benthic omnivore
1960,Erie,Cisco,18,,Planktivore
1960,Erie,Freshwater Drum,6567,,Benthic invertivore
1960,Erie,Goldfish,198,,Benthic omnivore
1960,Erie,Lake Sturgeon,5,,Benthic invertivore
1960,Erie,Lake Whitefish,37,,Benthic invertivore
1960,Erie,Northern Pike,2,,Piscivore
1960,Erie,Rainbow Smelt,11496,,Planktivore
1960,Erie,Sauger,4,,Piscivore
1960,Erie,Suckers,326,,Benthic omnivore
1960,Erie,Walleye,1791,,Piscivore
1960,Erie,White Bass,5034,,Piscivore
1960,Erie,Yellow Perch,18044,,Invertivore
1961,Erie,Blue Pike,2,,Piscivore
1961,Erie,Bullheads,130,,Benthic omnivore
1961,Erie,Burbot,7,,Piscivore
1961,Erie,Carp,4951,,Benthic omnivore
1961,Erie,Channel Catfish,1754,,Benthic omnivore
1961,Erie,Cisco,9,,Planktivore
1961,Erie,Freshwater Drum,6880,,Benthic invertivore
1961,Erie,Goldfish,293,,Benthic omnivore
1961,Erie,Lake Sturgeon,5,,Benthic invertivore
1961,Erie,Lake Whitefish,15,,Benthic invertivore
1961,Erie,Northern Pike,2,,Piscivore
1961,Erie,Rainbow Smelt,12852,,Planktivore
1961,Erie,Sauger,0,,Piscivore
1961,Erie,Suckers,403,,Benthic omnivore
1961,Erie,Walleye,1074,,Piscivore
1961,Erie,White Bass,5526,,Piscivore
1961,Erie,Yellow Perch,20979,,Invertivore
1962,Erie,Blue Pike,1,,Piscivore
1962,Erie,Bullheads,174,,Benthic omnivore
1962,Erie,Burbot,2,,Piscivore
1962,Erie,Carp,4925,,Benthic omnivore
1962,Erie,Channel Catfish,1302,,Benthic omnivore
1962,Erie,Cisco,7,,Planktivore
1962,Erie,Freshwater Drum,4561,,Benthic invertivore
1962,Erie,Goldfish,350,,Benthic omnivore
1962,Erie,Lake Sturgeon,2,,Benthic invertivore
1962,Erie,Lake Whitefish,13,,Benthic invertivore
1962,Erie,Northern Pike,2,,Piscivore
1962,Erie,Rainbow Smelt,19182,,Planktivore
1962,Erie,Sauger,0,,Piscivore
1962,Erie,Suckers,324,,Benthic omnivore
1962,Erie,Walleye,717,,Piscivore
1962,Erie,White Bass,3739,,Piscivore
1962,Erie,Yellow Perch,28408,,Invertivore
1963,Erie,Blue Pike,0,,Piscivore
1963,Erie,Bullheads,188,,Benthic omnivore
1963,Erie,Burbot,4,,Piscivore
1963,Erie,Carp,3532,,Benthic omnivore
1963,Erie,Channel Catfish,1246,,Benthic omnivore
1963,Erie,Cisco,3,,Planktivore
1963,Erie,Freshwater Drum,5538,,Benthic invertivore
1963,Erie,Goldfish,172,,Benthic omnivore
1963,Erie,Lake Sturgeon,2,,Benthic invertivore
1963,Erie,Lake Whitefish,18,,Benthic invertivore
1963,Erie,Northern Pike,2,,Piscivore
1963,Erie,Rainbow Smelt,10830,,Planktivore
1963,Erie,Sauger,0,,Piscivore
1963,Erie,Suckers,282,,Benthic omnivore
1963,Erie,Walleye,2674,,Piscivore
1963,Erie,White Bass,3007,,Piscivore
1963,Erie,Yellow Perch,23785,,Invertivore
1964,Erie,Blue Pike,0,,Piscivore
1964,Erie,Bullheads,161,,Benthic omnivore
1964,Erie,Burbot,4,,Piscivore
1964,Erie,Carp,3097,,Benthic omnivore
1964,Erie,Channel Catfish,1335,,Benthic omnivore
1964,Erie,Cisco,3,,Planktivore
1964,Erie,Freshwater Drum,5302,,Benthic invertivore
1964,Erie,Goldfish,159,,Benthic omnivore
1964,Erie,Lake Sturgeon,1,,Benthic invertivore
1964,Erie,Lake Whitefish,6,,Benthic invertivore
1964,Erie,Northern Pike,2,,Piscivore
1964,Erie,Rainbow Smelt,13181,,Planktivore
1964,Erie,Sauger,0,,Piscivore
1964,Erie,Suckers,327,,Benthic omnivore
1964,Erie,Walleye,1164,,Piscivore
1964,Erie,White Bass,3258,,Piscivore
1964,Erie,Yellow Perch,9871,,Invertivore
1965,Erie,Blue Pike,0,,Piscivore
1965,Erie,Bullheads,106,,Benthic omnivore
1965,Erie,Burbot,5,,Piscivore
1965,Erie,Carp,3342,,Benthic omnivore
1965,Erie,Channel Catfish,1111,,Benthic omnivore
1965,Erie,Cisco,1,,Planktivore
1965,Erie,Freshwater Drum,5066,,Benthic invertivore
1965,Erie,Goldfish,168,,Benthic omnivore
1965,Erie,Lake Sturgeon,2,,Benthic invertivore
1965,Erie,Lake Whitefish,6,,Benthic invertivore
1965,Erie,Northern Pike,1,,Piscivore
1965,Erie,Rainbow Smelt,11713,,Planktivore
1965,Erie,Sauger,0,,Piscivore
1965,Erie,Suckers,269,,Benthic omnivore
1965,Erie,Walleye,783,,Piscivore
1965,Erie,White Bass,3721,,Piscivore
1965,Erie,Yellow Perch,21760,"OH: Minimum size limit changed from 8.5'' to 8'', Mar 1 1965.",Invertivore
1966,Erie,Blue Pike,0,,Piscivore
1966,Erie,Bullheads,65,,Benthic omnivore
1966,Erie,Burbot,3,,Piscivore
1966,Erie,Carp,3792,,Benthic omnivore
1966,Erie,Channel Catfish,902,,Benthic omnivore
1966,Erie,Cisco,0,,Planktivore
1966,Erie,Freshwater Drum,3096,,Benthic invertivore
1966,Erie,Goldfish,135,,Benthic omnivore
1966,Erie,Lake Sturgeon,1,,Benthic invertivore
1966,Erie,Lake Whitefish,9,"OH: Minimum size limit changed from 1-3/4 pounds to 17'', 1 March 1966",Benthic invertivore
1966,Erie,Northern Pike,1,,Piscivore
1966,Erie,Rainbow Smelt,15923,,Planktivore
1966,Erie,Sauger,0,,Piscivore
1966,Erie,Suckers,245,"OH: Minimum size limit changed from 12'' to 10'', 1 March 1966.",Benthic omnivore
1966,Erie,Walleye,1346,"OH: Minimum size limit changed from 13'' to 15.5'', March 1 1966.",Piscivore
1966,Erie,White Bass,2978,,Piscivore
1966,Erie,Yellow Perch,24761,,Invertivore
1967,Erie,Blue Pike,0,OH:Fishery closed.,Piscivore
1967,Erie,Bullheads,43,,Benthic omnivore
1967,Erie,Burbot,6,,Piscivore
1967,Erie,Carp,3094,,Benthic omnivore
1967,Erie,Channel Catfish,780,,Benthic omnivore
1967,Erie,Cisco,0,,Planktivore
1967,Erie,Freshwater Drum,3054,,Benthic invertivore
1967,Erie,Goldfish,94,,Benthic omnivore
1967,Erie,Lake Sturgeon,1,,Benthic invertivore
1967,Erie,Lake Whitefish,2,,Benthic invertivore
1967,Erie,Northern Pike,5,,Piscivore
1967,Erie,Rainbow Smelt,12504,,Planktivore
1967,Erie,Sauger,0,,Piscivore
1967,Erie,Suckers,254,,Benthic omnivore
1967,Erie,Walleye,1258,,Piscivore
1967,Erie,White Bass,1921,,Piscivore
1967,Erie,Yellow Perch,25452,,Invertivore
1968,Erie,Blue Pike,0,,Piscivore
1968,Erie,Bullheads,41,,Benthic omnivore
1968,Erie,Burbot,1,,Piscivore
1968,Erie,Carp,2827,,Benthic omnivore
1968,Erie,Channel Catfish,861,,Benthic omnivore
1968,Erie,Cisco,0,,Planktivore
1968,Erie,Freshwater Drum,3796,,Benthic invertivore
1968,Erie,Goldfish,107,,Benthic omnivore
1968,Erie,Lake Sturgeon,1,OH: closed its fishery,Benthic invertivore
1968,Erie,Lake Whitefish,2,,Benthic invertivore
1968,Erie,Northern Pike,2,,Piscivore
1968,Erie,Rainbow Smelt,12224,,Planktivore
1968,Erie,Sauger,1,OH: fishery closed.,Piscivore
1968,Erie,Suckers,162,,Benthic omnivore
1968,Erie,Walleye,844,,Piscivore
1968,Erie,White Bass,1478,,Piscivore
1968,Erie,Yellow Perch,28169,,Invertivore
1969,Erie,Blue Pike,0,,Piscivore
1969,Erie,Bullheads,55,,Benthic omnivore
1969,Erie,Burbot,0,,Piscivore
1969,Erie,Carp,3210,,Benthic omnivore
1969,Erie,Channel Catfish,838,,Benthic omnivore
1969,Erie,Cisco,0,,Planktivore
1969,Erie,Freshwater Drum,2399,,Benthic invertivore
1969,Erie,Goldfish,99,,Benthic omnivore
1969,Erie,Lake Sturgeon,1,,Benthic invertivore
1969,Erie,Lake Whitefish,2,,Benthic invertivore
1969,Erie,Northern Pike,1,,Piscivore
1969,Erie,Pacific Salmon,2,,Piscivore
1969,Erie,Rainbow Smelt,15078,,Planktivore
1969,Erie,Sauger,0,,Piscivore
1969,Erie,Suckers,188,,Benthic omnivore
1969,Erie,Walleye,475,,Piscivore
1969,Erie,White Bass,2094,,Piscivore
1969,Erie,Yellow Perch,33166,,Invertivore
1970,Erie,Blue Pike,0,,Piscivore
1970,Erie,Bullheads,67,,Benthic omnivore
1970,Erie,Burbot,0,,Piscivore
1970,Erie,Carp,3431,,Benthic omnivore
1970,Erie,Channel Catfish,578,,Benthic omnivore
1970,Erie,Cisco,0,,Planktivore
1970,Erie,Freshwater Drum,1308,ONT: Fishing pressure decreased in the Essex and Kent county when the walleye and white bass fisheries were closed due to mercury contamination.  Those fisheries were reopened in 1973.,Benthic invertivore
1970,Erie,Goldfish,163,,Benthic omnivore
1970,Erie,Lake Sturgeon,0,,Benthic invertivore
1970,Erie,Lake Whitefish,0,,Benthic invertivore
1970,Erie,Northern Pike,1,,Piscivore
1970,Erie,Pacific Salmon,19,,Piscivore
1970,Erie,Rainbow Smelt,9404,,Planktivore
1970,Erie,Sauger,0,,Piscivore
1970,Erie,Suckers,142,,Benthic omnivore
1970,Erie,Walleye,99,"OH, MI, and ONT: Fishery closed because of mercury contamination, from 13 April 1970 to 1 March 1972.",Piscivore
1970,Erie,White Bass,1299,ONT: Fishery closed in Essex and Kent county waters because of mercury contamination.,Piscivore
1970,Erie,Yellow Perch,23024,,Invertivore
1971,Erie,Blue Pike,0,,Piscivore
1971,Erie,Bullheads,90,,Benthic omnivore
1971,Erie,Burbot,0,,Piscivore
1971,Erie,Carp,3429,,Benthic omnivore
1971,Erie,Channel Catfish,729,,Benthic omnivore
1971,Erie,Cisco,0,,Planktivore
1971,Erie,Freshwater Drum,933,OH: Changing market demand resulted in the shift of fishing pressure to more highly valued species.,Benthic invertivore
1971,Erie,Goldfish,80,,Benthic omnivore
1971,Erie,Lake Sturgeon,,,Benthic invertivore
1971,Erie,Lake Whitefish,1,,Benthic invertivore
1971,Erie,Northern Pike,2,,Piscivore
1971,Erie,Pacific Salmon,4,,Piscivore
1971,Erie,Rainbow Smelt,13132,,Planktivore
1971,Erie,Sauger,0,,Piscivore
1971,Erie,Suckers,141,,Benthic omnivore
1971,Erie,Walleye,85,,Piscivore
1971,Erie,White Bass,1092,"OH: Maximum gill net size increased from 3.25'' to 3.675'' Mar 15, 1971.  Fishery closed July 5, 1971, because of mercury contamination.",Piscivore
1971,Erie,Yellow Perch,16563,,Invertivore
1972,Erie,Bullheads,63,,Benthic omnivore
1972,Erie,Burbot,0,,Piscivore
1972,Erie,Carp,3314,,Benthic omnivore
1972,Erie,Channel Catfish,772,,Benthic omnivore
1972,Erie,Cisco,0,,Planktivore
1972,Erie,Freshwater Drum,1189,,Benthic invertivore
1972,Erie,Goldfish,42,,Benthic omnivore
1972,Erie,Lake Sturgeon,0,,Benthic invertivore
1972,Erie,Lake Whitefish,2,,Benthic invertivore
1972,Erie,Northern Pike,2,,Piscivore
1972,Erie,Pacific Salmon,22,,Piscivore
1972,Erie,Rainbow Smelt,10521,,Planktivore
1972,Erie,Sauger,0,,Piscivore
1972,Erie,Suckers,211,,Benthic omnivore
1972,Erie,Walleye,143,"OH: the closure was continued but no longer on mercury contamination basis, 1 March 1972. ",Piscivore
1972,Erie,White Bass,2526,"OH: Catch limited to fish b/w 9'' and 10.25'' March 1, 1972.  Upper limit established because of mercury contamination.",Piscivore
1972,Erie,Yellow Perch,17512,,Invertivore
1973,Erie,Bullheads,91,,Benthic omnivore
1973,Erie,Burbot,0,,Piscivore
1973,Erie,Carp,2452,,Benthic omnivore
1973,Erie,Channel Catfish,367,"OH: Minimum size limit changed from 14'' to 15.5'', 3 March 1973.",Benthic omnivore
1973,Erie,Cisco,0,,Planktivore
1973,Erie,Freshwater Drum,1505,,Benthic invertivore
1973,Erie,Goldfish,32,,Benthic omnivore
1973,Erie,Lake Sturgeon,0,,Benthic invertivore
1973,Erie,Lake Whitefish,3,,Benthic invertivore
1973,Erie,Northern Pike,13,,Piscivore
1973,Erie,Pacific Salmon,11,,Piscivore
1973,Erie,Rainbow Smelt,17062,,Planktivore
1973,Erie,Sauger,0,,Piscivore
1973,Erie,Suckers,145,,Benthic omnivore
1973,Erie,Walleye,155,1. OH: Harvest is based on two days of fishing; 2. MI: Walleye is awarded sport fishing status.,Piscivore
1973,Erie,White Bass,3921,"1.OH: upper size limit removed as mercury contamination reduced; 2. ONT: Development of processing techniques which produce marketable products allowed the revival, under permit, of the fishery.  Later that year, the 10.5'' minimum size limit was removed.",Piscivore
1973,Erie,Yellow Perch,19917,,Invertivore
1974,Erie,Bullheads,136,,Benthic omnivore
1974,Erie,Burbot,0,,Piscivore
1974,Erie,Carp,3152,,Benthic omnivore
1974,Erie,Channel Catfish,398,,Benthic omnivore
1974,Erie,Cisco,0,,Planktivore
1974,Erie,Freshwater Drum,1054,,Benthic invertivore
1974,Erie,Goldfish,54,,Benthic omnivore
1974,Erie,Lake Sturgeon,0,,Benthic invertivore
1974,Erie,Lake Whitefish,1,,Benthic invertivore
1974,Erie,Northern Pike,15,,Piscivore
1974,Erie,Pacific Salmon,5,,Piscivore
1974,Erie,Rainbow Smelt,15806,,Planktivore
1974,Erie,Sauger,0,,Piscivore
1974,Erie,Suckers,132,,Benthic omnivore
1974,Erie,Walleye,347,"ONT: limited landings were allowed under special permits, as mercury levels declined.",Piscivore
1974,Erie,White Bass,5259,OH: Record harvest due to preceding restrictions.,Piscivore
1974,Erie,Yellow Perch,14580,,Invertivore
1975,Erie,Bullheads,153,,Benthic omnivore
1975,Erie,Burbot,1,,Piscivore
1975,Erie,Carp,3285,,Benthic omnivore
1975,Erie,Channel Catfish,434,,Benthic omnivore
1975,Erie,Cisco,0,,Planktivore
1975,Erie,Freshwater Drum,1184,,Benthic invertivore
1975,Erie,Goldfish,56,,Benthic omnivore
1975,Erie,Lake Sturgeon,0,,Benthic invertivore
1975,Erie,Lake Whitefish,1,,Benthic invertivore
1975,Erie,Northern Pike,13,,Piscivore
1975,Erie,Pacific Salmon,54,,Piscivore
1975,Erie,Rainbow Smelt,16934,,Planktivore
1975,Erie,Sauger,0,,Piscivore
1975,Erie,Suckers,113,,Benthic omnivore
1975,Erie,Walleye,252,,Piscivore
1975,Erie,White Bass,4255,,Piscivore
1975,Erie,Yellow Perch,10126,,Invertivore
1976,Erie,Bullheads,141,,Benthic omnivore
1976,Erie,Burbot,0,,Piscivore
1976,Erie,Carp,3194,,Benthic omnivore
1976,Erie,Channel Catfish,341,,Benthic omnivore
1976,Erie,Cisco,0,,Planktivore
1976,Erie,Freshwater Drum,1312,,Benthic invertivore
1976,Erie,Goldfish,134,OH: fish by-product (fish meal) markets expanded ,Benthic omnivore
1976,Erie,Lake Sturgeon,1,,Benthic invertivore
1976,Erie,Lake Whitefish,1,,Benthic invertivore
1976,Erie,Northern Pike,24,,Piscivore
1976,Erie,Pacific Salmon,18,"ONT: PCB contamination resulted in closure of the fishery, August 1976.",Piscivore
1976,Erie,Rainbow Smelt,17229,,Planktivore
1976,Erie,Sauger,0,,Piscivore
1976,Erie,Suckers,104,,Benthic omnivore
1976,Erie,Walleye,323,ONT: an interagency quota management system was implemented in 1976; Ontario allocated a portion of its quota to commercial fishermen.  Ohio and Michigan did not.,Piscivore
1976,Erie,White Bass,2643,,Piscivore
1976,Erie,Yellow Perch,6531,ONT: The 8'' minimum size limit was strictly enforced.,Invertivore
1977,Erie,Bullheads,169,,Benthic omnivore
1977,Erie,Burbot,0,,Piscivore
1977,Erie,Carp,3201,,Benthic omnivore
1977,Erie,Channel Catfish,362,,Benthic omnivore
1977,Erie,Cisco,0,,Planktivore
1977,Erie,Freshwater Drum,1233,,Benthic invertivore
1977,Erie,Goldfish,550,,Benthic omnivore
1977,Erie,Lake Sturgeon,5,,Benthic invertivore
1977,Erie,Lake Whitefish,5,,Benthic invertivore
1977,Erie,Northern Pike,70,,Piscivore
1977,Erie,Pacific Salmon,2,,Piscivore
1977,Erie,Rainbow Smelt,22997,ONT: Japan's consumption of small smelt increased as supplies of capelin dwindled and the value of the yen increased.  The Japanese demand for small fish complemented that of North Americans for larger smelt.,Planktivore
1977,Erie,Sauger,0,,Piscivore
1977,Erie,Suckers,72,,Benthic omnivore
1977,Erie,Walleye,599,,Piscivore
1977,Erie,White Bass,2108,,Piscivore
1977,Erie,Yellow Perch,11379,,Invertivore
1978,Erie,Bowfin,25,,Piscivore
1978,Erie,Buffalo,57,,Benthic omnivore
1978,Erie,Bullheads,118,,Benthic omnivore
1978,Erie,Burbot,0,,Piscivore
1978,Erie,Carp,1921,,Benthic omnivore
1978,Erie,Channel Catfish,326,,Benthic omnivore
1978,Erie,Freshwater Drum,1565,,Benthic invertivore
1978,Erie,Gizzard Shad,1558,,Planktivore
1978,Erie,Goldfish,758,,Benthic omnivore
1978,Erie,Lake Sturgeon,2,,Benthic invertivore
1978,Erie,Lake Trout,0,,Piscivore
1978,Erie,Lake Whitefish,5,,Benthic invertivore
1978,Erie,Minnows,0,,Omnivore
1978,Erie,Northern Pike,55,,Piscivore
1978,Erie,Pacific Salmon,0,,Piscivore
1978,Erie,Quillback,103,,Benthic omnivore
1978,Erie,Rainbow Smelt,26630,,Planktivore
1978,Erie,Rock Bass,27,,Invertivore
1978,Erie,Suckers,76,,Benthic omnivore
1978,Erie,Sunfish,51,,Invertivore
1978,Erie,Walleye,659,,Piscivore
1978,Erie,White Bass,3381,,Piscivore
1978,Erie,White Perch,0,,Invertivore
1978,Erie,Yellow Perch,11386,,Invertivore
1979,Erie,Bowfin,27,,Piscivore
1979,Erie,Buffalo,52,,Benthic omnivore
1979,Erie,Bullheads,107,,Benthic omnivore
1979,Erie,Burbot,1,,Piscivore
1979,Erie,Carp,2404,,Benthic omnivore
1979,Erie,Channel Catfish,349,,Benthic omnivore
1979,Erie,Freshwater Drum,1605,,Benthic invertivore
1979,Erie,Gizzard Shad,1957,,Planktivore
1979,Erie,Goldfish,197,,Benthic omnivore
1979,Erie,Lake Sturgeon,0,,Benthic invertivore
1979,Erie,Lake Trout,0,,Piscivore
1979,Erie,Lake Whitefish,2,,Benthic invertivore
1979,Erie,Minnows,0,,Omnivore
1979,Erie,Northern Pike,18,,Piscivore
1979,Erie,Pacific Salmon,21,,Piscivore
1979,Erie,Quillback,83,,Benthic omnivore
1979,Erie,Rainbow Smelt,23860,,Planktivore
1979,Erie,Rock Bass,48,,Invertivore
1979,Erie,Suckers,106,,Benthic omnivore
1979,Erie,Sunfish,59,,Invertivore
1979,Erie,Walleye,1297,,Piscivore
1979,Erie,White Bass,3647,,Piscivore
1979,Erie,White Perch,0,,Invertivore
1979,Erie,Yellow Perch,15197,,Invertivore
1980,Erie,Bowfin,15,,Piscivore
1980,Erie,Buffalo,65,,Benthic omnivore
1980,Erie,Bullheads,89,,Benthic omnivore
1980,Erie,Burbot,2,,Piscivore
1980,Erie,Carp,1937,,Benthic omnivore
1980,Erie,Channel Catfish,361,,Benthic omnivore
1980,Erie,Freshwater Drum,1400,,Benthic invertivore
1980,Erie,Gizzard Shad,495,,Planktivore
1980,Erie,Goldfish,83,,Benthic omnivore
1980,Erie,Lake Sturgeon,1,,Benthic invertivore
1980,Erie,Lake Trout,4,,Piscivore
1980,Erie,Lake Whitefish,4,,Benthic invertivore
1980,Erie,Minnows,0,,Omnivore
1980,Erie,Northern Pike,21,,Piscivore
1980,Erie,Pacific Salmon,22,,Piscivore
1980,Erie,Quillback,79,,Benthic omnivore
1980,Erie,Rainbow Smelt,25109,,Planktivore
1980,Erie,Rock Bass,52,,Invertivore
1980,Erie,Suckers,124,,Benthic omnivore
1980,Erie,Sunfish,38,,Invertivore
1980,Erie,Walleye,1858,,Piscivore
1980,Erie,White Bass,3521,,Piscivore
1980,Erie,White Perch,0,,Invertivore
1980,Erie,Yellow Perch,15766,,Invertivore
1981,Erie,Bowfin,37,,Piscivore
1981,Erie,Buffalo,62,,Benthic omnivore
1981,Erie,Bullheads,180,,Benthic omnivore
1981,Erie,Burbot,2,,Piscivore
1981,Erie,Carp,2745,,Benthic omnivore
1981,Erie,Channel Catfish,413,,Benthic omnivore
1981,Erie,Freshwater Drum,1729,,Benthic invertivore
1981,Erie,Gizzard Shad,70,,Planktivore
1981,Erie,Goldfish,7,,Benthic omnivore
1981,Erie,Lake Sturgeon,1,,Benthic invertivore
1981,Erie,Lake Trout,4,,Piscivore
1981,Erie,Lake Whitefish,25,,Benthic invertivore
1981,Erie,Minnows,0,,Omnivore
1981,Erie,Northern Pike,30,,Piscivore
1981,Erie,Pacific Salmon,33,,Piscivore
1981,Erie,Quillback,96,,Benthic omnivore
1981,Erie,Rainbow Smelt,30326,,Planktivore
1981,Erie,Rock Bass,31,,Invertivore
1981,Erie,Suckers,113,,Benthic omnivore
1981,Erie,Sunfish,71,,Invertivore
1981,Erie,Walleye,2167,,Piscivore
1981,Erie,White Bass,3070,,Piscivore
1981,Erie,White Perch,4,,Invertivore
1981,Erie,Yellow Perch,10764,,Invertivore
1982,Erie,Bowfin,23,,Piscivore
1982,Erie,Buffalo,58,,Benthic omnivore
1982,Erie,Bullheads,113,,Benthic omnivore
1982,Erie,Burbot,0,,Piscivore
1982,Erie,Carp,1628,,Benthic omnivore
1982,Erie,Channel Catfish,309,,Benthic omnivore
1982,Erie,Freshwater Drum,1486,,Benthic invertivore
1982,Erie,Gizzard Shad,251,,Planktivore
1982,Erie,Goldfish,11,,Benthic omnivore
1982,Erie,Lake Sturgeon,1,,Benthic invertivore
1982,Erie,Lake Trout,3,,Piscivore
1982,Erie,Lake Whitefish,27,,Benthic invertivore
1982,Erie,Minnows,0,,Omnivore
1982,Erie,Northern Pike,53,,Piscivore
1982,Erie,Pacific Salmon,37,,Piscivore
1982,Erie,Quillback,115,,Benthic omnivore
1982,Erie,Rainbow Smelt,43566,,Planktivore
1982,Erie,Rock Bass,29,,Invertivore
1982,Erie,Suckers,96,,Benthic omnivore
1982,Erie,Sunfish,59,,Invertivore
1982,Erie,Walleye,2075,,Piscivore
1982,Erie,White Bass,4138,,Piscivore
1982,Erie,White Perch,37,,Invertivore
1982,Erie,Yellow Perch,9753,,Invertivore
1983,Erie,Bowfin,82,,Piscivore
1983,Erie,Buffalo,52,,Benthic omnivore
1983,Erie,Bullheads,140,,Benthic omnivore
1983,Erie,Burbot,8,,Piscivore
1983,Erie,Carp,1749,,Benthic omnivore
1983,Erie,Channel Catfish,325,,Benthic omnivore
1983,Erie,Freshwater Drum,1328,,Benthic invertivore
1983,Erie,Gizzard Shad,1374,,Planktivore
1983,Erie,Goldfish,6,,Benthic omnivore
1983,Erie,Lake Sturgeon,2,,Benthic invertivore
1983,Erie,Lake Trout,0,,Piscivore
1983,Erie,Lake Whitefish,28,,Benthic invertivore
1983,Erie,Minnows,0,,Omnivore
1983,Erie,Northern Pike,16,,Piscivore
1983,Erie,Pacific Salmon,49,,Piscivore
1983,Erie,Quillback,103,,Benthic omnivore
1983,Erie,Rainbow Smelt,29494,,Planktivore
1983,Erie,Rock Bass,45,,Invertivore
1983,Erie,Suckers,104,,Benthic omnivore
1983,Erie,Sunfish,60,,Invertivore
1983,Erie,Walleye,3190,,Piscivore
1983,Erie,White Bass,5441,,Piscivore
1983,Erie,White Perch,206,,Invertivore
1983,Erie,Yellow Perch,6030,,Invertivore
1984,Erie,Bowfin,24,,Piscivore
1984,Erie,Buffalo,60,,Benthic omnivore
1984,Erie,Bullheads,116,,Benthic omnivore
1984,Erie,Burbot,2,,Piscivore
1984,Erie,Carp,1313,,Benthic omnivore
1984,Erie,Channel Catfish,374,,Benthic omnivore
1984,Erie,Freshwater Drum,1096,,Benthic invertivore
1984,Erie,Gizzard Shad,1663,,Planktivore
1984,Erie,Goldfish,7,,Benthic omnivore
1984,Erie,Lake Sturgeon,0,,Benthic invertivore
1984,Erie,Lake Trout,1,,Piscivore
1984,Erie,Lake Whitefish,13,,Benthic invertivore
1984,Erie,Minnows,0,,Omnivore
1984,Erie,Northern Pike,14,,Piscivore
1984,Erie,Pacific Salmon,0,,Piscivore
1984,Erie,Quillback,164,,Benthic omnivore
1984,Erie,Rainbow Smelt,16485,,Planktivore
1984,Erie,Rock Bass,27,,Invertivore
1984,Erie,Suckers,63,,Benthic omnivore
1984,Erie,Sunfish,68,,Invertivore
1984,Erie,Walleye,4195,,Piscivore
1984,Erie,White Bass,5369,,Piscivore
1984,Erie,White Perch,912,,Invertivore
1984,Erie,Yellow Perch,9257,,Invertivore
1985,Erie,Bowfin,0,,Piscivore
1985,Erie,Buffalo,79,,Benthic omnivore
1985,Erie,Bullheads,66,,Benthic omnivore
1985,Erie,Burbot,2,,Piscivore
1985,Erie,Carp,1577,,Benthic omnivore
1985,Erie,Channel Catfish,304,,Benthic omnivore
1985,Erie,Freshwater Drum,1145,,Benthic invertivore
1985,Erie,Gizzard Shad,2300,,Planktivore
1985,Erie,Goldfish,10,,Benthic omnivore
1985,Erie,Lake Sturgeon,0,,Benthic invertivore
1985,Erie,Lake Trout,1,,Piscivore
1985,Erie,Lake Whitefish,10,,Benthic invertivore
1985,Erie,Minnows,0,,Omnivore
1985,Erie,Northern Pike,0,,Piscivore
1985,Erie,Pacific Salmon,0,,Piscivore
1985,Erie,Quillback,193,,Benthic omnivore
1985,Erie,Rainbow Smelt,25478,,Planktivore
1985,Erie,Rock Bass,3,,Invertivore
1985,Erie,Suckers,82,,Benthic omnivore
1985,Erie,Sunfish,0,,Invertivore
1985,Erie,Walleye,5575,,Piscivore
1985,Erie,White Bass,6058,,Piscivore
1985,Erie,White Perch,755,,Invertivore
1985,Erie,Yellow Perch,9562,,Invertivore
1986,Erie,Bowfin,0,,Piscivore
1986,Erie,Buffalo,68,,Benthic omnivore
1986,Erie,Bullheads,88,,Benthic omnivore
1986,Erie,Burbot,5,,Piscivore
1986,Erie,Carp,1155,,Benthic omnivore
1986,Erie,Channel Catfish,319,,Benthic omnivore
1986,Erie,Freshwater Drum,1139,,Benthic invertivore
1986,Erie,Gizzard Shad,557,,Planktivore
1986,Erie,Goldfish,8,,Benthic omnivore
1986,Erie,Lake Sturgeon,0,,Benthic invertivore
1986,Erie,Lake Trout,0,,Piscivore
1986,Erie,Lake Whitefish,20,,Benthic invertivore
1986,Erie,Minnows,0,,Omnivore
1986,Erie,Northern Pike,0,,Piscivore
1986,Erie,Pacific Salmon,0,,Piscivore
1986,Erie,Quillback,128,,Benthic omnivore
1986,Erie,Rainbow Smelt,17463,,Planktivore
1986,Erie,Rock Bass,1,,Invertivore
1986,Erie,Suckers,45,,Benthic omnivore
1986,Erie,Sunfish,0,,Invertivore
1986,Erie,Walleye,6747,,Piscivore
1986,Erie,White Bass,3964,,Piscivore
1986,Erie,White Perch,802,,Invertivore
1986,Erie,Yellow Perch,11004,,Invertivore
1987,Erie,Bowfin,0,,Piscivore
1987,Erie,Buffalo,68,,Benthic omnivore
1987,Erie,Bullheads,87,,Benthic omnivore
1987,Erie,Burbot,4,,Piscivore
1987,Erie,Carp,1492,,Benthic omnivore
1987,Erie,Channel Catfish,361,,Benthic omnivore
1987,Erie,Freshwater Drum,1262,,Benthic invertivore
1987,Erie,Gizzard Shad,16,,Planktivore
1987,Erie,Goldfish,16,,Benthic omnivore
1987,Erie,Lake Sturgeon,0,,Benthic invertivore
1987,Erie,Lake Trout,0,,Piscivore
1987,Erie,Lake Whitefish,122,,Benthic invertivore
1987,Erie,Minnows,0,,Omnivore
1987,Erie,Northern Pike,0,,Piscivore
1987,Erie,Pacific Salmon,0,,Piscivore
1987,Erie,Quillback,110,,Benthic omnivore
1987,Erie,Rainbow Smelt,25561,,Planktivore
1987,Erie,Rock Bass,5,,Invertivore
1987,Erie,Suckers,54,,Benthic omnivore
1987,Erie,Sunfish,0,,Invertivore
1987,Erie,Walleye,6798,,Piscivore
1987,Erie,White Bass,3446,,Piscivore
1987,Erie,White Perch,1470,,Invertivore
1987,Erie,Yellow Perch,11232,,Invertivore
1988,Erie,Bowfin,0,,Piscivore
1988,Erie,Buffalo,54,,Benthic omnivore
1988,Erie,Bullheads,60,,Benthic omnivore
1988,Erie,Burbot,1,,Piscivore
1988,Erie,Carp,1432,,Benthic omnivore
1988,Erie,Channel Catfish,324,,Benthic omnivore
1988,Erie,Freshwater Drum,1091,,Benthic invertivore
1988,Erie,Gizzard Shad,150,,Planktivore
1988,Erie,Goldfish,12,,Benthic omnivore
1988,Erie,Lake Sturgeon,0,,Benthic invertivore
1988,Erie,Lake Trout,0,,Piscivore
1988,Erie,Lake Whitefish,115,,Benthic invertivore
1988,Erie,Minnows,0,,Omnivore
1988,Erie,Northern Pike,0,,Piscivore
1988,Erie,Pacific Salmon,0,,Piscivore
1988,Erie,Quillback,60,,Benthic omnivore
1988,Erie,Rainbow Smelt,20404,,Planktivore
1988,Erie,Rock Bass,2,,Invertivore
1988,Erie,Suckers,31,,Benthic omnivore
1988,Erie,Sunfish,0,,Invertivore
1988,Erie,Walleye,7589,,Piscivore
1988,Erie,White Bass,4475,,Piscivore
1988,Erie,White Perch,2992,,Invertivore
1988,Erie,Yellow Perch,13396,,Invertivore
1989,Erie,Bowfin,0,,Piscivore
1989,Erie,Buffalo,93,,Benthic omnivore
1989,Erie,Bullheads,84,,Benthic omnivore
1989,Erie,Burbot,5,,Piscivore
1989,Erie,Carp,1097,,Benthic omnivore
1989,Erie,Channel Catfish,396,,Benthic omnivore
1989,Erie,Freshwater Drum,841,,Benthic invertivore
1989,Erie,Gizzard Shad,62,,Planktivore
1989,Erie,Goldfish,17,,Benthic omnivore
1989,Erie,Lake Sturgeon,0,,Benthic invertivore
1989,Erie,Lake Trout,0,,Piscivore
1989,Erie,Lake Whitefish,134,,Benthic invertivore
1989,Erie,Minnows,0,,Omnivore
1989,Erie,Northern Pike,0,,Piscivore
1989,Erie,Pacific Salmon,0,,Piscivore
1989,Erie,Quillback,72,,Benthic omnivore
1989,Erie,Rainbow Smelt,16156,,Planktivore
1989,Erie,Rock Bass,3,,Invertivore
1989,Erie,Suckers,47,,Benthic omnivore
1989,Erie,Sunfish,0,,Invertivore
1989,Erie,Walleye,6889,,Piscivore
1989,Erie,White Bass,5055,,Piscivore
1989,Erie,White Perch,4504,,Invertivore
1989,Erie,Yellow Perch,14011,,Invertivore
1990,Erie,Bowfin,12,,Piscivore
1990,Erie,Buffalo,172,,Benthic omnivore
1990,Erie,Bullheads,91,,Benthic omnivore
1990,Erie,Burbot,17,,Piscivore
1990,Erie,Carp,1350,,Benthic omnivore
1990,Erie,Channel Catfish,411,,Benthic omnivore
1990,Erie,Channel Catfish and Bullheads,43,,Benthic omnivore
1990,Erie,Freshwater Drum,851,,Benthic invertivore
1990,Erie,Gizzard Shad,724,,Planktivore
1990,Erie,Goldfish,32,,Benthic omnivore
1990,Erie,Lake Sturgeon,0,,Benthic invertivore
1990,Erie,Lake Trout,0,,Piscivore
1990,Erie,Lake Whitefish,223,,Benthic invertivore
1990,Erie,Minnows,0,,Omnivore
1990,Erie,Northern Pike,18,,Piscivore
1990,Erie,Pacific Salmon,0,,Piscivore
1990,Erie,Quillback,134,,Benthic omnivore
1990,Erie,Rainbow Smelt,17835,,Planktivore
1990,Erie,Rock Bass,3,,Invertivore
1990,Erie,Suckers,48,,Benthic omnivore
1990,Erie,Sunfish,61,,Invertivore
1990,Erie,Walleye,6641,,Piscivore
1990,Erie,White Bass,4046,,Piscivore
1990,Erie,White Perch,6821,,Invertivore
1990,Erie,Yellow Perch,9151,,Invertivore
1991,Erie,American Eel,1,,Benthic invertivore
1991,Erie,Bowfin,0,,Piscivore
1991,Erie,Buffalo,203,,Benthic omnivore
1991,Erie,Bullheads,50,,Benthic omnivore
1991,Erie,Burbot,33,,Piscivore
1991,Erie,Carp,1271,,Benthic omnivore
1991,Erie,Channel Catfish,421,,Benthic omnivore
1991,Erie,Channel Catfish and Bullheads,43,,Benthic omnivore
1991,Erie,Freshwater Drum,811,,Benthic invertivore
1991,Erie,Gizzard Shad,424,,Planktivore
1991,Erie,Goldfish,39,,Benthic omnivore
1991,Erie,Lake Sturgeon,0,,Benthic invertivore
1991,Erie,Lake Trout,0,,Piscivore
1991,Erie,Lake Whitefish,634,,Benthic invertivore
1991,Erie,Minnows,4,,Omnivore
1991,Erie,Northern Pike,,,Piscivore
1991,Erie,Pacific Salmon,0,,Piscivore
1991,Erie,Quillback,185,,Benthic omnivore
1991,Erie,Rainbow Smelt,20221,,Planktivore
1991,Erie,Rock Bass,3,,Invertivore
1991,Erie,Suckers,56,,Benthic omnivore
1991,Erie,Sunfish,0,,Invertivore
1991,Erie,Walleye,6158,,Piscivore
1991,Erie,White Bass,2405,,Piscivore
1991,Erie,White Perch,7957,,Invertivore
1991,Erie,Yellow Perch,5332,,Invertivore
1992,Erie,American Eel,0,,Benthic invertivore
1992,Erie,Bowfin,0,,Piscivore
1992,Erie,Buffalo,397,,Benthic omnivore
1992,Erie,Bullheads,40,,Benthic omnivore
1992,Erie,Burbot,26,,Piscivore
1992,Erie,Carp,2082,,Benthic omnivore
1992,Erie,Channel Catfish,382,,Benthic omnivore
1992,Erie,Channel Catfish and Bullheads,44,,Benthic omnivore
1992,Erie,Freshwater Drum,899,,Benthic invertivore
1992,Erie,Gizzard Shad,122,,Planktivore
1992,Erie,Goldfish,27,,Benthic omnivore
1992,Erie,Lake Sturgeon,0,,Benthic invertivore
1992,Erie,Lake Trout,0,,Piscivore
1992,Erie,Lake Whitefish,644,,Benthic invertivore
1992,Erie,Minnows,1,,Omnivore
1992,Erie,Northern Pike,,,Piscivore
1992,Erie,Pacific Salmon,0,,Piscivore
1992,Erie,Quillback,323,,Benthic omnivore
1992,Erie,Rainbow Smelt,12711,,Planktivore
1992,Erie,Rock Bass,4,,Invertivore
1992,Erie,Suckers,72,,Benthic omnivore
1992,Erie,Sunfish,0,,Invertivore
1992,Erie,Walleye,6814,,Piscivore
1992,Erie,White Bass,1253,,Piscivore
1992,Erie,White Perch,6173,,Invertivore
1992,Erie,Yellow Perch,5110,,Invertivore
1993,Erie,American Eel,0,,Benthic invertivore
1993,Erie,Bowfin,0,,Piscivore
1993,Erie,Buffalo,345,,Benthic omnivore
1993,Erie,Bullheads,39,,Benthic omnivore
1993,Erie,Burbot,10,,Piscivore
1993,Erie,Carp,1421,,Benthic omnivore
1993,Erie,Channel Catfish,373,,Benthic omnivore
1993,Erie,Channel Catfish and Bullheads,38,,Benthic omnivore
1993,Erie,Freshwater Drum,1159,,Benthic invertivore
1993,Erie,Gizzard Shad,509,,Planktivore
1993,Erie,Goldfish,10,,Benthic omnivore
1993,Erie,Lake Sturgeon,0,,Benthic invertivore
1993,Erie,Lake Trout,0,,Piscivore
1993,Erie,Lake Whitefish,771,,Benthic invertivore
1993,Erie,Minnows,5,,Omnivore
1993,Erie,Northern Pike,,,Piscivore
1993,Erie,Pacific Salmon,0,,Piscivore
1993,Erie,Quillback,280,,Benthic omnivore
1993,Erie,Rainbow Smelt,17505,,Planktivore
1993,Erie,Rock Bass,4,,Invertivore
1993,Erie,Suckers,69,,Benthic omnivore
1993,Erie,Sunfish,0,,Invertivore
1993,Erie,Walleye,10200,,Piscivore
1993,Erie,White Bass,1101,,Piscivore
1993,Erie,White Perch,2350,,Invertivore
1993,Erie,Yellow Perch,4236,,Invertivore
1994,Erie,American Eel,0,,Benthic invertivore
1994,Erie,Bowfin,0,,Piscivore
1994,Erie,Buffalo,295,,Benthic omnivore
1994,Erie,Bullheads,23,,Benthic omnivore
1994,Erie,Burbot,22,,Piscivore
1994,Erie,Carp,2058,,Benthic omnivore
1994,Erie,Channel Catfish,420,,Benthic omnivore
1994,Erie,Channel Catfish and Bullheads,44,,Benthic omnivore
1994,Erie,Freshwater Drum,1205,,Benthic invertivore
1994,Erie,Gizzard Shad,111,,Planktivore
1994,Erie,Goldfish,12,,Benthic omnivore
1994,Erie,Lake Sturgeon,0,,Benthic invertivore
1994,Erie,Lake Trout,1,,Piscivore
1994,Erie,Lake Whitefish,870,,Benthic invertivore
1994,Erie,Minnows,8,,Omnivore
1994,Erie,Northern Pike,,,Piscivore
1994,Erie,Pacific Salmon,0,,Piscivore
1994,Erie,Quillback,286,,Benthic omnivore
1994,Erie,Rainbow Smelt,10593,,Planktivore
1994,Erie,Rock Bass,3,,Invertivore
1994,Erie,Suckers,156,,Benthic omnivore
1994,Erie,Sunfish,0,,Invertivore
1994,Erie,Walleye,9328,,Piscivore
1994,Erie,White Bass,1581,,Piscivore
1994,Erie,White Perch,3443,,Invertivore
1994,Erie,Yellow Perch,3285,,Invertivore
1995,Erie,American Eel,0,,Benthic invertivore
1995,Erie,Bowfin,0,,Piscivore
1995,Erie,Buffalo,270,,Benthic omnivore
1995,Erie,Bullheads,43,,Benthic omnivore
1995,Erie,Burbot,40,,Piscivore
1995,Erie,Carp,2119,,Benthic omnivore
1995,Erie,Channel Catfish,425,,Benthic omnivore
1995,Erie,Channel Catfish and Bullheads,27,,Benthic omnivore
1995,Erie,Freshwater Drum,1030,,Benthic invertivore
1995,Erie,Gizzard Shad,78,,Planktivore
1995,Erie,Goldfish,10,,Benthic omnivore
1995,Erie,Lake Sturgeon,0,,Benthic invertivore
1995,Erie,Lake Trout,0,,Piscivore
1995,Erie,Lake Whitefish,929,,Benthic invertivore
1995,Erie,Minnows,0,,Omnivore
1995,Erie,Northern Pike,,,Piscivore
1995,Erie,Pacific Salmon,0,,Piscivore
1995,Erie,Quillback,328,,Benthic omnivore
1995,Erie,Rainbow Smelt,12121,,Planktivore
1995,Erie,Rock Bass,4,,Invertivore
1995,Erie,Suckers,96,,Benthic omnivore
1995,Erie,Sunfish,0,,Invertivore
1995,Erie,Walleye,9971,,Piscivore
1995,Erie,White Bass,788,,Piscivore
1995,Erie,White Perch,1767,,Invertivore
1995,Erie,Yellow Perch,2788,,Invertivore
1996,Erie,American Eel,0,,Benthic invertivore
1996,Erie,Bowfin,0,,Piscivore
1996,Erie,Buffalo,368,,Benthic omnivore
1996,Erie,Bullheads,20.872,,Benthic omnivore
1996,Erie,Burbot,15.262,,Piscivore
1996,Erie,Carp,2035,,Benthic omnivore
1996,Erie,Channel Catfish,486.848,,Benthic omnivore
1996,Erie,Channel Catfish and Bullheads,34,,Benthic omnivore
1996,Erie,Freshwater Drum,757.234,,Benthic invertivore
1996,Erie,Gizzard Shad,48,,Planktivore
1996,Erie,Goldfish,21,,Benthic omnivore
1996,Erie,Lake Sturgeon,0,,Benthic invertivore
1996,Erie,Lake Trout,0,,Piscivore
1996,Erie,Lake Whitefish,684.002,,Benthic invertivore
1996,Erie,Minnows,3.954,,Omnivore
1996,Erie,Northern Pike,,,Piscivore
1996,Erie,Pacific Salmon,0,,Piscivore
1996,Erie,Quillback,267,,Benthic omnivore
1996,Erie,Rainbow Smelt,8745,,Planktivore
1996,Erie,Rock Bass,4,,Invertivore
1996,Erie,Suckers,87.705,,Benthic omnivore
1996,Erie,Sunfish,0,,Invertivore
1996,Erie,Walleye,10937.081,,Piscivore
1996,Erie,White Bass,2373.096,,Piscivore
1996,Erie,White Perch,1187.235,,Invertivore
1996,Erie,Yellow Perch,3382.34,,Invertivore
1997,Erie,American Eel,0,,Benthic invertivore
1997,Erie,Bowfin,0,ONT: Data is Processor weight (thousands of pounds),Piscivore
1997,Erie,Buffalo,445,ONT: Data is Processor weight (thousands of pounds),Benthic omnivore
1997,Erie,Bullheads,24.626,ONT: Data is Processor weight (thousands of pounds),Benthic omnivore
1997,Erie,Burbot,18.91,ONT: Data is Processor weight (thousands of pounds),Piscivore
1997,Erie,Carp,1750.096,ONT: Data is Processor weight (thousands of pounds),Benthic omnivore
1997,Erie,Channel Catfish,334.806,ONT: Data is Processor weight (thousands of pounds),Benthic omnivore
1997,Erie,Freshwater Drum,881.117,ONT: Data is Processor weight (thousands of pounds),Benthic invertivore
1997,Erie,Gizzard Shad,365,ONT: Data is Processor weight (thousands of pounds),Planktivore
1997,Erie,Goldfish,21,,Benthic omnivore
1997,Erie,Lake Sturgeon,0,,Benthic invertivore
1997,Erie,Lake Trout,0,,Piscivore
1997,Erie,Lake Whitefish,673.597,ONT: Data is Processor weight (thousands of pounds),Benthic invertivore
1997,Erie,Minnows,5,,Omnivore
1997,Erie,Northern Pike,0,,Piscivore
1997,Erie,Pacific Salmon,0,,Piscivore
1997,Erie,Quillback,192,ONT: Data is Processor weight (thousands of pounds),Benthic omnivore
1997,Erie,Rainbow Smelt,13062,ONT: Data is Processor weight (thousands of pounds),Planktivore
1997,Erie,Rock Bass,2,ONT: Data is Processor weight (thousands of pounds),Invertivore
1997,Erie,Suckers,74.989,ONT: Data is Processor weight (thousands of pounds),Benthic omnivore
1997,Erie,Sunfish,0,,Invertivore
1997,Erie,Walleye,10700.193,ONT: Data is Processor weight (thousands of pounds),Piscivore
1997,Erie,White Bass,2597.386,ONT: Data is Processor weight (thousands of pounds),Piscivore
1997,Erie,White Perch,779.628,ONT: Data is Processor weight (thousands of pounds),Invertivore
1997,Erie,Yellow Perch,4841.398,ONT: Data is Processor weight (thousands of pounds),Invertivore
1998,Erie,American Eel,0,,Benthic invertivore
1998,Erie,Bowfin,33,,Piscivore
1998,Erie,Buffalo,350,,Benthic omnivore
1998,Erie,Bullheads,44.972,,Benthic omnivore
1998,Erie,Burbot,18.963,,Piscivore
1998,Erie,Carp,1997.132,,Benthic omnivore
1998,Erie,Channel Catfish,333.125,,Benthic omnivore
1998,Erie,Crappie,5,,Invertivore
1998,Erie,Freshwater Drum,734.628,,Benthic invertivore
1998,Erie,Gizzard Shad,252,,Planktivore
1998,Erie,Goldfish,15,,Benthic omnivore
1998,Erie,Lake Sturgeon,0,,Benthic invertivore
1998,Erie,Lake Trout,0,,Piscivore
1998,Erie,Lake Whitefish,1184.496,,Benthic invertivore
1998,Erie,Minnows,4,,Omnivore
1998,Erie,Northern Pike,20,,Piscivore
1998,Erie,Pacific Salmon,0,,Piscivore
1998,Erie,Quillback,250,,Benthic omnivore
1998,Erie,Rainbow Smelt,14190,,Planktivore
1998,Erie,Rock Bass,11,,Invertivore
1998,Erie,Suckers,65.827,,Benthic omnivore
1998,Erie,Sunfish,56,,Invertivore
1998,Erie,Walleye,10333.417,,Piscivore
1998,Erie,White Bass,2686.113,,Piscivore
1998,Erie,White Perch,574.701,,Invertivore
1998,Erie,Yellow Perch,4544.281,,Invertivore
1999,Erie,American Eel,0,,Benthic invertivore
1999,Erie,Bowfin,43,,Piscivore
1999,Erie,Buffalo,325,,Benthic omnivore
1999,Erie,Bullheads,175.619,,Benthic omnivore
1999,Erie,Burbot,41.943,,Piscivore
1999,Erie,Carp,1583,,Benthic omnivore
1999,Erie,Channel Catfish,336.877,,Benthic omnivore
1999,Erie,Crappie,7,,Invertivore
1999,Erie,Freshwater Drum,196.677,,Benthic invertivore
1999,Erie,Gizzard Shad,130,,Planktivore
1999,Erie,Goldfish,21,,Benthic omnivore
1999,Erie,Lake Sturgeon,0,,Benthic invertivore
1999,Erie,Lake Trout,0,,Piscivore
1999,Erie,Lake Whitefish,1249.67,,Benthic invertivore
1999,Erie,Minnows,2,,Omnivore
1999,Erie,Northern Pike,20,,Piscivore
1999,Erie,Pacific Salmon,0,,Piscivore
1999,Erie,Quillback,171,,Benthic omnivore
1999,Erie,Rainbow Smelt,12521,,Planktivore
1999,Erie,Rock Bass,13,,Invertivore
1999,Erie,Suckers,40.43,,Benthic omnivore
1999,Erie,Sunfish,50,,Invertivore
1999,Erie,Walleye,9148.229,,Piscivore
1999,Erie,White Bass,2642.67,,Piscivore
1999,Erie,White Perch,406.201,,Invertivore
1999,Erie,Yellow Perch,4185.905,,Invertivore
2000,Erie,Bowfin,,,Piscivore
2000,Erie,Buffalo,217,Canadian data is processor weight,Benthic omnivore
2000,Erie,Bullheads,44.861,Canadian data is processor weight,Benthic omnivore
2000,Erie,Burbot,33.529,Canadian data is processor weight,Piscivore
2000,Erie,Carp,1484,Canadian data is processor weight,Benthic omnivore
2000,Erie,Channel catfish,280.269,Canadian data is processor weight,Benthic omnivore
2000,Erie,Freshwater Drum,526.567,Canadian data is processor weight,Benthic invertivore
2000,Erie,Gizzard Shad,59,Canadian data is processor weight,Planktivore
2000,Erie,Goldfish,22,,Benthic omnivore
2000,Erie,Lake Trout,,,Piscivore
2000,Erie,Lake Whitefish,1350,Canadian data is processor weight,Benthic invertivore
2000,Erie,Minnows,10.18,,Omnivore
2000,Erie,Northern Pike,,,Piscivore
2000,Erie,Quillback,140,,Benthic omnivore
2000,Erie,Rainbow Smelt,7162,Canadian data is processor weight,Planktivore
2000,Erie,Rock Bass,0,Canadian data is processor weight,Invertivore
2000,Erie,Suckers,36.298,Canadian data is processor weight,Benthic omnivore
2000,Erie,Walleye,7044.183,Canadian data is processor weight,Piscivore
2000,Erie,White Bass,3441.338,Canadian data is processor weight,Piscivore
2000,Erie,White Perch,485.379,Canadian data is processor weight,Invertivore
2000,Erie,Yellow Perch,4339.95,Canadian data is processor weight,Invertivore
2001,Erie,Bowfin,,,Piscivore
2001,Erie,Buffalo,315.393,Canadian data is processor weight,Benthic omnivore
2001,Erie,Bullheads,25.791,,Benthic omnivore
2001,Erie,Burbot,10.359,Canadian data is processor weight,Piscivore
2001,Erie,Carp,1123.495,Canadian data is processor weight,Benthic omnivore
2001,Erie,Channel catfish,342.929,Canadian data is processor weight,Benthic omnivore
2001,Erie,Freshwater Drum,367.316,Canadian data is processor weight,Benthic invertivore
2001,Erie,Gizzard Shad,51.055,Canadian data is processor weight,Planktivore
2001,Erie,Goldfish,27.281,,Benthic omnivore
2001,Erie,Lake Trout,,,Piscivore
2001,Erie,Lake Whitefish,1196,Canadian data is processor weight,Benthic invertivore
2001,Erie,Minnows,5.294,,Omnivore
2001,Erie,Northern Pike,,,Piscivore
2001,Erie,Quillback,150.31,,Benthic omnivore
2001,Erie,Rainbow Smelt,9345,Canadian data is processor weight,Planktivore
2001,Erie,Rock Bass,0,Canadian data is processor weight,Invertivore
2001,Erie,Suckers,43.042,Canadian data is processor weight,Benthic omnivore
2001,Erie,Walleye,3792.073,Canadian data is processor weight,Piscivore
2001,Erie,White Bass,3864.535,Canadian data is processor weight,Piscivore
2001,Erie,White Perch,800.427,Canadian data is processor weight,Invertivore
2001,Erie,Yellow Perch,4718.702,Canadian data is processor weight,Invertivore
2002,Erie,Bowfin,,,Piscivore
2002,Erie,Buffalo,357.367,Canadian data is landed weight,Benthic omnivore
2002,Erie,Bullheads,29.518,,Benthic omnivore
2002,Erie,Burbot,13.177,Canadian data is landed weight,Piscivore
2002,Erie,Carp,912.82,Canadian data is landed weight,Benthic omnivore
2002,Erie,Channel catfish,356.23,Canadian data is landed weight,Benthic omnivore
2002,Erie,Freshwater Drum,337.424,Canadian data is landed weight,Benthic invertivore
2002,Erie,Gizzard Shad,552.655,Canadian data is landed weight,Planktivore
2002,Erie,Goldfish,15.66,,Benthic omnivore
2002,Erie,Lake Trout,,,Piscivore
2002,Erie,Lake Whitefish,1057.025,Canadian data is landed weight,Benthic invertivore
2002,Erie,Minnows,1.688,,Omnivore
2002,Erie,Northern Pike,,,Piscivore
2002,Erie,Quillback,171.3,,Benthic omnivore
2002,Erie,Rainbow Smelt,7480,Canadian data is landed weight,Planktivore
2002,Erie,Rock Bass,1,Canadian data is landed weight,Invertivore
2002,Erie,Suckers,41.65,Canadian data is landed weight,Benthic omnivore
2002,Erie,Sunfish,0,,Invertivore
2002,Erie,Walleye,3928.043,Canadian data is landed weight,Piscivore
2002,Erie,White Bass,6323.829,Canadian data is landed weight,Piscivore
2002,Erie,White Perch,1710.489,Canadian data is landed weight,Invertivore
2002,Erie,Yellow Perch,6385.03,Canadian data is landed weight,Invertivore
2003,Erie,Bowfin,,,Piscivore
2003,Erie,Buffalo,329.35,Canadian data is landed weight,Benthic omnivore
2003,Erie,Bullheads,22.93,,Benthic omnivore
2003,Erie,Burbot,4.821,Canadian data is landed weight,Piscivore
2003,Erie,Carp,647.02,Canadian data is landed weight,Benthic omnivore
2003,Erie,Channel catfish,331.963,Canadian data is landed weight,Benthic omnivore
2003,Erie,Freshwater Drum,327.936,Canadian data is landed weight,Benthic invertivore
2003,Erie,Gizzard Shad,11,Canadian data is landed weight,Planktivore
2003,Erie,Goldfish,31,,Benthic omnivore
2003,Erie,Lake Trout,,,Piscivore
2003,Erie,Lake Whitefish,612.093,Canadian data is landed weight,Benthic invertivore
2003,Erie,Minnows,6.643,,Omnivore
2003,Erie,Northern Pike,,,Piscivore
2003,Erie,Quillback,229.15,,Benthic omnivore
2003,Erie,Rainbow Smelt,7395,Canadian data is landed weight,Planktivore
2003,Erie,Rock Bass,0,Canadian data is landed weight,Invertivore
2003,Erie,Suckers,16.323,Canadian data is landed weight,Benthic omnivore
2003,Erie,Sunfish,0,,Invertivore
2003,Erie,Walleye,3939.129,Canadian data is landed weight,Piscivore
2003,Erie,White Bass,3486.088,Canadian data is landed weight,Piscivore
2003,Erie,White Perch,1586.408,Canadian data is landed weight,Invertivore
2003,Erie,Yellow Perch,6564.05,Canadian data is landed weight,Invertivore
2004,Erie,Bowfin,,,Piscivore
2004,Erie,Buffalo,241.883,,Benthic omnivore
2004,Erie,Bullheads,12.936,Canadian data is landed weight,Benthic omnivore
2004,Erie,Burbot,8.401,Canadian data is landed weight,Piscivore
2004,Erie,Carp,557.38,Canadian data is landed weight,Benthic omnivore
2004,Erie,Channel catfish,292.672,Canadian data is landed weight,Benthic omnivore
2004,Erie,Freshwater Drum,373.486,Canadian data is landed weight,Benthic invertivore
2004,Erie,Gizzard Shad,91.12,Canadian data is landed weight,Planktivore
2004,Erie,Goldfish,20,,Benthic omnivore
2004,Erie,Lake Trout,,,Piscivore
2004,Erie,Lake Whitefish,628.091,Canadian data is landed weight,Benthic invertivore
2004,Erie,Minnows,2.258,,Omnivore
2004,Erie,Northern Pike,,,Piscivore
2004,Erie,Quillback,194.4,,Benthic omnivore
2004,Erie,Rainbow Smelt,12967,Canadian data is landed weight,Planktivore
2004,Erie,Rock Bass,0,Canadian data is landed weight,Invertivore
2004,Erie,Suckers,108.3,Canadian data is landed weight,Benthic omnivore
2004,Erie,Sunfish,,,Invertivore
2004,Erie,Walleye,2820.501,Canadian data is landed weight,Piscivore
2004,Erie,White Bass,3727.083,Canadian data is landed weight,Piscivore
2004,Erie,White Perch,2138.459,Canadian data is landed weight,Invertivore
2004,Erie,Yellow Perch,6968.753,Canadian data is landed weight,Invertivore
2005,Erie,Bowfin,,,Piscivore
2005,Erie,Buffalo,326.621,,Benthic omnivore
2005,Erie,Bullheads,25.363,Canadian data is landed weight,Benthic omnivore
2005,Erie,Burbot,14.238,Canadian data is landed weight,Piscivore
2005,Erie,Carp,668.7,Canadian data is landed weight,Benthic omnivore
2005,Erie,Channel catfish,337.537,Canadian data is landed weight,Benthic omnivore
2005,Erie,Freshwater Drum,581.381,Canadian data is landed weight,Benthic invertivore
2005,Erie,Gizzard Shad,302.91,Canadian data is landed weight,Planktivore
2005,Erie,Goldfish,123.333,,Benthic omnivore
2005,Erie,Lake Trout,,,Piscivore
2005,Erie,Lake Whitefish,328.563,Canadian data is landed weight,Benthic invertivore
2005,Erie,Minnows,326.119,,Omnivore
2005,Erie,Northern Pike,,,Piscivore
2005,Erie,Quillback,326.6,,Benthic omnivore
2005,Erie,Rainbow Smelt,6881,Canadian data is landed weight,Planktivore
2005,Erie,Rock Bass,0,Canadian data is landed weight,Invertivore
2005,Erie,Suckers,135.962,Canadian data is landed weight,Benthic omnivore
2005,Erie,Sunfish,,,Invertivore
2005,Erie,Walleye,6404.83,Canadian data is landed weight,Piscivore
2005,Erie,White Bass,2926.492,Canadian data is landed weight,Piscivore
2005,Erie,White Perch,2783.844,Canadian data is landed weight,Invertivore
2005,Erie,Yellow Perch,7756.228,Canadian data is landed weight,Invertivore
2006,Erie,Bowfin,,,Piscivore
2006,Erie,Buffalo,348.269,,Benthic omnivore
2006,Erie,Bullheads,33.894,,Benthic omnivore
2006,Erie,Burbot,4.723,,Piscivore
2006,Erie,Carp,662.123,,Benthic omnivore
2006,Erie,Channel catfish,444.223,,Benthic omnivore
2006,Erie,Freshwater Drum,539.651,,Benthic invertivore
2006,Erie,Gizzard Shad,58.382,,Planktivore
2006,Erie,Goldfish,126.171,,Benthic omnivore
2006,Erie,Lake Trout,,,Piscivore
2006,Erie,Lake Whitefish,363.056,,Benthic invertivore
2006,Erie,Minnows,6.78,,Omnivore
2006,Erie,Northern Pike,,,Piscivore
2006,Erie,Quillback,255.03,,Benthic omnivore
2006,Erie,Rainbow Smelt,1847,,Planktivore
2006,Erie,Rock Bass,0,,Invertivore
2006,Erie,Suckers,99.235,,Benthic omnivore
2006,Erie,Sunfish,,,Invertivore
2006,Erie,Walleye,7977.818,,Piscivore
2006,Erie,White Bass,2645.458,,Piscivore
2006,Erie,White Perch,2851.361,,Invertivore
2006,Erie,Yellow Perch,9196.517,,Invertivore
2007,Erie,Bowfin,,,Piscivore
2007,Erie,Buffalo,484.282,,Benthic omnivore
2007,Erie,Bullheads,38.898,,Benthic omnivore
2007,Erie,Burbot,5.088,,Piscivore
2007,Erie,Carp,567.356,,Benthic omnivore
2007,Erie,Channel catfish,451.138,,Benthic omnivore
2007,Erie,Freshwater Drum,431.558,,Benthic invertivore
2007,Erie,Gizzard Shad,297.695,,Planktivore
2007,Erie,Goldfish,68.14,,Benthic omnivore
2007,Erie,Lake Trout,,,Piscivore
2007,Erie,Lake Whitefish,926.484,,Benthic invertivore
2007,Erie,Minnows,6.713,,Omnivore
2007,Erie,Northern Pike,,,Piscivore
2007,Erie,Quillback,220.9,,Benthic omnivore
2007,Erie,Rainbow Smelt,9884,,Planktivore
2007,Erie,Rock Bass,0,,Invertivore
2007,Erie,Suckers,55.661,,Benthic omnivore
2007,Erie,Sunfish,4,,Invertivore
2007,Erie,Walleye,5784.88,,Piscivore
2007,Erie,White Bass,3646.02,,Piscivore
2007,Erie,White Perch,3215.564,,Invertivore
2007,Erie,Yellow Perch,7749.471,,Invertivore
2008,Erie,Bowfin,,,Piscivore
2008,Erie,Buffalo,369.726,,Benthic omnivore
2008,Erie,Bullheads,59.165,,Benthic omnivore
2008,Erie,Burbot,1.301,,Piscivore
2008,Erie,Carp,408.881,,Benthic omnivore
2008,Erie,Channel catfish,528.514,,Benthic omnivore
2008,Erie,Freshwater Drum,633.034,,Benthic invertivore
2008,Erie,Gizzard Shad,175.008,,Planktivore
2008,Erie,Goldfish,117.361,,Benthic omnivore
2008,Erie,Lake Trout,,,Piscivore
2008,Erie,Lake Whitefish,1037.389,,Benthic invertivore
2008,Erie,Minnows,10.626,,Omnivore
2008,Erie,Northern Pike,,,Piscivore
2008,Erie,Quillback,199.257,,Benthic omnivore
2008,Erie,Rainbow Smelt,8219,,Planktivore
2008,Erie,Rock Bass,0,,Invertivore
2008,Erie,Suckers,77.526,,Benthic omnivore
2008,Erie,Sunfish,2,,Invertivore
2008,Erie,Walleye,4980.294,,Piscivore
2008,Erie,White Bass,4825.17,,Piscivore
2008,Erie,White Perch,2835.453,,Invertivore
2008,Erie,Yellow Perch,6560.927,,Invertivore
2009,Erie,Bowfin,,,Piscivore
2009,Erie,Buffalo,502.301,,Benthic omnivore
2009,Erie,Bullheads,77.942,,Benthic omnivore
2009,Erie,Burbot,4.609,,Piscivore
2009,Erie,Carp,453.942,,Benthic omnivore
2009,Erie,Channel catfish,500.725,,Benthic omnivore
2009,Erie,Freshwater Drum,857.032,,Benthic invertivore
2009,Erie,Gizzard Shad,140.379,,Planktivore
2009,Erie,Goldfish,152.761,,Benthic omnivore
2009,Erie,Lake Trout,0,,Piscivore
2009,Erie,Lake Whitefish,1113.65,,Benthic invertivore
2009,Erie,Minnows,13.622,,Omnivore
2009,Erie,Northern Pike,,,Piscivore
2009,Erie,Quillback,214.9,,Benthic omnivore
2009,Erie,Rainbow Smelt,8068,,Planktivore
2009,Erie,Rock Bass,0,,Invertivore
2009,Erie,Suckers,102.823,,Benthic omnivore
2009,Erie,Sunfish,2,,Invertivore
2009,Erie,Walleye,3520,,Piscivore
2009,Erie,White Bass,3864.949,,Piscivore
2009,Erie,White Perch,3008.417,,Invertivore
2009,Erie,Yellow Perch,7387.296,,Invertivore
2010,Erie,Bowfin,0,,Piscivore
2010,Erie,Buffalo,412.511,,Benthic omnivore
2010,Erie,Bullheads,80.612,,Benthic omnivore
2010,Erie,Burbot,3.071,,Piscivore
2010,Erie,Carp,434.749,,Benthic omnivore
2010,Erie,Channel catfish,530.913,,Benthic omnivore
2010,Erie,Freshwater Drum,788.573,,Benthic invertivore
2010,Erie,Gar,0.052,,Piscivore
2010,Erie,Gizzard Shad,46,,Planktivore
2010,Erie,Goldfish,137.55,,Benthic omnivore
2010,Erie,Lake Trout,0,,Piscivore
2010,Erie,Lake Whitefish,684.129,,Benthic invertivore
2010,Erie,Minnows,17.674,,Omnivore
2010,Erie,Northern Pike,,,Piscivore
2010,Erie,Quillback,305.037,,Benthic omnivore
2010,Erie,Rainbow Smelt,3255,,Planktivore
2010,Erie,Rock Bass,0,,Invertivore
2010,Erie,Suckers,46.459,ONT total includes <100 lbs of redhorse,Benthic omnivore
2010,Erie,Sunfish,0,,Invertivore
2010,Erie,Walleye,3274.109,,Piscivore
2010,Erie,White Bass,4001.038,,Piscivore
2010,Erie,White Perch,2780.959,,Invertivore
2010,Erie,Yellow Perch,7938.026,,Invertivore
2011,Erie,Bowfin,0,,Piscivore
2011,Erie,Buffalo,482.34,,Benthic omnivore
2011,Erie,Bullheads,107.852,,Benthic omnivore
2011,Erie,Burbot,3.017,,Piscivore
2011,Erie,Carp,612.299,,Benthic omnivore
2011,Erie,Channel catfish,677.352,,Benthic omnivore
2011,Erie,Crappie,0,,Invertivore
2011,Erie,Freshwater Drum,942.535,,Benthic invertivore
2011,Erie,Gizzard Shad,19.921,,Planktivore
2011,Erie,Goldfish,154.782,,Benthic omnivore
2011,Erie,Lake Trout,,,Piscivore
2011,Erie,Lake Whitefish,616.96,,Benthic invertivore
2011,Erie,Minnows,13.242,,Omnivore
2011,Erie,Northern Pike,,,Piscivore
2011,Erie,Quillback,283.027,,Benthic omnivore
2011,Erie,Rainbow Smelt,5910,,Planktivore
2011,Erie,Rock Bass,0,,Invertivore
2011,Erie,Suckers,67.17,ONT total includes <100 lbs of redhorse,Benthic omnivore
2011,Erie,Sunfish,0,,Invertivore
2011,Erie,Walleye,4417.001,,Piscivore
2011,Erie,White Bass,2256.455,,Piscivore
2011,Erie,White Perch,2825.167,,Invertivore
2011,Erie,Yellow Perch,7941.4,,Invertivore
2012,Erie,Bowfin,18.915,,Piscivore
2012,Erie,Buffalo,530.085,,Benthic omnivore
2012,Erie,Bullheads,71.59,,Benthic omnivore
2012,Erie,Burbot,1.391,,Piscivore
2012,Erie,Carp,718.35,,Benthic omnivore
2012,Erie,Channel catfish,537.758,,Benthic omnivore
2012,Erie,Cisco,0,,Planktivore
2012,Erie,Freshwater Drum,739.063,,Benthic invertivore
2012,Erie,Gizzard Shad,166.015,,Planktivore
2012,Erie,Goldfish,99.073,,Benthic omnivore
2012,Erie,Lake Trout,,,Piscivore
2012,Erie,Lake Whitefish,341.323,,Benthic invertivore
2012,Erie,Minnows,19.574,,Omnivore
2012,Erie,Northern Pike,11,,Piscivore
2012,Erie,Quillback,253.468,,Benthic omnivore
2012,Erie,Rainbow Smelt,7452,,Planktivore
2012,Erie,Rock Bass,5,,Invertivore
2012,Erie,Suckers,54.414,,Benthic omnivore
2012,Erie,Sunfish,15,,Invertivore
2012,Erie,Walleye,5050.059,,Piscivore
2012,Erie,White Bass,4180.3,,Piscivore
2012,Erie,White Perch,3242.508,,Invertivore
2012,Erie,Yellow Perch,8698.142,,Invertivore
2013,Erie,Bowfin,,,Piscivore
2013,Erie,Buffalo,379.084,,Benthic omnivore
2013,Erie,Bullheads,50.796,,Benthic omnivore
2013,Erie,Burbot,0.648,,Piscivore
2013,Erie,Carp,404.035,,Benthic omnivore
2013,Erie,Channel catfish,587.688,,Benthic omnivore
2013,Erie,Cisco,0,,Planktivore
2013,Erie,Freshwater Drum,615.339,,Benthic invertivore
2013,Erie,Gizzard Shad,43.962,,Planktivore
2013,Erie,Goldfish,103.685,,Benthic omnivore
2013,Erie,Lake Trout,,,Piscivore
2013,Erie,Lake Whitefish,157.919,,Benthic invertivore
2013,Erie,Minnows,23.742,,Omnivore
2013,Erie,Northern Pike,,,Piscivore
2013,Erie,Quillback,284.375,,Benthic omnivore
2013,Erie,Rainbow Smelt,6935.315,,Planktivore
2013,Erie,Rock Bass,0.038,,Invertivore
2013,Erie,Suckers,63.207,,Benthic omnivore
2013,Erie,Sunfish,0,,Invertivore
2013,Erie,Walleye,4553.58,,Piscivore
2013,Erie,White Bass,6094.708,,Piscivore
2013,Erie,White Perch,2452.504,,Invertivore
2013,Erie,Yellow Perch,7480.014,,Invertivore
2014,Erie,Bowfin,0.18,,Piscivore
2014,Erie,Buffalo,392.197,,Benthic omnivore
2014,Erie,Bullheads,27.355,,Benthic omnivore
2014,Erie,Burbot,0.267,,Piscivore
2014,Erie,Carp,440.846,,Benthic omnivore
2014,Erie,Channel catfish,557.975,,Benthic omnivore
2014,Erie,Cisco,0,,Planktivore
2014,Erie,Freshwater Drum,589.919,,Benthic invertivore
2014,Erie,Gizzard Shad,36.004,,Planktivore
2014,Erie,Goldfish,67.928,,Benthic omnivore
2014,Erie,Lake Trout,,,Piscivore
2014,Erie,Lake Whitefish,148.051,,Benthic invertivore
2014,Erie,Minnows,33.724,,Omnivore
2014,Erie,Northern Pike,,,Piscivore
2014,Erie,Quillback,212.072,,Benthic omnivore
2014,Erie,Rainbow Smelt,6051.15,,Planktivore
2014,Erie,Rock Bass,0.043,,Invertivore
2014,Erie,Suckers,28.951,,Benthic omnivore
2014,Erie,Sunfish,0,Includes Pomoxis,Invertivore
2014,Erie,Walleye,4870.668,,Piscivore
2014,Erie,White Bass,5441.274,,Piscivore
2014,Erie,White Perch,2485.005,,Invertivore
2014,Erie,Yellow Perch,7011.667,,Invertivore
2015,Erie,Bowfin,0.338,,Piscivore
2015,Erie,Buffalo,324.65,,Benthic omnivore
2015,Erie,Bullheads,41.036,,Benthic omnivore
2015,Erie,Burbot,0.867,,Piscivore
2015,Erie,Carp,314.543,,Benthic omnivore
2015,Erie,Channel catfish,617.605,,Benthic omnivore
2015,Erie,Cisco,,,Planktivore
2015,Erie,Freshwater Drum,1265.57,,Benthic invertivore
2015,Erie,Gizzard Shad,27.894,,Planktivore
2015,Erie,Goldfish,113.924,,Benthic omnivore
2015,Erie,Lake Trout,61,,Piscivore
2015,Erie,Lake Whitefish,124.172,,Benthic invertivore
2015,Erie,Minnows,21.543,,Omnivore
2015,Erie,Northern Pike,,,Piscivore
2015,Erie,Pacific Salmon,0,,Piscivore
2015,Erie,Quillback,229.724,,Benthic omnivore
2015,Erie,Rainbow Smelt,8333.046,,Planktivore
2015,Erie,Rock Bass,0.013,,Invertivore
2015,Erie,Suckers,54.195,,Benthic omnivore
2015,Erie,Sunfish,,,Invertivore
2015,Erie,Sunfish,0,Includes Pomoxis,Invertivore
2015,Erie,Walleye,4882.612,,Piscivore
2015,Erie,White Bass,4959.339,,Piscivore
2015,Erie,White Perch,2683.469,,Invertivore
2015,Erie,Yellow Perch,5750.804,,Invertivore
2016,Erie,Bowfin,2.333,,Piscivore
2016,Erie,Buffalo,257.647,,Benthic omnivore
2016,Erie,Bullheads,55.61,,Benthic omnivore
2016,Erie,Burbot,0.836,,Piscivore
2016,Erie,Carp,287.38,,Benthic omnivore
2016,Erie,Channel catfish,572.445,,Benthic omnivore
2016,Erie,Cisco,,,Planktivore
2016,Erie,Freshwater Drum,1009.003,,Benthic invertivore
2016,Erie,Gizzard Shad,91.087,,Planktivore
2016,Erie,Goldfish,118.295,,Benthic omnivore
2016,Erie,Lake Trout,,,Piscivore
2016,Erie,Lake Whitefish,55.951,,Benthic invertivore
2016,Erie,Minnows,12.893,,Omnivore
2016,Erie,Northern Pike,,,Piscivore
2016,Erie,Quillback,170.976,,Benthic omnivore
2016,Erie,Rainbow Smelt,10738.667,,Planktivore
2016,Erie,Rock Bass,0.027,,Invertivore
2016,Erie,Suckers,82.164,,Benthic omnivore
2016,Erie,Sunfish,,,Invertivore
2016,Erie,Walleye,5009.136,,Piscivore
2016,Erie,White Bass,4830.871,,Piscivore
2016,Erie,White Perch,3375.58,,Invertivore
2016,Erie,Yellow Perch,5686.22,,Invertivore
2017,Erie,Bowfin,,,Piscivore
2017,Erie,Buffalo,196.016,,Benthic omnivore
2017,Erie,Bullheads,22.956,,Benthic omnivore
2017,Erie,Burbot,0.652,,Piscivore
2017,Erie,Carp,99.529,,Benthic omnivore
2017,Erie,Channel catfish,477.818,,Benthic omnivore
2017,Erie,Cisco,,,Planktivore
2017,Erie,Freshwater Drum,778.738,,Benthic invertivore
2017,Erie,Gizzard Shad,486.979,,Planktivore
2017,Erie,Goldfish,42.548,,Benthic omnivore
2017,Erie,Lake Trout,,,Piscivore
2017,Erie,Lake Whitefish,31.539,,Benthic invertivore
2017,Erie,Minnows,12.909,,Omnivore
2017,Erie,Northern Pike,,,Piscivore
2017,Erie,Quillback,122.229,,Benthic omnivore
2017,Erie,Rainbow Smelt,7897.633,,Planktivore
2017,Erie,Rock Bass,0.037,,Invertivore
2017,Erie,Suckers,63.381,,Benthic omnivore
2017,Erie,Sunfish,,,Invertivore
2017,Erie,Walleye,5889.387,,Piscivore
2017,Erie,White Bass,3019.629,,Piscivore
2017,Erie,White Perch,4762.389,,Invertivore
2017,Erie,Yellow Perch,6528.781,,Invertivore
2018,Erie,Bowfin,,,Piscivore
2018,Erie,Buffalo,105.5,,Benthic omnivore
2018,Erie,Bullheads,17.457,,Benthic omnivore
2018,Erie,Burbot,1.04,,Piscivore
2018,Erie,Carp,79.098,,Benthic omnivore
2018,Erie,Channel catfish,419.396,,Benthic omnivore
2018,Erie,Cisco,,,Planktivore
2018,Erie,Freshwater Drum,720.386,,Benthic invertivore
2018,Erie,Gizzard Shad,250.791,,Planktivore
2018,Erie,Goldfish,46.068,,Benthic omnivore
2018,Erie,Lake Trout,,,Piscivore
2018,Erie,Lake Whitefish,52.772,,Benthic invertivore
2018,Erie,Minnows,13.686,,Omnivore
2018,Erie,Northern Pike,,,Piscivore
2018,Erie,Quillback,90.763,,Benthic omnivore
2018,Erie,Rainbow Smelt,2557.833,,Planktivore
2018,Erie,Rock Bass,0.029,,Invertivore
2018,Erie,Suckers,45.709,,Benthic omnivore
2018,Erie,Sunfish,,,Invertivore
2018,Erie,Walleye,7226.512,,Piscivore
2018,Erie,White Bass,2378.228,,Piscivore
2018,Erie,White Perch,4463.558,,Invertivore
2018,Erie,Yellow Perch,6082.905,,Invertivore
2019,Erie,Bowfin,0.3,,Piscivore
2019,Erie,Buffalo,250.531,,Benthic omnivore
2019,Erie,Bullheads,21.477,,Benthic omnivore
2019,Erie,Burbot,2.513,,Piscivore
2019,Erie,Carp,111.564,,Benthic omnivore
2019,Erie,Channel catfish,585.428,,Benthic omnivore
2019,Erie,Cisco,,,Planktivore
2019,Erie,Freshwater Drum,780.707,,Benthic invertivore
2019,Erie,Gizzard Shad,31.776,,Planktivore
2019,Erie,Goldfish,78.852,,Benthic omnivore
2019,Erie,Lake Trout,,,Piscivore
2019,Erie,Lake Whitefish,114.9,,Benthic invertivore
2019,Erie,Minnows,9.94,,Omnivore
2019,Erie,Northern Pike,,,Piscivore
2019,Erie,Quillback,130.365,,Benthic omnivore
2019,Erie,Rainbow Smelt,1325.053,,Planktivore
2019,Erie,Rock Bass,0.031,,Invertivore
2019,Erie,Round Whitefish,1.485,,Benthic invertivore
2019,Erie,Suckers,40.513,,Benthic omnivore
2019,Erie,Sunfish,,,Invertivore
2019,Erie,Walleye,7894.161,,Piscivore
2019,Erie,White Bass,1911.822,,Piscivore
2019,Erie,White Perch,4084.844,,Invertivore
2019,Erie,Yellow Perch,4427.144,,Invertivore
2020,Erie,Bowfin,,,Piscivore
2020,Erie,Buffalo,217.612,,Benthic omnivore
2020,Erie,Bullheads,6.775,,Benthic omnivore
2020,Erie,Burbot,0.877,,Piscivore
2020,Erie,Carp,72.671,,Benthic omnivore
2020,Erie,Channel catfish,553.052,,Benthic omnivore
2020,Erie,Cisco,,,Planktivore
2020,Erie,Freshwater Drum,864.939,,Benthic invertivore
2020,Erie,Gizzard Shad,39.949,,Planktivore
2020,Erie,Goldfish,15.304,,Benthic omnivore
2020,Erie,Lake Trout,,,Piscivore
2020,Erie,Lake Whitefish,191.556,,Benthic invertivore
2020,Erie,Minnows,5.973,,Omnivore
2020,Erie,Northern Pike,,,Piscivore
2020,Erie,Quillback,137.654,,Benthic omnivore
2020,Erie,Rainbow Smelt,5477.695,,Planktivore
2020,Erie,Rock Bass,0.011,,Invertivore
2020,Erie,Suckers,17.087,,Benthic omnivore
2020,Erie,Sunfish,,,Invertivore
2020,Erie,Walleye,8953.754,,Piscivore
2020,Erie,White Bass,1907.018,,Piscivore
2020,Erie,White Perch,2877.74,,Invertivore
2020,Erie,Yellow Perch,2714.94,,Invertivore
1867,Huron,Cisco and Chubs,,,Planktivore
1867,Huron,Lake Trout,,,Piscivore
1867,Huron,Lake Whitefish,,,Benthic invertivore
1867,Huron,Walleye,,,Piscivore
1868,Huron,Cisco and Chubs,,,Planktivore
1868,Huron,Lake Trout,,,Piscivore
1868,Huron,Lake Whitefish,,,Benthic invertivore
1868,Huron,Walleye,,,Piscivore
1869,Huron,Cisco and Chubs,,,Planktivore
1869,Huron,Lake Trout,,,Piscivore
1869,Huron,Lake Whitefish,,,Benthic invertivore
1869,Huron,Walleye,,,Piscivore
1870,Huron,Cisco and Chubs,,,Planktivore
1870,Huron,Lake Trout,,,Piscivore
1870,Huron,Lake Whitefish,,,Benthic invertivore
1870,Huron,Northern Pike,,,Piscivore
1870,Huron,Walleye,,,Piscivore
1871,Huron,Cisco and Chubs,,,Planktivore
1871,Huron,Lake Trout,,,Piscivore
1871,Huron,Lake Whitefish,,,Benthic invertivore
1871,Huron,Northern Pike,,,Piscivore
1871,Huron,Walleye,,,Piscivore
1872,Huron,Cisco and Chubs,,,Planktivore
1872,Huron,Lake Trout,,,Piscivore
1872,Huron,Lake Whitefish,,,Benthic invertivore
1872,Huron,Northern Pike,,,Piscivore
1872,Huron,Walleye,,,Piscivore
1873,Huron,Cisco and Chubs,,,Planktivore
1873,Huron,Lake Trout,,,Piscivore
1873,Huron,Lake Whitefish,,,Benthic invertivore
1873,Huron,Northern Pike,,,Piscivore
1873,Huron,Walleye,,,Piscivore
1874,Huron,Cisco and Chubs,,,Planktivore
1874,Huron,Lake Trout,,,Piscivore
1874,Huron,Lake Whitefish,,,Benthic invertivore
1874,Huron,Northern Pike,,,Piscivore
1874,Huron,Walleye,,,Piscivore
1875,Huron,Cisco and Chubs,,,Planktivore
1875,Huron,Lake Trout,,,Piscivore
1875,Huron,Lake Whitefish,,,Benthic invertivore
1875,Huron,Northern Pike,,,Piscivore
1875,Huron,Walleye,,,Piscivore
1876,Huron,Cisco and Chubs,,,Planktivore
1876,Huron,Lake Trout,,,Piscivore
1876,Huron,Lake Whitefish,,,Benthic invertivore
1876,Huron,Northern Pike,,,Piscivore
1876,Huron,Walleye,,,Piscivore
1877,Huron,Cisco and Chubs,,,Planktivore
1877,Huron,Lake Trout,,,Piscivore
1877,Huron,Lake Whitefish,,,Benthic invertivore
1877,Huron,Northern Pike,,,Piscivore
1877,Huron,Walleye,,,Piscivore
1878,Huron,Cisco and Chubs,,,Planktivore
1878,Huron,Lake Trout,,,Piscivore
1878,Huron,Lake Whitefish,,,Benthic invertivore
1878,Huron,Northern Pike,,,Piscivore
1878,Huron,Walleye,,,Piscivore
1879,Huron,Cisco and Chubs,1314,,Planktivore
1879,Huron,Lake Sturgeon,252,,Benthic invertivore
1879,Huron,Lake Trout,2678,,Piscivore
1879,Huron,Lake Whitefish,4289,,Benthic invertivore
1879,Huron,Northern Pike,,,Piscivore
1879,Huron,Walleye,,,Piscivore
1880,Huron,Cisco and Chubs,,,Planktivore
1880,Huron,Lake Sturgeon,,,Benthic invertivore
1880,Huron,Lake Trout,,,Piscivore
1880,Huron,Lake Whitefish,,,Benthic invertivore
1880,Huron,Northern Pike,,,Piscivore
1880,Huron,Walleye,,,Piscivore
1881,Huron,Cisco and Chubs,,,Planktivore
1881,Huron,Lake Sturgeon,,,Benthic invertivore
1881,Huron,Lake Trout,,,Piscivore
1881,Huron,Lake Whitefish,,,Benthic invertivore
1881,Huron,Northern Pike,,,Piscivore
1881,Huron,Walleye,,,Piscivore
1882,Huron,Cisco and Chubs,,,Planktivore
1882,Huron,Lake Sturgeon,,,Benthic invertivore
1882,Huron,Lake Trout,,,Piscivore
1882,Huron,Lake Whitefish,,,Benthic invertivore
1882,Huron,Northern Pike,,,Piscivore
1882,Huron,Walleye,,,Piscivore
1883,Huron,Cisco and Chubs,,,Planktivore
1883,Huron,Lake Sturgeon,,,Benthic invertivore
1883,Huron,Lake Trout,,,Piscivore
1883,Huron,Lake Whitefish,,,Benthic invertivore
1883,Huron,Northern Pike,,,Piscivore
1883,Huron,Walleye,,,Piscivore
1884,Huron,Cisco and Chubs,,,Planktivore
1884,Huron,Lake Sturgeon,,,Benthic invertivore
1884,Huron,Lake Trout,,,Piscivore
1884,Huron,Lake Whitefish,,,Benthic invertivore
1884,Huron,Northern Pike,,,Piscivore
1884,Huron,Walleye,,,Piscivore
1885,Huron,Cisco and Chubs,2835,,Planktivore
1885,Huron,Lake Sturgeon,1042,,Benthic invertivore
1885,Huron,Lake Trout,6514,,Piscivore
1885,Huron,Lake Whitefish,4080,,Benthic invertivore
1885,Huron,Northern Pike,,,Piscivore
1885,Huron,Walleye,1401,,Piscivore
1886,Huron,Cisco and Chubs,,,Planktivore
1886,Huron,Lake Sturgeon,,,Benthic invertivore
1886,Huron,Lake Trout,,,Piscivore
1886,Huron,Lake Whitefish,,,Benthic invertivore
1886,Huron,Northern Pike,,,Piscivore
1886,Huron,Walleye,,,Piscivore
1887,Huron,Cisco and Chubs,,,Planktivore
1887,Huron,Lake Sturgeon,,,Benthic invertivore
1887,Huron,Lake Trout,,,Piscivore
1887,Huron,Lake Whitefish,,,Benthic invertivore
1887,Huron,Northern Pike,,,Piscivore
1887,Huron,Walleye,,,Piscivore
1888,Huron,Cisco and Chubs,,,Planktivore
1888,Huron,Lake Sturgeon,,,Benthic invertivore
1888,Huron,Lake Trout,,,Piscivore
1888,Huron,Lake Whitefish,,,Benthic invertivore
1888,Huron,Northern Pike,,,Piscivore
1888,Huron,Walleye,,,Piscivore
1889,Huron,Channel Catfish and Bullheads,,,Benthic omnivore
1889,Huron,Cisco and Chubs,5251,,Planktivore
1889,Huron,Lake Sturgeon,840,,Benthic invertivore
1889,Huron,Lake Trout,5990,,Piscivore
1889,Huron,Lake Whitefish,7606,,Benthic invertivore
1889,Huron,Northern Pike,,,Piscivore
1889,Huron,Suckers,,,Benthic omnivore
1889,Huron,Walleye,3174,,Piscivore
1889,Huron,Yellow Perch,,,Invertivore
1890,Huron,Channel Catfish and Bullheads,,,Benthic omnivore
1890,Huron,Cisco and Chubs,3976,,Planktivore
1890,Huron,Lake Sturgeon,723,,Benthic invertivore
1890,Huron,Lake Trout,6657,,Piscivore
1890,Huron,Lake Whitefish,6974,,Benthic invertivore
1890,Huron,Northern Pike,,,Piscivore
1890,Huron,Suckers,,,Benthic omnivore
1890,Huron,Walleye,2377,,Piscivore
1890,Huron,Yellow Perch,,,Invertivore
1891,Huron,Channel Catfish and Bullheads,,,Benthic omnivore
1891,Huron,Cisco and Chubs,4370,,Planktivore
1891,Huron,Lake Sturgeon,736,,Benthic invertivore
1891,Huron,Lake Trout,7453,,Piscivore
1891,Huron,Lake Whitefish,6130,,Benthic invertivore
1891,Huron,Northern Pike,,,Piscivore
1891,Huron,Suckers,,,Benthic omnivore
1891,Huron,Walleye,2584,,Piscivore
1891,Huron,Yellow Perch,,,Invertivore
1892,Huron,Channel Catfish and Bullheads,,,Benthic omnivore
1892,Huron,Cisco and Chubs,3532,,Planktivore
1892,Huron,Lake Sturgeon,410,,Benthic invertivore
1892,Huron,Lake Trout,7475,,Piscivore
1892,Huron,Lake Whitefish,7694,,Benthic invertivore
1892,Huron,Northern Pike,,,Piscivore
1892,Huron,Sauger,,,Piscivore
1892,Huron,Suckers,,,Benthic omnivore
1892,Huron,Walleye,2319,,Piscivore
1892,Huron,Yellow Perch,,,Invertivore
1893,Huron,Channel Catfish and Bullheads,,,Benthic omnivore
1893,Huron,Cisco and Chubs,5000,,Planktivore
1893,Huron,Lake Sturgeon,907,,Benthic invertivore
1893,Huron,Lake Trout,7485,,Piscivore
1893,Huron,Lake Whitefish,5450,,Benthic invertivore
1893,Huron,Northern Pike,,,Piscivore
1893,Huron,Round Whitefish,,,Benthic invertivore
1893,Huron,Sauger,,,Piscivore
1893,Huron,Suckers,,,Benthic omnivore
1893,Huron,Walleye,1666,,Piscivore
1893,Huron,Yellow Perch,,,Invertivore
1894,Huron,Channel Catfish and Bullheads,,,Benthic omnivore
1894,Huron,Cisco and Chubs,4572,,Planktivore
1894,Huron,Lake Sturgeon,549,,Benthic invertivore
1894,Huron,Lake Trout,7206,,Piscivore
1894,Huron,Lake Whitefish,3916,,Benthic invertivore
1894,Huron,Northern Pike,,,Piscivore
1894,Huron,Round Whitefish,,,Benthic invertivore
1894,Huron,Sauger,,,Piscivore
1894,Huron,Suckers,,,Benthic omnivore
1894,Huron,Walleye,2504,,Piscivore
1894,Huron,Yellow Perch,2101,,Invertivore
1895,Huron,Channel Catfish and Bullheads,,,Benthic omnivore
1895,Huron,Cisco and Chubs,6367,,Planktivore
1895,Huron,Lake Sturgeon,706,,Benthic invertivore
1895,Huron,Lake Trout,6388,,Piscivore
1895,Huron,Lake Whitefish,2360,,Benthic invertivore
1895,Huron,Northern Pike,,,Piscivore
1895,Huron,Round Whitefish,,,Benthic invertivore
1895,Huron,Sauger,,,Piscivore
1895,Huron,Suckers,,,Benthic omnivore
1895,Huron,Walleye,1976,,Piscivore
1895,Huron,Yellow Perch,1874,,Invertivore
1896,Huron,Channel Catfish and Bullheads,227,,Benthic omnivore
1896,Huron,Cisco and Chubs,7732,,Planktivore
1896,Huron,Lake Sturgeon,345,,Benthic invertivore
1896,Huron,Lake Trout,5995,,Piscivore
1896,Huron,Lake Whitefish,2675,,Benthic invertivore
1896,Huron,Northern Pike,,,Piscivore
1896,Huron,Round Whitefish,,,Benthic invertivore
1896,Huron,Sauger,,,Piscivore
1896,Huron,Suckers,,,Benthic omnivore
1896,Huron,Walleye,2047,,Piscivore
1896,Huron,Yellow Perch,1702,,Invertivore
1897,Huron,Channel Catfish and Bullheads,295,,Benthic omnivore
1897,Huron,Cisco and Chubs,5750,,Planktivore
1897,Huron,Lake Sturgeon,452,,Benthic invertivore
1897,Huron,Lake Trout,4086,,Piscivore
1897,Huron,Lake Whitefish,1952,,Benthic invertivore
1897,Huron,Northern Pike,,,Piscivore
1897,Huron,Round Whitefish,,,Benthic invertivore
1897,Huron,Sauger,,,Piscivore
1897,Huron,Suckers,,,Benthic omnivore
1897,Huron,Walleye,2624,,Piscivore
1897,Huron,Yellow Perch,1666,,Invertivore
1898,Huron,Channel Catfish and Bullheads,260,,Benthic omnivore
1898,Huron,Cisco and Chubs,6082,,Planktivore
1898,Huron,Lake Sturgeon,482,,Benthic invertivore
1898,Huron,Lake Trout,5446,,Piscivore
1898,Huron,Lake Whitefish,1811,,Benthic invertivore
1898,Huron,Northern Pike,,,Piscivore
1898,Huron,Round Whitefish,,,Benthic invertivore
1898,Huron,Sauger,,,Piscivore
1898,Huron,Suckers,,,Benthic omnivore
1898,Huron,Walleye,2997,,Piscivore
1898,Huron,Yellow Perch,2286,,Invertivore
1899,Huron,Carp,,,Benthic omnivore
1899,Huron,Channel Catfish and Bullheads,466,,Benthic omnivore
1899,Huron,Cisco and Chubs,5549,,Planktivore
1899,Huron,Freshwater Drum,,,Benthic invertivore
1899,Huron,Lake Sturgeon,429,,Benthic invertivore
1899,Huron,Lake Trout,6684,,Piscivore
1899,Huron,Lake Whitefish,2325,,Benthic invertivore
1899,Huron,Northern Pike,599,,Piscivore
1899,Huron,Rock Bass,,,Invertivore
1899,Huron,Round Whitefish,,,Benthic invertivore
1899,Huron,Sauger,,,Piscivore
1899,Huron,Suckers,,,Benthic omnivore
1899,Huron,Walleye,3579,,Piscivore
1899,Huron,Yellow Perch,2880,,Invertivore
1900,Huron,Carp,,,Benthic omnivore
1900,Huron,Channel Catfish and Bullheads,285,,Benthic omnivore
1900,Huron,Cisco and Chubs,5149,,Planktivore
1900,Huron,Freshwater Drum,,,Benthic invertivore
1900,Huron,Lake Sturgeon,381,,Benthic invertivore
1900,Huron,Lake Trout,5567,,Piscivore
1900,Huron,Lake Whitefish,2087,,Benthic invertivore
1900,Huron,Northern Pike,,,Piscivore
1900,Huron,Rock Bass,,,Invertivore
1900,Huron,Round Whitefish,,,Benthic invertivore
1900,Huron,Sauger,,,Piscivore
1900,Huron,Suckers,,,Benthic omnivore
1900,Huron,Walleye,2068,,Piscivore
1900,Huron,Yellow Perch,3589,,Invertivore
1901,Huron,Carp,,,Benthic omnivore
1901,Huron,Channel Catfish and Bullheads,139,,Benthic omnivore
1901,Huron,Cisco and Chubs,8146,,Planktivore
1901,Huron,Freshwater Drum,,,Benthic invertivore
1901,Huron,Lake Sturgeon,148,,Benthic invertivore
1901,Huron,Lake Trout,5629,,Piscivore
1901,Huron,Lake Whitefish,2480,,Benthic invertivore
1901,Huron,Northern Pike,,,Piscivore
1901,Huron,Rock Bass,,,Invertivore
1901,Huron,Round Whitefish,,,Benthic invertivore
1901,Huron,Sauger,,,Piscivore
1901,Huron,Suckers,,,Benthic omnivore
1901,Huron,Walleye,1616,,Piscivore
1901,Huron,Yellow Perch,3553,,Invertivore
1902,Huron,Carp,,,Benthic omnivore
1902,Huron,Channel Catfish and Bullheads,173,,Benthic omnivore
1902,Huron,Cisco and Chubs,10796,,Planktivore
1902,Huron,Freshwater Drum,,,Benthic invertivore
1902,Huron,Lake Sturgeon,124,,Benthic invertivore
1902,Huron,Lake Trout,5541,,Piscivore
1902,Huron,Lake Whitefish,2554,,Benthic invertivore
1902,Huron,Northern Pike,,,Piscivore
1902,Huron,Rock Bass,,,Invertivore
1902,Huron,Round Whitefish,,,Benthic invertivore
1902,Huron,Sauger,,,Piscivore
1902,Huron,Suckers,,,Benthic omnivore
1902,Huron,Walleye,2448,,Piscivore
1902,Huron,Yellow Perch,2674,,Invertivore
1903,Huron,Carp,,,Benthic omnivore
1903,Huron,Channel Catfish and Bullheads,123,,Benthic omnivore
1903,Huron,Chubs,106,,Planktivore
1903,Huron,Cisco,,,Planktivore
1903,Huron,Cisco and Chubs,7571,,Planktivore
1903,Huron,Freshwater Drum,,,Benthic invertivore
1903,Huron,Lake Sturgeon,113,,Benthic invertivore
1903,Huron,Lake Trout,6285,,Piscivore
1903,Huron,Lake Whitefish,2270,,Benthic invertivore
1903,Huron,Northern Pike,272,,Piscivore
1903,Huron,Rock Bass,,,Invertivore
1903,Huron,Round Whitefish,,,Benthic invertivore
1903,Huron,Sauger,,,Piscivore
1903,Huron,Suckers,,,Benthic omnivore
1903,Huron,Walleye,3535,,Piscivore
1903,Huron,Yellow Perch,2435,,Invertivore
1904,Huron,Carp,,,Benthic omnivore
1904,Huron,Channel Catfish and Bullheads,94,,Benthic omnivore
1904,Huron,Chubs,472,,Planktivore
1904,Huron,Cisco,,,Planktivore
1904,Huron,Cisco and Chubs,8944,,Planktivore
1904,Huron,Freshwater Drum,,,Benthic invertivore
1904,Huron,Lake Sturgeon,132,,Benthic invertivore
1904,Huron,Lake Trout,6656,,Piscivore
1904,Huron,Lake Whitefish,2865,,Benthic invertivore
1904,Huron,Northern Pike,,,Piscivore
1904,Huron,Rock Bass,,,Invertivore
1904,Huron,Round Whitefish,,,Benthic invertivore
1904,Huron,Sauger,,,Piscivore
1904,Huron,Suckers,,,Benthic omnivore
1904,Huron,Walleye,3153,,Piscivore
1904,Huron,Yellow Perch,1817,,Invertivore
1905,Huron,Carp,,,Benthic omnivore
1905,Huron,Channel Catfish and Bullheads,73,,Benthic omnivore
1905,Huron,Chubs,1163,,Planktivore
1905,Huron,Cisco,,,Planktivore
1905,Huron,Cisco and Chubs,6770,,Planktivore
1905,Huron,Freshwater Drum,,,Benthic invertivore
1905,Huron,Lake Sturgeon,86,,Benthic invertivore
1905,Huron,Lake Trout,7179,,Piscivore
1905,Huron,Lake Whitefish,1873,,Benthic invertivore
1905,Huron,Northern Pike,,,Piscivore
1905,Huron,Rock Bass,,,Invertivore
1905,Huron,Round Whitefish,,,Benthic invertivore
1905,Huron,Sauger,,,Piscivore
1905,Huron,Suckers,,,Benthic omnivore
1905,Huron,Walleye,2671,,Piscivore
1905,Huron,Yellow Perch,1879,,Invertivore
1906,Huron,Carp,,,Benthic omnivore
1906,Huron,Channel Catfish and Bullheads,124,,Benthic omnivore
1906,Huron,Chubs,1490,,Planktivore
1906,Huron,Cisco,,,Planktivore
1906,Huron,Cisco and Chubs,6437,,Planktivore
1906,Huron,Freshwater Drum,,,Benthic invertivore
1906,Huron,Lake Sturgeon,73,,Benthic invertivore
1906,Huron,Lake Trout,6716,,Piscivore
1906,Huron,Lake Whitefish,2111,,Benthic invertivore
1906,Huron,Northern Pike,,,Piscivore
1906,Huron,Rock Bass,,,Invertivore
1906,Huron,Round Whitefish,,,Benthic invertivore
1906,Huron,Sauger,,,Piscivore
1906,Huron,Suckers,,,Benthic omnivore
1906,Huron,Walleye,2213,,Piscivore
1906,Huron,Yellow Perch,2128,,Invertivore
1907,Huron,Carp,,,Benthic omnivore
1907,Huron,Channel Catfish and Bullheads,73,,Benthic omnivore
1907,Huron,Chubs,1158,,Planktivore
1907,Huron,Cisco,,,Planktivore
1907,Huron,Cisco and Chubs,7392,,Planktivore
1907,Huron,Freshwater Drum,,,Benthic invertivore
1907,Huron,Lake Sturgeon,63,,Benthic invertivore
1907,Huron,Lake Trout,6083,,Piscivore
1907,Huron,Lake Whitefish,2310,,Benthic invertivore
1907,Huron,Northern Pike,,,Piscivore
1907,Huron,Rock Bass,,,Invertivore
1907,Huron,Round Whitefish,,,Benthic invertivore
1907,Huron,Sauger,,,Piscivore
1907,Huron,Suckers,,,Benthic omnivore
1907,Huron,Walleye,1984,,Piscivore
1907,Huron,Yellow Perch,2448,,Invertivore
1908,Huron,Carp,,,Benthic omnivore
1908,Huron,Channel Catfish and Bullheads,64,,Benthic omnivore
1908,Huron,Chubs,291,,Planktivore
1908,Huron,Cisco,,,Planktivore
1908,Huron,Cisco and Chubs,6530,,Planktivore
1908,Huron,Freshwater Drum,,,Benthic invertivore
1908,Huron,Lake Sturgeon,52,,Benthic invertivore
1908,Huron,Lake Trout,5431,,Piscivore
1908,Huron,Lake Whitefish,3061,,Benthic invertivore
1908,Huron,Northern Pike,160,,Piscivore
1908,Huron,Rock Bass,,,Invertivore
1908,Huron,Round Whitefish,,,Benthic invertivore
1908,Huron,Sauger,,,Piscivore
1908,Huron,Suckers,,,Benthic omnivore
1908,Huron,Walleye,1392,,Piscivore
1908,Huron,Yellow Perch,1363,,Invertivore
1909,Huron,Carp,,,Benthic omnivore
1909,Huron,Channel Catfish and Bullheads,,,Benthic omnivore
1909,Huron,Chubs,31,,Planktivore
1909,Huron,Cisco,,,Planktivore
1909,Huron,Freshwater Drum,,,Benthic invertivore
1909,Huron,Lake Sturgeon,,,Benthic invertivore
1909,Huron,Lake Trout,,,Piscivore
1909,Huron,Lake Whitefish,,,Benthic invertivore
1909,Huron,Northern Pike,,,Piscivore
1909,Huron,Rock Bass,,,Invertivore
1909,Huron,Round Whitefish,,,Benthic invertivore
1909,Huron,Sauger,,,Piscivore
1909,Huron,Suckers,,,Benthic omnivore
1909,Huron,Walleye,,,Piscivore
1909,Huron,Yellow Perch,,,Invertivore
1910,Huron,Carp,,,Benthic omnivore
1910,Huron,Channel Catfish and Bullheads,,,Benthic omnivore
1910,Huron,Chubs,50,,Planktivore
1910,Huron,Cisco,,,Planktivore
1910,Huron,Freshwater Drum,,,Benthic invertivore
1910,Huron,Lake Sturgeon,,,Benthic invertivore
1910,Huron,Lake Trout,,,Piscivore
1910,Huron,Lake Whitefish,,,Benthic invertivore
1910,Huron,Northern Pike,,,Piscivore
1910,Huron,Rock Bass,,,Invertivore
1910,Huron,Round Whitefish,,,Benthic invertivore
1910,Huron,Sauger,,,Piscivore
1910,Huron,Suckers,,,Benthic omnivore
1910,Huron,Walleye,,,Piscivore
1910,Huron,Yellow Perch,,,Invertivore
1911,Huron,Carp,,,Benthic omnivore
1911,Huron,Channel Catfish and Bullheads,,,Benthic omnivore
1911,Huron,Chubs,223,,Planktivore
1911,Huron,Cisco,,,Planktivore
1911,Huron,Freshwater Drum,,,Benthic invertivore
1911,Huron,Lake Sturgeon,,,Benthic invertivore
1911,Huron,Lake Trout,,,Piscivore
1911,Huron,Lake Whitefish,1175,,Benthic invertivore
1911,Huron,Northern Pike,,,Piscivore
1911,Huron,Rock Bass,,,Invertivore
1911,Huron,Round Whitefish,,,Benthic invertivore
1911,Huron,Sauger,,,Piscivore
1911,Huron,Suckers,,,Benthic omnivore
1911,Huron,Walleye,,,Piscivore
1911,Huron,Yellow Perch,,,Invertivore
1912,Huron,Carp,185,,Benthic omnivore
1912,Huron,Channel Catfish and Bullheads,,,Benthic omnivore
1912,Huron,Chubs,608,,Planktivore
1912,Huron,Cisco,5521,,Planktivore
1912,Huron,Freshwater Drum,,,Benthic invertivore
1912,Huron,Lake Sturgeon,75,,Benthic invertivore
1912,Huron,Lake Trout,4910,,Piscivore
1912,Huron,Lake Whitefish,1777,,Benthic invertivore
1912,Huron,Northern Pike,,,Piscivore
1912,Huron,Rock Bass,,,Invertivore
1912,Huron,Round Whitefish,,,Benthic invertivore
1912,Huron,Sauger,,,Piscivore
1912,Huron,Suckers,,,Benthic omnivore
1912,Huron,Walleye,1068,,Piscivore
1912,Huron,Yellow Perch,4588,,Invertivore
1913,Huron,Carp,377,,Benthic omnivore
1913,Huron,Channel Catfish and Bullheads,,,Benthic omnivore
1913,Huron,Chubs,1248,,Planktivore
1913,Huron,Cisco,2740,,Planktivore
1913,Huron,Freshwater Drum,,,Benthic invertivore
1913,Huron,Lake Sturgeon,59,,Benthic invertivore
1913,Huron,Lake Trout,6032,,Piscivore
1913,Huron,Lake Whitefish,1931,,Benthic invertivore
1913,Huron,Northern Pike,,,Piscivore
1913,Huron,Rock Bass,,,Invertivore
1913,Huron,Round Whitefish,,,Benthic invertivore
1913,Huron,Sauger,,,Piscivore
1913,Huron,Suckers,,,Benthic omnivore
1913,Huron,Walleye,1020,,Piscivore
1913,Huron,Yellow Perch,2384,,Invertivore
1914,Huron,Carp,28,,Benthic omnivore
1914,Huron,Channel Catfish and Bullheads,,,Benthic omnivore
1914,Huron,Chubs,554,,Planktivore
1914,Huron,Cisco,2738,,Planktivore
1914,Huron,Freshwater Drum,,,Benthic invertivore
1914,Huron,Lake Sturgeon,59,,Benthic invertivore
1914,Huron,Lake Trout,4563,,Piscivore
1914,Huron,Lake Whitefish,2674,,Benthic invertivore
1914,Huron,Northern Pike,,,Piscivore
1914,Huron,Rock Bass,,,Invertivore
1914,Huron,Round Whitefish,,,Benthic invertivore
1914,Huron,Sauger,,,Piscivore
1914,Huron,Suckers,,,Benthic omnivore
1914,Huron,Walleye,1008,,Piscivore
1914,Huron,Yellow Perch,1134,,Invertivore
1915,Huron,Carp,543,,Benthic omnivore
1915,Huron,Channel Catfish and Bullheads,,,Benthic omnivore
1915,Huron,Chubs,878,,Planktivore
1915,Huron,Cisco,2052,,Planktivore
1915,Huron,Freshwater Drum,,,Benthic invertivore
1915,Huron,Lake Sturgeon,74,,Benthic invertivore
1915,Huron,Lake Trout,6641,,Piscivore
1915,Huron,Lake Whitefish,2204,,Benthic invertivore
1915,Huron,Northern Pike,,,Piscivore
1915,Huron,Rock Bass,,,Invertivore
1915,Huron,Round Whitefish,,,Benthic invertivore
1915,Huron,Sauger,,,Piscivore
1915,Huron,Suckers,,,Benthic omnivore
1915,Huron,Walleye,1653,,Piscivore
1915,Huron,Yellow Perch,1560,,Invertivore
1916,Huron,Carp,,,Benthic omnivore
1916,Huron,Channel Catfish and Bullheads,,,Benthic omnivore
1916,Huron,Chubs,673,,Planktivore
1916,Huron,Cisco,8086,,Planktivore
1916,Huron,Freshwater Drum,,,Benthic invertivore
1916,Huron,Lake Sturgeon,35,,Benthic invertivore
1916,Huron,Lake Trout,6729,,Piscivore
1916,Huron,Lake Whitefish,3940,,Benthic invertivore
1916,Huron,Northern Pike,,,Piscivore
1916,Huron,Rock Bass,,,Invertivore
1916,Huron,Round Whitefish,,,Benthic invertivore
1916,Huron,Sauger,,,Piscivore
1916,Huron,Suckers,,,Benthic omnivore
1916,Huron,Walleye,1385,,Piscivore
1916,Huron,Yellow Perch,1965,,Invertivore
1917,Huron,Carp,1162,,Benthic omnivore
1917,Huron,Channel Catfish and Bullheads,41,,Benthic omnivore
1917,Huron,Chubs,1033,,Planktivore
1917,Huron,Cisco,5021,,Planktivore
1917,Huron,Freshwater Drum,,,Benthic invertivore
1917,Huron,Lake Sturgeon,38,,Benthic invertivore
1917,Huron,Lake Trout,5807,,Piscivore
1917,Huron,Lake Whitefish,2110,,Benthic invertivore
1917,Huron,Northern Pike,208,,Piscivore
1917,Huron,Rock Bass,,,Invertivore
1917,Huron,Round Whitefish,,,Benthic invertivore
1917,Huron,Sauger,,,Piscivore
1917,Huron,Suckers,,,Benthic omnivore
1917,Huron,Walleye,1648,,Piscivore
1917,Huron,Yellow Perch,1038,,Invertivore
1918,Huron,Carp,657,,Benthic omnivore
1918,Huron,Channel Catfish and Bullheads,,,Benthic omnivore
1918,Huron,Chubs,1117,,Planktivore
1918,Huron,Cisco,5417,,Planktivore
1918,Huron,Freshwater Drum,,,Benthic invertivore
1918,Huron,Lake Sturgeon,37,,Benthic invertivore
1918,Huron,Lake Trout,6352,,Piscivore
1918,Huron,Lake Whitefish,2291,,Benthic invertivore
1918,Huron,Northern Pike,,,Piscivore
1918,Huron,Rock Bass,,,Invertivore
1918,Huron,Round Whitefish,,,Benthic invertivore
1918,Huron,Sauger,,,Piscivore
1918,Huron,Suckers,,,Benthic omnivore
1918,Huron,Walleye,2367,,Piscivore
1918,Huron,Yellow Perch,1011,,Invertivore
1919,Huron,Bullheads,,,Benthic omnivore
1919,Huron,Carp,1171,,Benthic omnivore
1919,Huron,Channel Catfish,,,Benthic omnivore
1919,Huron,Channel Catfish and Bullheads,132,,Benthic omnivore
1919,Huron,Chubs,781,,Planktivore
1919,Huron,Cisco,5086,,Planktivore
1919,Huron,Freshwater Drum,,,Benthic invertivore
1919,Huron,Lake Sturgeon,34,,Benthic invertivore
1919,Huron,Lake Trout,5729,,Piscivore
1919,Huron,Lake Whitefish,2023,,Benthic invertivore
1919,Huron,Northern Pike,266,,Piscivore
1919,Huron,Rock Bass,,,Invertivore
1919,Huron,Round Whitefish,,,Benthic invertivore
1919,Huron,Sauger,,,Piscivore
1919,Huron,Suckers,,,Benthic omnivore
1919,Huron,Walleye,1870,,Piscivore
1919,Huron,Yellow Perch,1421,,Invertivore
1920,Huron,Bullheads,,,Benthic omnivore
1920,Huron,Carp,1796,,Benthic omnivore
1920,Huron,Channel Catfish,,,Benthic omnivore
1920,Huron,Channel Catfish and Bullheads,46,,Benthic omnivore
1920,Huron,Chubs,828,,Planktivore
1920,Huron,Cisco,3645,,Planktivore
1920,Huron,Freshwater Drum,,,Benthic invertivore
1920,Huron,Lake Sturgeon,38,,Benthic invertivore
1920,Huron,Lake Trout,4166,,Piscivore
1920,Huron,Lake Whitefish,2085,,Benthic invertivore
1920,Huron,Northern Pike,188,,Piscivore
1920,Huron,Rock Bass,,,Invertivore
1920,Huron,Round Whitefish,,,Benthic invertivore
1920,Huron,Sauger,,,Piscivore
1920,Huron,Suckers,,,Benthic omnivore
1920,Huron,Walleye,1295,,Piscivore
1920,Huron,Yellow Perch,1193,,Invertivore
1921,Huron,Bullheads,,,Benthic omnivore
1921,Huron,Carp,941,,Benthic omnivore
1921,Huron,Channel Catfish,,,Benthic omnivore
1921,Huron,Channel Catfish and Bullheads,47,,Benthic omnivore
1921,Huron,Chubs,1024,,Planktivore
1921,Huron,Cisco,2362,,Planktivore
1921,Huron,Freshwater Drum,,,Benthic invertivore
1921,Huron,Lake Sturgeon,28,,Benthic invertivore
1921,Huron,Lake Trout,4570,,Piscivore
1921,Huron,Lake Whitefish,2057,,Benthic invertivore
1921,Huron,Northern Pike,311,,Piscivore
1921,Huron,Rock Bass,,,Invertivore
1921,Huron,Round Whitefish,,,Benthic invertivore
1921,Huron,Sauger,,,Piscivore
1921,Huron,Suckers,,,Benthic omnivore
1921,Huron,Walleye,1050,,Piscivore
1921,Huron,Yellow Perch,1088,,Invertivore
1922,Huron,Bullheads,,,Benthic omnivore
1922,Huron,Carp,1237,,Benthic omnivore
1922,Huron,Channel Catfish,,,Benthic omnivore
1922,Huron,Channel Catfish and Bullheads,56,,Benthic omnivore
1922,Huron,Chubs,551,,Planktivore
1922,Huron,Cisco,4671,,Planktivore
1922,Huron,Freshwater Drum,,,Benthic invertivore
1922,Huron,Lake Sturgeon,29,,Benthic invertivore
1922,Huron,Lake Trout,5633,,Piscivore
1922,Huron,Lake Whitefish,2793,,Benthic invertivore
1922,Huron,Northern Pike,268,,Piscivore
1922,Huron,Rock Bass,,,Invertivore
1922,Huron,Round Whitefish,,,Benthic invertivore
1922,Huron,Sauger,,,Piscivore
1922,Huron,Suckers,,,Benthic omnivore
1922,Huron,Walleye,1736,,Piscivore
1922,Huron,Yellow Perch,821,,Invertivore
1923,Huron,Bullheads,,,Benthic omnivore
1923,Huron,Carp,356,,Benthic omnivore
1923,Huron,Channel Catfish,,,Benthic omnivore
1923,Huron,Channel Catfish and Bullheads,30,,Benthic omnivore
1923,Huron,Chubs,653,,Planktivore
1923,Huron,Cisco,3273,,Planktivore
1923,Huron,Freshwater Drum,,,Benthic invertivore
1923,Huron,Lake Sturgeon,27,,Benthic invertivore
1923,Huron,Lake Trout,5247,,Piscivore
1923,Huron,Lake Whitefish,2719,,Benthic invertivore
1923,Huron,Northern Pike,252,,Piscivore
1923,Huron,Rock Bass,,,Invertivore
1923,Huron,Round Whitefish,,,Benthic invertivore
1923,Huron,Sauger,,,Piscivore
1923,Huron,Suckers,,,Benthic omnivore
1923,Huron,Walleye,1296,,Piscivore
1923,Huron,Yellow Perch,902,,Invertivore
1924,Huron,Bullheads,,,Benthic omnivore
1924,Huron,Carp,528,,Benthic omnivore
1924,Huron,Channel Catfish,,,Benthic omnivore
1924,Huron,Channel Catfish and Bullheads,82,,Benthic omnivore
1924,Huron,Chubs,616,,Planktivore
1924,Huron,Cisco,3134,,Planktivore
1924,Huron,Freshwater Drum,,,Benthic invertivore
1924,Huron,Lake Sturgeon,32,,Benthic invertivore
1924,Huron,Lake Trout,5185,,Piscivore
1924,Huron,Lake Whitefish,2858,,Benthic invertivore
1924,Huron,Northern Pike,236,,Piscivore
1924,Huron,Rock Bass,,,Invertivore
1924,Huron,Round Whitefish,,,Benthic invertivore
1924,Huron,Sauger,,,Piscivore
1924,Huron,Suckers,,,Benthic omnivore
1924,Huron,Walleye,1030,,Piscivore
1924,Huron,Yellow Perch,652,,Invertivore
1925,Huron,Bullheads,,,Benthic omnivore
1925,Huron,Carp,479,,Benthic omnivore
1925,Huron,Channel Catfish,,,Benthic omnivore
1925,Huron,Channel Catfish and Bullheads,100,,Benthic omnivore
1925,Huron,Chubs,1960,,Planktivore
1925,Huron,Cisco,5389,,Planktivore
1925,Huron,Freshwater Drum,,,Benthic invertivore
1925,Huron,Lake Sturgeon,25,,Benthic invertivore
1925,Huron,Lake Trout,5413,,Piscivore
1925,Huron,Lake Whitefish,2820,,Benthic invertivore
1925,Huron,Northern Pike,228,,Piscivore
1925,Huron,Rock Bass,,,Invertivore
1925,Huron,Round Whitefish,,,Benthic invertivore
1925,Huron,Sauger,,,Piscivore
1925,Huron,Suckers,,,Benthic omnivore
1925,Huron,Walleye,957,,Piscivore
1925,Huron,Yellow Perch,604,,Invertivore
1926,Huron,Bullheads,,,Benthic omnivore
1926,Huron,Carp,466,,Benthic omnivore
1926,Huron,Channel Catfish,,,Benthic omnivore
1926,Huron,Channel Catfish and Bullheads,126,,Benthic omnivore
1926,Huron,Chubs,2164,,Planktivore
1926,Huron,Cisco,4662,,Planktivore
1926,Huron,Freshwater Drum,,,Benthic invertivore
1926,Huron,Lake Sturgeon,25,,Benthic invertivore
1926,Huron,Lake Trout,5352,,Piscivore
1926,Huron,Lake Whitefish,3242,,Benthic invertivore
1926,Huron,Northern Pike,178,,Piscivore
1926,Huron,Rock Bass,,,Invertivore
1926,Huron,Round Whitefish,,,Benthic invertivore
1926,Huron,Sauger,,,Piscivore
1926,Huron,Suckers,,,Benthic omnivore
1926,Huron,Walleye,1168,,Piscivore
1926,Huron,Yellow Perch,574,,Invertivore
1927,Huron,Bullheads,,,Benthic omnivore
1927,Huron,Carp,2001,,Benthic omnivore
1927,Huron,Channel Catfish,,,Benthic omnivore
1927,Huron,Channel Catfish and Bullheads,182,,Benthic omnivore
1927,Huron,Chubs,1807,,Planktivore
1927,Huron,Cisco,5887,,Planktivore
1927,Huron,Freshwater Drum,,,Benthic invertivore
1927,Huron,Lake Sturgeon,27,,Benthic invertivore
1927,Huron,Lake Trout,5844,,Piscivore
1927,Huron,Lake Whitefish,3642,,Benthic invertivore
1927,Huron,Northern Pike,244,,Piscivore
1927,Huron,Rock Bass,,,Invertivore
1927,Huron,Round Whitefish,,,Benthic invertivore
1927,Huron,Sauger,,,Piscivore
1927,Huron,Suckers,,,Benthic omnivore
1927,Huron,Walleye,1300,,Piscivore
1927,Huron,Yellow Perch,317,,Invertivore
1928,Huron,Bullheads,,,Benthic omnivore
1928,Huron,Carp,351,,Benthic omnivore
1928,Huron,Channel Catfish,,,Benthic omnivore
1928,Huron,Channel Catfish and Bullheads,189,,Benthic omnivore
1928,Huron,Chubs,1121,,Planktivore
1928,Huron,Cisco,3048,,Planktivore
1928,Huron,Freshwater Drum,,,Benthic invertivore
1928,Huron,Lake Sturgeon,22,MI: Commercial fishing for Lake Sturgeon prohibited in Michigan waters. ,Benthic invertivore
1928,Huron,Lake Trout,5278,,Piscivore
1928,Huron,Lake Whitefish,3261,,Benthic invertivore
1928,Huron,Northern Pike,132,,Piscivore
1928,Huron,Rock Bass,,,Invertivore
1928,Huron,Round Whitefish,,,Benthic invertivore
1928,Huron,Sauger,,,Piscivore
1928,Huron,Suckers,,,Benthic omnivore
1928,Huron,Walleye,1274,,Piscivore
1928,Huron,Yellow Perch,365,,Invertivore
1929,Huron,Bullheads,,,Benthic omnivore
1929,Huron,Carp,478,,Benthic omnivore
1929,Huron,Channel Catfish,,,Benthic omnivore
1929,Huron,Channel Catfish and Bullheads,187,,Benthic omnivore
1929,Huron,Chubs,610,,Planktivore
1929,Huron,Cisco,2822,,Planktivore
1929,Huron,Freshwater Drum,,,Benthic invertivore
1929,Huron,Lake Sturgeon,24,MI: Commercial fishing for Lake Sturgeon prohibited in Michigan waters. ,Benthic invertivore
1929,Huron,Lake Trout,4997,,Piscivore
1929,Huron,Lake Whitefish,3047,,Benthic invertivore
1929,Huron,Northern Pike,204,,Piscivore
1929,Huron,Rock Bass,,,Invertivore
1929,Huron,Round Whitefish,,,Benthic invertivore
1929,Huron,Sauger,,,Piscivore
1929,Huron,Suckers,,,Benthic omnivore
1929,Huron,Walleye,1082,,Piscivore
1929,Huron,Yellow Perch,558,,Invertivore
1930,Huron,Bullheads,,,Benthic omnivore
1930,Huron,Carp,970,,Benthic omnivore
1930,Huron,Channel Catfish,,,Benthic omnivore
1930,Huron,Channel Catfish and Bullheads,141,,Benthic omnivore
1930,Huron,Chubs,1164,,Planktivore
1930,Huron,Cisco,5134,,Planktivore
1930,Huron,Freshwater Drum,,,Benthic invertivore
1930,Huron,Lake Sturgeon,25,MI: Commercial fishing for Lake Sturgeon prohibited in Michigan waters. ,Benthic invertivore
1930,Huron,Lake Trout,4662,,Piscivore
1930,Huron,Lake Whitefish,4412,,Benthic invertivore
1930,Huron,Northern Pike,228,,Piscivore
1930,Huron,Rock Bass,,,Invertivore
1930,Huron,Round Whitefish,,,Benthic invertivore
1930,Huron,Sauger,,,Piscivore
1930,Huron,Suckers,,,Benthic omnivore
1930,Huron,Walleye,1433,,Piscivore
1930,Huron,Yellow Perch,763,,Invertivore
1931,Huron,Bullheads,,,Benthic omnivore
1931,Huron,Carp,962,,Benthic omnivore
1931,Huron,Channel Catfish,,,Benthic omnivore
1931,Huron,Channel Catfish and Bullheads,122,,Benthic omnivore
1931,Huron,Chubs,1472,,Planktivore
1931,Huron,Cisco,5581,,Planktivore
1931,Huron,Freshwater Drum,,,Benthic invertivore
1931,Huron,Lake Sturgeon,16,MI: Commercial fishing for Lake Sturgeon prohibited in Michigan waters. ,Benthic invertivore
1931,Huron,Lake Trout,4896,,Piscivore
1931,Huron,Lake Whitefish,5600,,Benthic invertivore
1931,Huron,Northern Pike,249,,Piscivore
1931,Huron,Rock Bass,,,Invertivore
1931,Huron,Round Whitefish,,,Benthic invertivore
1931,Huron,Sauger,,,Piscivore
1931,Huron,Suckers,,,Benthic omnivore
1931,Huron,Walleye,1241,,Piscivore
1931,Huron,Yellow Perch,773,,Invertivore
1932,Huron,Bullheads,,,Benthic omnivore
1932,Huron,Carp,1070,,Benthic omnivore
1932,Huron,Channel Catfish,,,Benthic omnivore
1932,Huron,Channel Catfish and Bullheads,81,,Benthic omnivore
1932,Huron,Chubs,1965,,Planktivore
1932,Huron,Cisco,3177,,Planktivore
1932,Huron,Freshwater Drum,,,Benthic invertivore
1932,Huron,Lake Sturgeon,17,MI: Commercial fishing for Lake Sturgeon prohibited in Michigan waters. ,Benthic invertivore
1932,Huron,Lake Trout,5132,,Piscivore
1932,Huron,Lake Whitefish,5632,,Benthic invertivore
1932,Huron,Northern Pike,209,,Piscivore
1932,Huron,Rock Bass,,,Invertivore
1932,Huron,Round Whitefish,,,Benthic invertivore
1932,Huron,Sauger,,,Piscivore
1932,Huron,Suckers,,,Benthic omnivore
1932,Huron,Walleye,1943,,Piscivore
1932,Huron,Yellow Perch,730,,Invertivore
1933,Huron,Bullheads,,,Benthic omnivore
1933,Huron,Carp,1000,,Benthic omnivore
1933,Huron,Channel Catfish,,,Benthic omnivore
1933,Huron,Channel Catfish and Bullheads,64,,Benthic omnivore
1933,Huron,Chubs,1595,,Planktivore
1933,Huron,Cisco,2745,,Planktivore
1933,Huron,Freshwater Drum,,,Benthic invertivore
1933,Huron,Lake Sturgeon,22,MI: Commercial fishing for Lake Sturgeon prohibited in Michigan waters. ,Benthic invertivore
1933,Huron,Lake Trout,5128,,Piscivore
1933,Huron,Lake Whitefish,5377,,Benthic invertivore
1933,Huron,Northern Pike,166,,Piscivore
1933,Huron,Rock Bass,,,Invertivore
1933,Huron,Round Whitefish,,,Benthic invertivore
1933,Huron,Sauger,,,Piscivore
1933,Huron,Suckers,,,Benthic omnivore
1933,Huron,Walleye,2093,,Piscivore
1933,Huron,Yellow Perch,553,,Invertivore
1934,Huron,Bullheads,,,Benthic omnivore
1934,Huron,Carp,1073,,Benthic omnivore
1934,Huron,Channel Catfish,,,Benthic omnivore
1934,Huron,Channel Catfish and Bullheads,50,,Benthic omnivore
1934,Huron,Chubs,896,,Planktivore
1934,Huron,Cisco,4608,,Planktivore
1934,Huron,Freshwater Drum,,,Benthic invertivore
1934,Huron,Lake Sturgeon,21,MI: Commercial fishing for Lake Sturgeon prohibited in Michigan waters. ,Benthic invertivore
1934,Huron,Lake Trout,5096,,Piscivore
1934,Huron,Lake Whitefish,4513,,Benthic invertivore
1934,Huron,Northern Pike,143,,Piscivore
1934,Huron,Rock Bass,,,Invertivore
1934,Huron,Round Whitefish,,,Benthic invertivore
1934,Huron,Sauger,,,Piscivore
1934,Huron,Suckers,,,Benthic omnivore
1934,Huron,Walleye,2028,,Piscivore
1934,Huron,Yellow Perch,680,,Invertivore
1935,Huron,Bullheads,,,Benthic omnivore
1935,Huron,Carp,1113,,Benthic omnivore
1935,Huron,Channel Catfish,,,Benthic omnivore
1935,Huron,Channel Catfish and Bullheads,74,,Benthic omnivore
1935,Huron,Chubs,1098,,Planktivore
1935,Huron,Cisco,4179,,Planktivore
1935,Huron,Freshwater Drum,,,Benthic invertivore
1935,Huron,Lake Sturgeon,17,MI: Commercial fishing for Lake Sturgeon prohibited in Michigan waters. ,Benthic invertivore
1935,Huron,Lake Trout,5999,,Piscivore
1935,Huron,Lake Whitefish,3831,,Benthic invertivore
1935,Huron,Northern Pike,165,,Piscivore
1935,Huron,Rainbow Smelt,2,,Planktivore
1935,Huron,Rock Bass,,,Invertivore
1935,Huron,Round Whitefish,,,Benthic invertivore
1935,Huron,Sauger,,,Piscivore
1935,Huron,Suckers,,,Benthic omnivore
1935,Huron,Walleye,2010,,Piscivore
1935,Huron,Yellow Perch,1169,,Invertivore
1936,Huron,Bullheads,,,Benthic omnivore
1936,Huron,Carp,809,,Benthic omnivore
1936,Huron,Channel Catfish,,,Benthic omnivore
1936,Huron,Channel Catfish and Bullheads,135,,Benthic omnivore
1936,Huron,Chubs,904,,Planktivore
1936,Huron,Cisco,4180,,Planktivore
1936,Huron,Freshwater Drum,,,Benthic invertivore
1936,Huron,Lake Sturgeon,16,MI: Commercial fishing for Lake Sturgeon prohibited in Michigan waters. ,Benthic invertivore
1936,Huron,Lake Trout,5716,,Piscivore
1936,Huron,Lake Whitefish,2921,,Benthic invertivore
1936,Huron,Northern Pike,129,,Piscivore
1936,Huron,Rainbow Smelt,,,Planktivore
1936,Huron,Rock Bass,,,Invertivore
1936,Huron,Round Whitefish,,,Benthic invertivore
1936,Huron,Sauger,,,Piscivore
1936,Huron,Suckers,,,Benthic omnivore
1936,Huron,Walleye,1995,,Piscivore
1936,Huron,Yellow Perch,1300,,Invertivore
1937,Huron,Bullheads,,,Benthic omnivore
1937,Huron,Channel Catfish,,,Benthic omnivore
1937,Huron,Channel Catfish and Bullheads,230,,Benthic omnivore
1937,Huron,Chubs,796,,Planktivore
1937,Huron,Cisco,4382,,Planktivore
1937,Huron,Freshwater Drum,,,Benthic invertivore
1937,Huron,Lake Sturgeon,17,MI: Commercial fishing for Lake Sturgeon prohibited in Michigan waters. ,Benthic invertivore
1937,Huron,Lake Trout,5242,,Piscivore
1937,Huron,Lake Whitefish,2683,,Benthic invertivore
1937,Huron,Northern Pike,121,,Piscivore
1937,Huron,Rainbow Smelt,,,Planktivore
1937,Huron,Rock Bass,,,Invertivore
1937,Huron,Round Whitefish,,,Benthic invertivore
1937,Huron,Sauger,,,Piscivore
1937,Huron,Suckers,,,Benthic omnivore
1937,Huron,Walleye,2047,,Piscivore
1937,Huron,Yellow Perch,703,,Invertivore
1938,Huron,Bullheads,,,Benthic omnivore
1938,Huron,Channel Catfish,,,Benthic omnivore
1938,Huron,Channel Catfish and Bullheads,177,,Benthic omnivore
1938,Huron,Chubs,644,,Planktivore
1938,Huron,Cisco,5664,,Planktivore
1938,Huron,Freshwater Drum,,,Benthic invertivore
1938,Huron,Lake Sturgeon,13,MI: Commercial fishing for Lake Sturgeon prohibited in Michigan waters. ,Benthic invertivore
1938,Huron,Lake Trout,5070,,Piscivore
1938,Huron,Lake Whitefish,2145,,Benthic invertivore
1938,Huron,Northern Pike,153,,Piscivore
1938,Huron,Rainbow Smelt,0,,Planktivore
1938,Huron,Rock Bass,,,Invertivore
1938,Huron,Round Whitefish,,,Benthic invertivore
1938,Huron,Sauger,,,Piscivore
1938,Huron,Suckers,,,Benthic omnivore
1938,Huron,Walleye,1716,,Piscivore
1938,Huron,Yellow Perch,653,,Invertivore
1939,Huron,Bullheads,,,Benthic omnivore
1939,Huron,Carp,794,,Benthic omnivore
1939,Huron,Channel Catfish,,,Benthic omnivore
1939,Huron,Channel Catfish and Bullheads,166,,Benthic omnivore
1939,Huron,Chubs,487,,Planktivore
1939,Huron,Cisco,7270,,Planktivore
1939,Huron,Freshwater Drum,,,Benthic invertivore
1939,Huron,Lake Sturgeon,8,MI: Commercial fishing for Lake Sturgeon prohibited in Michigan waters. ,Benthic invertivore
1939,Huron,Lake Trout,4574,,Piscivore
1939,Huron,Lake Whitefish,1645,,Benthic invertivore
1939,Huron,Northern Pike,101,,Piscivore
1939,Huron,Rainbow Smelt,,,Planktivore
1939,Huron,Rock Bass,,,Invertivore
1939,Huron,Round Whitefish,,,Benthic invertivore
1939,Huron,Sauger,,,Piscivore
1939,Huron,Suckers,,,Benthic omnivore
1939,Huron,Walleye,1996,,Piscivore
1939,Huron,Yellow Perch,874,,Invertivore
1940,Huron,Bullheads,,,Benthic omnivore
1940,Huron,Carp,721,,Benthic omnivore
1940,Huron,Channel Catfish,,,Benthic omnivore
1940,Huron,Channel Catfish and Bullheads,301,,Benthic omnivore
1940,Huron,Chubs,541,,Planktivore
1940,Huron,Cisco,3482,,Planktivore
1940,Huron,Freshwater Drum,,,Benthic invertivore
1940,Huron,Lake Sturgeon,10,MI: Commercial fishing for Lake Sturgeon prohibited in Michigan waters. ,Benthic invertivore
1940,Huron,Lake Trout,3667,,Piscivore
1940,Huron,Lake Whitefish,1287,,Benthic invertivore
1940,Huron,Northern Pike,125,MI (all): Commercial fishing for northern pike prohibited in Michigan waters.,Piscivore
1940,Huron,Rainbow Smelt,,,Planktivore
1940,Huron,Rock Bass,,,Invertivore
1940,Huron,Round Whitefish,,,Benthic invertivore
1940,Huron,Sauger,,,Piscivore
1940,Huron,Suckers,,,Benthic omnivore
1940,Huron,Walleye,1894,,Piscivore
1940,Huron,Yellow Perch,824,,Invertivore
1941,Huron,Bullheads,,,Benthic omnivore
1941,Huron,Carp,723,,Benthic omnivore
1941,Huron,Channel Catfish,,,Benthic omnivore
1941,Huron,Channel Catfish and Bullheads,452,,Benthic omnivore
1941,Huron,Chubs,568,,Planktivore
1941,Huron,Cisco,3420,,Planktivore
1941,Huron,Freshwater Drum,,,Benthic invertivore
1941,Huron,Lake Sturgeon,9,MI: Commercial fishing for Lake Sturgeon prohibited in Michigan waters. ,Benthic invertivore
1941,Huron,Lake Trout,3716,,Piscivore
1941,Huron,Lake Whitefish,1040,,Benthic invertivore
1941,Huron,Northern Pike,93,MI (all): Commercial fishing for northern pike prohibited in Michigan waters.,Piscivore
1941,Huron,Rainbow Smelt,20,,Planktivore
1941,Huron,Rock Bass,,,Invertivore
1941,Huron,Round Whitefish,,,Benthic invertivore
1941,Huron,Sauger,,,Piscivore
1941,Huron,Suckers,,,Benthic omnivore
1941,Huron,Walleye,1798,,Piscivore
1941,Huron,Yellow Perch,641,,Invertivore
1942,Huron,Bullheads,,,Benthic omnivore
1942,Huron,Carp,794,,Benthic omnivore
1942,Huron,Channel Catfish,,,Benthic omnivore
1942,Huron,Channel Catfish and Bullheads,467,,Benthic omnivore
1942,Huron,Chubs,386,,Planktivore
1942,Huron,Cisco,2834,,Planktivore
1942,Huron,Freshwater Drum,,,Benthic invertivore
1942,Huron,Lake Sturgeon,10,MI: Commercial fishing for Lake Sturgeon prohibited in Michigan waters. ,Benthic invertivore
1942,Huron,Lake Trout,2925,,Piscivore
1942,Huron,Lake Whitefish,878,,Benthic invertivore
1942,Huron,Northern Pike,91,MI (all): Commercial fishing for northern pike prohibited in Michigan waters.,Piscivore
1942,Huron,Rainbow Smelt,1,,Planktivore
1942,Huron,Rock Bass,,,Invertivore
1942,Huron,Round Whitefish,,,Benthic invertivore
1942,Huron,Sauger,,,Piscivore
1942,Huron,Suckers,,,Benthic omnivore
1942,Huron,Walleye,2362,,Piscivore
1942,Huron,Yellow Perch,914,,Invertivore
1943,Huron,Bullheads,,,Benthic omnivore
1943,Huron,Carp,1276,,Benthic omnivore
1943,Huron,Channel Catfish,,,Benthic omnivore
1943,Huron,Channel Catfish and Bullheads,460,,Benthic omnivore
1943,Huron,Chubs,469,,Planktivore
1943,Huron,Cisco,2552,,Planktivore
1943,Huron,Freshwater Drum,,,Benthic invertivore
1943,Huron,Lake Sturgeon,6,MI: Commercial fishing for Lake Sturgeon prohibited in Michigan waters. ,Benthic invertivore
1943,Huron,Lake Trout,2068,,Piscivore
1943,Huron,Lake Whitefish,753,,Benthic invertivore
1943,Huron,Northern Pike,117,MI (all): Commercial fishing for northern pike prohibited in Michigan waters.,Piscivore
1943,Huron,Rainbow Smelt,0,,Planktivore
1943,Huron,Rock Bass,,,Invertivore
1943,Huron,Round Whitefish,,,Benthic invertivore
1943,Huron,Sauger,,,Piscivore
1943,Huron,Suckers,,,Benthic omnivore
1943,Huron,Walleye,1940,,Piscivore
1943,Huron,Yellow Perch,1355,,Invertivore
1944,Huron,Bullheads,,,Benthic omnivore
1944,Huron,Carp,1190,,Benthic omnivore
1944,Huron,Channel Catfish,,,Benthic omnivore
1944,Huron,Channel Catfish and Bullheads,385,,Benthic omnivore
1944,Huron,Chubs,596,,Planktivore
1944,Huron,Cisco,1269,,Planktivore
1944,Huron,Freshwater Drum,,,Benthic invertivore
1944,Huron,Lake Sturgeon,12,MI: Commercial fishing for Lake Sturgeon prohibited in Michigan waters. ,Benthic invertivore
1944,Huron,Lake Trout,1503,,Piscivore
1944,Huron,Lake Whitefish,722,,Benthic invertivore
1944,Huron,Northern Pike,109,MI (all): Commercial fishing for northern pike prohibited in Michigan waters.,Piscivore
1944,Huron,Rainbow Smelt,0,,Planktivore
1944,Huron,Rock Bass,,,Invertivore
1944,Huron,Round Whitefish,,,Benthic invertivore
1944,Huron,Sauger,,,Piscivore
1944,Huron,Suckers,,,Benthic omnivore
1944,Huron,Walleye,1412,,Piscivore
1944,Huron,Yellow Perch,946,,Invertivore
1945,Huron,Bullheads,,,Benthic omnivore
1945,Huron,Carp,2431,,Benthic omnivore
1945,Huron,Channel Catfish,,,Benthic omnivore
1945,Huron,Channel Catfish and Bullheads,463,,Benthic omnivore
1945,Huron,Chubs,593,,Planktivore
1945,Huron,Cisco,1580,,Planktivore
1945,Huron,Freshwater Drum,,,Benthic invertivore
1945,Huron,Lake Sturgeon,11,MI: Commercial fishing for Lake Sturgeon prohibited in Michigan waters. ,Benthic invertivore
1945,Huron,Lake Trout,1035,,Piscivore
1945,Huron,Lake Whitefish,549,,Benthic invertivore
1945,Huron,Northern Pike,122,MI (all): Commercial fishing for northern pike prohibited in Michigan waters.,Piscivore
1945,Huron,Rainbow Smelt,2,,Planktivore
1945,Huron,Rock Bass,,,Invertivore
1945,Huron,Round Whitefish,,,Benthic invertivore
1945,Huron,Sauger,,,Piscivore
1945,Huron,Suckers,,,Benthic omnivore
1945,Huron,Walleye,892,,Piscivore
1945,Huron,Yellow Perch,661,,Invertivore
1946,Huron,Bullheads,,,Benthic omnivore
1946,Huron,Carp,1738,,Benthic omnivore
1946,Huron,Channel Catfish,,,Benthic omnivore
1946,Huron,Channel Catfish and Bullheads,333,,Benthic omnivore
1946,Huron,Chubs,154,,Planktivore
1946,Huron,Cisco,1587,,Planktivore
1946,Huron,Freshwater Drum,,,Benthic invertivore
1946,Huron,Lake Sturgeon,15,MI: Commercial fishing for Lake Sturgeon prohibited in Michigan waters. ,Benthic invertivore
1946,Huron,Lake Trout,770,,Piscivore
1946,Huron,Lake Whitefish,974,,Benthic invertivore
1946,Huron,Northern Pike,108,"1.  MI (all): Commercial fishing for northern pike prohibited in Michigan waters; 2.  ONT Totals: Amount differs from figure published prior to 1962, which included 52,000 pounds of walleye. ",Piscivore
1946,Huron,Rainbow Smelt,3,,Planktivore
1946,Huron,Rock Bass,,,Invertivore
1946,Huron,Round Whitefish,,,Benthic invertivore
1946,Huron,Sauger,,,Piscivore
1946,Huron,Suckers,,,Benthic omnivore
1946,Huron,Walleye,1169,"ONT HP: Amount differs from figure published prior to 1962, which did not include 52,000 pounds listed under northern pike.",Piscivore
1946,Huron,Yellow Perch,681,,Invertivore
1947,Huron,Bullheads,,,Benthic omnivore
1947,Huron,Carp,1375,,Benthic omnivore
1947,Huron,Channel Catfish,,,Benthic omnivore
1947,Huron,Channel Catfish and Bullheads,359,,Benthic omnivore
1947,Huron,Chubs,260,,Planktivore
1947,Huron,Cisco,1303,,Planktivore
1947,Huron,Freshwater Drum,,,Benthic invertivore
1947,Huron,Lake Sturgeon,12,MI: Commercial fishing for Lake Sturgeon prohibited in Michigan waters. ,Benthic invertivore
1947,Huron,Lake Trout,390,,Piscivore
1947,Huron,Lake Whitefish,3479,,Benthic invertivore
1947,Huron,Northern Pike,56,,Piscivore
1947,Huron,Rainbow Smelt,2,,Planktivore
1947,Huron,Rock Bass,,,Invertivore
1947,Huron,Round Whitefish,,,Benthic invertivore
1947,Huron,Sauger,,,Piscivore
1947,Huron,Suckers,,,Benthic omnivore
1947,Huron,Walleye,722,,Piscivore
1947,Huron,Yellow Perch,514,,Invertivore
1948,Huron,Bullheads,,,Benthic omnivore
1948,Huron,Carp,1517,,Benthic omnivore
1948,Huron,Channel Catfish,,,Benthic omnivore
1948,Huron,Channel Catfish and Bullheads,262,,Benthic omnivore
1948,Huron,Chubs,395,,Planktivore
1948,Huron,Cisco,1778,,Planktivore
1948,Huron,Freshwater Drum,,,Benthic invertivore
1948,Huron,Lake Sturgeon,14,MI: Commercial fishing for Lake Sturgeon prohibited in Michigan waters. ,Benthic invertivore
1948,Huron,Lake Trout,349,,Piscivore
1948,Huron,Lake Whitefish,3902,,Benthic invertivore
1948,Huron,Northern Pike,108,,Piscivore
1948,Huron,Rainbow Smelt,0,,Planktivore
1948,Huron,Rock Bass,,,Invertivore
1948,Huron,Round Whitefish,,,Benthic invertivore
1948,Huron,Sauger,,,Piscivore
1948,Huron,Suckers,,,Benthic omnivore
1948,Huron,Walleye,689,,Piscivore
1948,Huron,Yellow Perch,845,,Invertivore
1949,Huron,Bullheads,,,Benthic omnivore
1949,Huron,Carp,1014,,Benthic omnivore
1949,Huron,Channel Catfish,,,Benthic omnivore
1949,Huron,Channel Catfish and Bullheads,203,,Benthic omnivore
1949,Huron,Chubs,405,,Planktivore
1949,Huron,Cisco,2116,,Planktivore
1949,Huron,Freshwater Drum,,,Benthic invertivore
1949,Huron,Lake Sturgeon,16,MI: Commercial fishing for Lake Sturgeon prohibited in Michigan waters. ,Benthic invertivore
1949,Huron,Lake Trout,400,,Piscivore
1949,Huron,Lake Whitefish,1851,,Benthic invertivore
1949,Huron,Northern Pike,66,,Piscivore
1949,Huron,Rainbow Smelt,11,,Planktivore
1949,Huron,Rock Bass,,,Invertivore
1949,Huron,Round Whitefish,,,Benthic invertivore
1949,Huron,Sauger,,,Piscivore
1949,Huron,Suckers,,,Benthic omnivore
1949,Huron,Walleye,674,,Piscivore
1949,Huron,Yellow Perch,753,,Invertivore
1950,Huron,Bullheads,,,Benthic omnivore
1950,Huron,Carp,1233,,Benthic omnivore
1950,Huron,Channel Catfish,,,Benthic omnivore
1950,Huron,Channel Catfish and Bullheads,193,,Benthic omnivore
1950,Huron,Chubs,284,,Planktivore
1950,Huron,Cisco,1943,,Planktivore
1950,Huron,Freshwater Drum,,,Benthic invertivore
1950,Huron,Lake Sturgeon,15,MI: Commercial fishing for Lake Sturgeon prohibited in Michigan waters. ,Benthic invertivore
1950,Huron,Lake Trout,415,"ONT HP, GB and NC: Amounts differ from those published prior to 1962, which included some catches made in adjacent areas.",Piscivore
1950,Huron,Lake Whitefish,2815,"ONT (all): Amounts differ from those published prior to 1962, which included some catches made in adjacent areas.",Benthic invertivore
1950,Huron,Northern Pike,52,,Piscivore
1950,Huron,Rainbow Smelt,116,,Planktivore
1950,Huron,Rock Bass,,,Invertivore
1950,Huron,Round Whitefish,,,Benthic invertivore
1950,Huron,Sauger,,,Piscivore
1950,Huron,Suckers,,,Benthic omnivore
1950,Huron,Walleye,656,,Piscivore
1950,Huron,Yellow Perch,776,,Invertivore
1951,Huron,Bullheads,,,Benthic omnivore
1951,Huron,Carp,1736,,Benthic omnivore
1951,Huron,Channel Catfish,,,Benthic omnivore
1951,Huron,Channel Catfish and Bullheads,257,,Benthic omnivore
1951,Huron,Chubs,298,,Planktivore
1951,Huron,Cisco,1522,,Planktivore
1951,Huron,Freshwater Drum,,,Benthic invertivore
1951,Huron,Lake Sturgeon,16,,Benthic invertivore
1951,Huron,Lake Trout,552,"ONT HP, GB and NC: Amounts differ from those published prior to 1962, which included some catches made in adjacent areas.",Piscivore
1951,Huron,Lake Whitefish,3735,"ONT (all): Amounts differ from those published prior to 1962, which included some catches made in adjacent areas.",Benthic invertivore
1951,Huron,Northern Pike,42,,Piscivore
1951,Huron,Rainbow Smelt,218,,Planktivore
1951,Huron,Rock Bass,,,Invertivore
1951,Huron,Round Whitefish,,,Benthic invertivore
1951,Huron,Sauger,,,Piscivore
1951,Huron,Suckers,,,Benthic omnivore
1951,Huron,Walleye,533,,Piscivore
1951,Huron,Yellow Perch,803,,Invertivore
1952,Huron,Bullheads,11,,Benthic omnivore
1952,Huron,Carp,1696,,Benthic omnivore
1952,Huron,Channel Catfish,333,,Benthic omnivore
1952,Huron,Chubs,194,,Planktivore
1952,Huron,Cisco,1935,,Planktivore
1952,Huron,Freshwater Drum,7,,Benthic invertivore
1952,Huron,Lake Sturgeon,12,,Benthic invertivore
1952,Huron,Lake Trout,588,"ONT HP, GB and NC: Amounts differ from those published prior to 1962, which included some catches made in adjacent areas.",Piscivore
1952,Huron,Lake Whitefish,5727,"ONT (all): Amounts differ from those published prior to 1962, which included some catches made in adjacent areas.",Benthic invertivore
1952,Huron,Northern Pike,76,,Piscivore
1952,Huron,Rainbow Smelt,228,,Planktivore
1952,Huron,Rock Bass,,,Invertivore
1952,Huron,Round Whitefish,18,,Benthic invertivore
1952,Huron,Sauger,,,Piscivore
1952,Huron,Suckers,1413,,Benthic omnivore
1952,Huron,Walleye,475,,Piscivore
1952,Huron,Yellow Perch,870,,Invertivore
1953,Huron,Bullheads,31,,Benthic omnivore
1953,Huron,Carp,1431,,Benthic omnivore
1953,Huron,Channel Catfish,357,,Benthic omnivore
1953,Huron,Chubs,514,ONT HP and GB: Amounts differ form those published prior to 1962 which included in Georgian Bay production some catches made in Huron proper.,Planktivore
1953,Huron,Cisco,1514,,Planktivore
1953,Huron,Freshwater Drum,10,,Benthic invertivore
1953,Huron,Lake Sturgeon,22,,Benthic invertivore
1953,Huron,Lake Trout,344,"ONT GB and NC: Amounts differ from those published prior to 1962, which included some catches made in adjacent areas.",Piscivore
1953,Huron,Lake Whitefish,6633,"ONT GB and NC: Ruling against large mesh gill nets resulted in a conversion to impoundment year, complete in 1976.",Benthic invertivore
1953,Huron,Northern Pike,108,,Piscivore
1953,Huron,Rainbow Smelt,212,,Planktivore
1953,Huron,Rock Bass,,,Invertivore
1953,Huron,Round Whitefish,14,,Benthic invertivore
1953,Huron,Sauger,,,Piscivore
1953,Huron,Suckers,1372,"ONT GB and NC: Amounts differ from those published prior to 1962, which included some catches made in adjacent areas.",Benthic omnivore
1953,Huron,Walleye,627,ONT GB and NC: Amounts differ from those published prior to 1962 which included some catches made in adjacent areas. ,Piscivore
1953,Huron,Yellow Perch,971,,Invertivore
1954,Huron,Bullheads,40,,Benthic omnivore
1954,Huron,Carp,1552,,Benthic omnivore
1954,Huron,Channel Catfish,297,,Benthic omnivore
1954,Huron,Chubs,825,ONT HP and GB: Amounts differ form those published prior to 1962 which included in Georgian Bay production some catches made in Huron proper.,Planktivore
1954,Huron,Cisco,1286,,Planktivore
1954,Huron,Freshwater Drum,17,,Benthic invertivore
1954,Huron,Lake Sturgeon,41,,Benthic invertivore
1954,Huron,Lake Trout,168,,Piscivore
1954,Huron,Lake Whitefish,4149,"ONT GB and NC: Ruling against large mesh gill nets resulted in a conversion to impoundment year, complete in 1976.",Benthic invertivore
1954,Huron,Northern Pike,110,,Piscivore
1954,Huron,Rainbow Smelt,167,,Planktivore
1954,Huron,Rock Bass,,,Invertivore
1954,Huron,Round Whitefish,14,,Benthic invertivore
1954,Huron,Sauger,,,Piscivore
1954,Huron,Suckers,1412,,Benthic omnivore
1954,Huron,Walleye,547,ONT GB and NC: Amounts differ from those published prior to 1962 which included some catches made in adjacent areas. ,Piscivore
1954,Huron,Yellow Perch,841,,Invertivore
1955,Huron,Bullheads,63,,Benthic omnivore
1955,Huron,Carp,1534,,Benthic omnivore
1955,Huron,Channel Catfish,386,,Benthic omnivore
1955,Huron,Chubs,798,ONT HP and GB: Amounts differ form those published prior to 1962 which included in Georgian Bay production some catches made in Huron proper.,Planktivore
1955,Huron,Cisco,434,,Planktivore
1955,Huron,Freshwater Drum,15,,Benthic invertivore
1955,Huron,Lake Sturgeon,26,,Benthic invertivore
1955,Huron,Lake Trout,73,"ONT GB and NC: Amounts differ from those published prior to 1962, which included some catches made in adjacent areas.",Piscivore
1955,Huron,Lake Whitefish,2028,"ONT GB and NC: Ruling against large mesh gill nets resulted in a conversion to impoundment year, complete in 1976.",Benthic invertivore
1955,Huron,Northern Pike,87,,Piscivore
1955,Huron,Rainbow Smelt,159,,Planktivore
1955,Huron,Rock Bass,,,Invertivore
1955,Huron,Round Whitefish,14,,Benthic invertivore
1955,Huron,Sauger,,,Piscivore
1955,Huron,Suckers,1235,"ONT GB and NC: Amounts differ from those published prior to 1962, which included some catches made in adjacent areas.",Benthic omnivore
1955,Huron,Walleye,508,,Piscivore
1955,Huron,Yellow Perch,911,,Invertivore
1956,Huron,Bullheads,46,,Benthic omnivore
1956,Huron,Carp,1352,,Benthic omnivore
1956,Huron,Channel Catfish,383,,Benthic omnivore
1956,Huron,Chubs,832,,Planktivore
1956,Huron,Cisco,178,,Planktivore
1956,Huron,Freshwater Drum,50,,Benthic invertivore
1956,Huron,Lake Sturgeon,27,,Benthic invertivore
1956,Huron,Lake Trout,51,"ONT GB and NC: Amounts differ from those published prior to 1962, which included some catches made in adjacent areas.",Piscivore
1956,Huron,Lake Whitefish,999,"ONT GB and NC: Ruling against large mesh gill nets resulted in a conversion to impoundment year, complete in 1976.",Benthic invertivore
1956,Huron,Northern Pike,69,,Piscivore
1956,Huron,Rainbow Smelt,298,,Planktivore
1956,Huron,Rock Bass,,,Invertivore
1956,Huron,Round Whitefish,13,,Benthic invertivore
1956,Huron,Sauger,,,Piscivore
1956,Huron,Suckers,813,,Benthic omnivore
1956,Huron,Walleye,595,,Piscivore
1956,Huron,Yellow Perch,573,,Invertivore
1957,Huron,Bullheads,20,,Benthic omnivore
1957,Huron,Carp,1428,,Benthic omnivore
1957,Huron,Channel Catfish,291,,Benthic omnivore
1957,Huron,Chubs,968,,Planktivore
1957,Huron,Cisco,98,,Planktivore
1957,Huron,Freshwater Drum,45,,Benthic invertivore
1957,Huron,Lake Sturgeon,56,,Benthic invertivore
1957,Huron,Lake Trout,20,,Piscivore
1957,Huron,Lake Whitefish,484,"ONT GB and NC: Ruling against large mesh gill nets resulted in a conversion to impoundment year, complete in 1976.",Benthic invertivore
1957,Huron,Northern Pike,52,,Piscivore
1957,Huron,Rainbow Smelt,93,,Planktivore
1957,Huron,Rock Bass,,,Invertivore
1957,Huron,Round Whitefish,17,,Benthic invertivore
1957,Huron,Sauger,,,Piscivore
1957,Huron,Suckers,638,"ONT GB and NC: Amounts differ from those published prior to 1962,  which included some catches made in adjacent areas.",Benthic omnivore
1957,Huron,Walleye,458,,Piscivore
1957,Huron,Yellow Perch,421,,Invertivore
1958,Huron,Bullheads,5,,Benthic omnivore
1958,Huron,Carp,2307,,Benthic omnivore
1958,Huron,Channel Catfish,303,,Benthic omnivore
1958,Huron,Chubs,2075,,Planktivore
1958,Huron,Cisco,72,,Planktivore
1958,Huron,Freshwater Drum,57,,Benthic invertivore
1958,Huron,Lake Sturgeon,36,"ONT GB and NC: Amounts differ from those published prior to 1962, which included in Georgian Bay production some catches made in the North Channel.",Benthic invertivore
1958,Huron,Lake Trout,11,,Piscivore
1958,Huron,Lake Whitefish,485,"ONT GB and NC: Ruling against large mesh gill nets resulted in a conversion to impoundment year, complete in 1976.",Benthic invertivore
1958,Huron,Northern Pike,56,"ONT GB and NC: Amounts differ from those published prior to 1962, which included in Georgian Bay production some catches made in the North Channel.",Piscivore
1958,Huron,Rainbow Smelt,102,,Planktivore
1958,Huron,Rock Bass,,,Invertivore
1958,Huron,Round Whitefish,20,,Benthic invertivore
1958,Huron,Sauger,,,Piscivore
1958,Huron,Suckers,601,"ONT GB and NC: Amounts differ from those published prior to 1962,  which included some catches made in adjacent areas.",Benthic omnivore
1958,Huron,Walleye,420,ONT GB: Amounts differ from those published prior to 1962 which included some catches made in adjacent areas. ,Piscivore
1958,Huron,Yellow Perch,1100,,Invertivore
1959,Huron,Bullheads,3,,Benthic omnivore
1959,Huron,Carp,1351,,Benthic omnivore
1959,Huron,Channel Catfish,349,,Benthic omnivore
1959,Huron,Chubs,3237,,Planktivore
1959,Huron,Cisco,49,,Planktivore
1959,Huron,Freshwater Drum,71,,Benthic invertivore
1959,Huron,Lake Sturgeon,20,,Benthic invertivore
1959,Huron,Lake Trout,1,,Piscivore
1959,Huron,Lake Whitefish,449,"ONT GB and NC: Ruling against large mesh gill nets resulted in a conversion to impoundment year, complete in 1976.",Benthic invertivore
1959,Huron,Northern Pike,30,,Piscivore
1959,Huron,Rainbow Smelt,70,,Planktivore
1959,Huron,Rock Bass,,,Invertivore
1959,Huron,Round Whitefish,9,"ONT GB and NC: Amounts differ from those published prior to 1962, which included in Georgian Bay production some catches made in the North Channel.",Benthic invertivore
1959,Huron,Sauger,,,Piscivore
1959,Huron,Suckers,643,"ONT GB and NC: Amounts differ from those published prior to 1962,  which included some catches made in adjacent areas.",Benthic omnivore
1959,Huron,Walleye,571,ONT NC: Amounts differ from those published prior to 1962 which included some catches made in adjacent areas.,Piscivore
1959,Huron,Yellow Perch,599,,Invertivore
1960,Huron,Bullheads,3,,Benthic omnivore
1960,Huron,Carp,1402,,Benthic omnivore
1960,Huron,Channel Catfish,306,,Benthic omnivore
1960,Huron,Chubs,4267,,Planktivore
1960,Huron,Cisco,67,,Planktivore
1960,Huron,Freshwater Drum,80,,Benthic invertivore
1960,Huron,Lake Sturgeon,15,,Benthic invertivore
1960,Huron,Lake Trout,1,,Piscivore
1960,Huron,Lake Whitefish,1258,,Benthic invertivore
1960,Huron,Northern Pike,157,,Piscivore
1960,Huron,Rainbow Smelt,79,,Planktivore
1960,Huron,Rock Bass,,,Invertivore
1960,Huron,Round Whitefish,11,,Benthic invertivore
1960,Huron,Sauger,,,Piscivore
1960,Huron,Suckers,621,,Benthic omnivore
1960,Huron,Walleye,448,,Piscivore
1960,Huron,Yellow Perch,1391,,Invertivore
1961,Huron,Bullheads,13,,Benthic omnivore
1961,Huron,Carp,1480,,Benthic omnivore
1961,Huron,Channel Catfish,252,,Benthic omnivore
1961,Huron,Chubs,5570,,Planktivore
1961,Huron,Cisco,89,,Planktivore
1961,Huron,Freshwater Drum,61,,Benthic invertivore
1961,Huron,Lake Sturgeon,18,,Benthic invertivore
1961,Huron,Lake Trout,1,,Piscivore
1961,Huron,Lake Whitefish,1465,,Benthic invertivore
1961,Huron,Northern Pike,230,,Piscivore
1961,Huron,Rainbow Smelt,32,,Planktivore
1961,Huron,Rock Bass,9,,Invertivore
1961,Huron,Round Whitefish,21,,Benthic invertivore
1961,Huron,Sauger,0,,Piscivore
1961,Huron,Suckers,781,,Benthic omnivore
1961,Huron,Walleye,344,,Piscivore
1961,Huron,Yellow Perch,1691,,Invertivore
1962,Huron,Bullheads,10,,Benthic omnivore
1962,Huron,Carp,1683,,Benthic omnivore
1962,Huron,Channel Catfish,195,,Benthic omnivore
1962,Huron,Chubs,4562,,Planktivore
1962,Huron,Cisco,55,,Planktivore
1962,Huron,Freshwater Drum,60,,Benthic invertivore
1962,Huron,Lake Sturgeon,19,,Benthic invertivore
1962,Huron,Lake Trout,0,"1.  MI Totals: Incidental catch only; 2.  ONT HP, GB and NC+L739: Fishery held to quotas which provided adequate samples for assessment.",Piscivore
1962,Huron,Lake Whitefish,888,,Benthic invertivore
1962,Huron,Northern Pike,110,,Piscivore
1962,Huron,Rainbow Smelt,29,,Planktivore
1962,Huron,Rock Bass,11,,Invertivore
1962,Huron,Round Whitefish,35,,Benthic invertivore
1962,Huron,Sauger,1,,Piscivore
1962,Huron,Suckers,851,,Benthic omnivore
1962,Huron,Walleye,502,,Piscivore
1962,Huron,Yellow Perch,992,,Invertivore
1963,Huron,Bullheads,6,,Benthic omnivore
1963,Huron,Carp,1737,,Benthic omnivore
1963,Huron,Channel Catfish,194,,Benthic omnivore
1963,Huron,Chubs,3748,,Planktivore
1963,Huron,Cisco,26,,Planktivore
1963,Huron,Freshwater Drum,62,,Benthic invertivore
1963,Huron,Lake Sturgeon,20,,Benthic invertivore
1963,Huron,Lake Trout,1,,Piscivore
1963,Huron,Lake Whitefish,623,,Benthic invertivore
1963,Huron,Northern Pike,69,,Piscivore
1963,Huron,Rainbow Smelt,15,,Planktivore
1963,Huron,Rock Bass,10,,Invertivore
1963,Huron,Round Whitefish,14,,Benthic invertivore
1963,Huron,Sauger,1,,Piscivore
1963,Huron,Suckers,644,,Benthic omnivore
1963,Huron,Walleye,511,,Piscivore
1963,Huron,Yellow Perch,1069,,Invertivore
1964,Huron,Bullheads,8,,Benthic omnivore
1964,Huron,Carp,1045,,Benthic omnivore
1964,Huron,Channel Catfish,171,,Benthic omnivore
1964,Huron,Chubs,2819,,Planktivore
1964,Huron,Cisco,51,,Planktivore
1964,Huron,Freshwater Drum,55,,Benthic invertivore
1964,Huron,Lake Sturgeon,19,,Benthic invertivore
1964,Huron,Lake Trout,1,,Piscivore
1964,Huron,Lake Whitefish,810,,Benthic invertivore
1964,Huron,Northern Pike,73,,Piscivore
1964,Huron,Rainbow Smelt,32,,Planktivore
1964,Huron,Rock Bass,10,,Invertivore
1964,Huron,Round Whitefish,18,,Benthic invertivore
1964,Huron,Sauger,0,,Piscivore
1964,Huron,Suckers,649,,Benthic omnivore
1964,Huron,Walleye,473,,Piscivore
1964,Huron,Yellow Perch,1545,,Invertivore
1965,Huron,Bullheads,2,,Benthic omnivore
1965,Huron,Carp,1459,,Benthic omnivore
1965,Huron,Channel Catfish,157,,Benthic omnivore
1965,Huron,Chubs,2802,,Planktivore
1965,Huron,Cisco,59,,Planktivore
1965,Huron,Freshwater Drum,57,,Benthic invertivore
1965,Huron,Lake Sturgeon,17,,Benthic invertivore
1965,Huron,Lake Trout,1,,Piscivore
1965,Huron,Lake Whitefish,790,,Benthic invertivore
1965,Huron,Northern Pike,37,,Piscivore
1965,Huron,Rainbow Smelt,32,,Planktivore
1965,Huron,Rock Bass,6,,Invertivore
1965,Huron,Round Whitefish,58,,Benthic invertivore
1965,Huron,Sauger,0,,Piscivore
1965,Huron,Suckers,539,,Benthic omnivore
1965,Huron,Walleye,433,,Piscivore
1965,Huron,Yellow Perch,1322,,Invertivore
1966,Huron,Bullheads,1,,Benthic omnivore
1966,Huron,Carp,901,,Benthic omnivore
1966,Huron,Channel Catfish,190,,Benthic omnivore
1966,Huron,Chubs,1745,,Planktivore
1966,Huron,Cisco,23,,Planktivore
1966,Huron,Freshwater Drum,102,,Benthic invertivore
1966,Huron,Lake Sturgeon,20,,Benthic invertivore
1966,Huron,Lake Trout,0,,Piscivore
1966,Huron,Lake Whitefish,751,,Benthic invertivore
1966,Huron,Northern Pike,29,,Piscivore
1966,Huron,Rainbow Smelt,31,,Planktivore
1966,Huron,Rock Bass,4,,Invertivore
1966,Huron,Round Whitefish,59,,Benthic invertivore
1966,Huron,Sauger,0,,Piscivore
1966,Huron,Suckers,517,,Benthic omnivore
1966,Huron,Walleye,330,,Piscivore
1966,Huron,Yellow Perch,1549,,Invertivore
1967,Huron,Bullheads,5,,Benthic omnivore
1967,Huron,Carp,1070,,Benthic omnivore
1967,Huron,Channel Catfish,156,,Benthic omnivore
1967,Huron,Chubs,1116,,Planktivore
1967,Huron,Cisco,22,,Planktivore
1967,Huron,Freshwater Drum,151,,Benthic invertivore
1967,Huron,Lake Sturgeon,20,,Benthic invertivore
1967,Huron,Lake Trout,2,,Piscivore
1967,Huron,Lake Whitefish,871,,Benthic invertivore
1967,Huron,Northern Pike,41,,Piscivore
1967,Huron,Rainbow Smelt,56,,Planktivore
1967,Huron,Rock Bass,3,,Invertivore
1967,Huron,Round Whitefish,37,,Benthic invertivore
1967,Huron,Sauger,0,,Piscivore
1967,Huron,Suckers,469,,Benthic omnivore
1967,Huron,Walleye,294,,Piscivore
1967,Huron,Yellow Perch,1388,,Invertivore
1968,Huron,Bullheads,12,,Benthic omnivore
1968,Huron,Carp,1097,,Benthic omnivore
1968,Huron,Channel Catfish,120,,Benthic omnivore
1968,Huron,Chubs,549,MI (all): Small mesh gill nets prohibited inside the 35-fathom contour.,Planktivore
1968,Huron,Cisco,44,,Planktivore
1968,Huron,Freshwater Drum,112,,Benthic invertivore
1968,Huron,Lake Sturgeon,20,,Benthic invertivore
1968,Huron,Lake Trout,4,,Piscivore
1968,Huron,Lake Whitefish,1022,,Benthic invertivore
1968,Huron,Northern Pike,27,,Piscivore
1968,Huron,Rainbow Smelt,29,,Planktivore
1968,Huron,Rock Bass,2,,Invertivore
1968,Huron,Round Whitefish,46,,Benthic invertivore
1968,Huron,Sauger,0,,Piscivore
1968,Huron,Suckers,372,,Benthic omnivore
1968,Huron,Walleye,431,,Piscivore
1968,Huron,Yellow Perch,1008,,Invertivore
1969,Huron,Bullheads,28,,Benthic omnivore
1969,Huron,Carp,1400,,Benthic omnivore
1969,Huron,Channel Catfish,142,,Benthic omnivore
1969,Huron,Chubs,256,,Planktivore
1969,Huron,Cisco,27,,Planktivore
1969,Huron,Freshwater Drum,81,,Benthic invertivore
1969,Huron,Lake Sturgeon,16,,Benthic invertivore
1969,Huron,Lake Trout,1,,Piscivore
1969,Huron,Lake Whitefish,1155,,Benthic invertivore
1969,Huron,Northern Pike,21,,Piscivore
1969,Huron,Pacific Salmon,1,,Piscivore
1969,Huron,Rainbow Smelt,68,,Planktivore
1969,Huron,Rock Bass,2,,Invertivore
1969,Huron,Round Whitefish,57,,Benthic invertivore
1969,Huron,Sauger,0,,Piscivore
1969,Huron,Suckers,319,,Benthic omnivore
1969,Huron,Walleye,328,MI Totals: Walleyeeye assigned sport fish status.,Piscivore
1969,Huron,Yellow Perch,972,,Invertivore
1970,Huron,Bullheads,57,,Benthic omnivore
1970,Huron,Carp,1262,,Benthic omnivore
1970,Huron,Channel Catfish,242,,Benthic omnivore
1970,Huron,Chubs,192,,Planktivore
1970,Huron,Cisco,15,,Planktivore
1970,Huron,Freshwater Drum,45,,Benthic invertivore
1970,Huron,Lake Sturgeon,13,,Benthic invertivore
1970,Huron,Lake Trout,0,"MI Totals: Large mesh gill nets were limited in 1970, and banned completely in 1971.",Piscivore
1970,Huron,Lake Whitefish,1163,,Benthic invertivore
1970,Huron,Northern Pike,29,,Piscivore
1970,Huron,Pacific Salmon,2,,Piscivore
1970,Huron,Rainbow Smelt,4,MI Totals: A limited entry regulation based on annual fishing effort disqualified most smelt fishers.,Planktivore
1970,Huron,Rock Bass,2,,Invertivore
1970,Huron,Round Whitefish,15,,Benthic invertivore
1970,Huron,Sauger,0,,Piscivore
1970,Huron,Suckers,316,,Benthic omnivore
1970,Huron,Walleye,108,ONT HP: Discovery of mercury contamination in fish caused the closure of the fishery in the Lambton county waters of Lake Huron.,Piscivore
1970,Huron,Yellow Perch,812,,Invertivore
1971,Huron,Bullheads,45,,Benthic omnivore
1971,Huron,Carp,1435,,Benthic omnivore
1971,Huron,Channel Catfish,386,,Benthic omnivore
1971,Huron,Chubs,686,1.  MI HP: Small mesh gill nets prohibited; 2. ONT (all): Market price increased.,Planktivore
1971,Huron,Cisco,27,,Planktivore
1971,Huron,Freshwater Drum,11,,Benthic invertivore
1971,Huron,Lake Sturgeon,10,,Benthic invertivore
1971,Huron,Lake Trout,1,,Piscivore
1971,Huron,Lake Whitefish,1165,,Benthic invertivore
1971,Huron,Northern Pike,29,,Piscivore
1971,Huron,Pacific Salmon,2,,Piscivore
1971,Huron,Rainbow Smelt,3,,Planktivore
1971,Huron,Rock Bass,4,,Invertivore
1971,Huron,Round Whitefish,37,,Benthic invertivore
1971,Huron,Sauger,0,,Piscivore
1971,Huron,Suckers,285,,Benthic omnivore
1971,Huron,Walleye,97,,Piscivore
1971,Huron,Yellow Perch,948,,Invertivore
1972,Huron,Bullheads,57,,Benthic omnivore
1972,Huron,Carp,941,,Benthic omnivore
1972,Huron,Channel Catfish,284,,Benthic omnivore
1972,Huron,Chubs,634,,Planktivore
1972,Huron,Cisco,44,,Planktivore
1972,Huron,Freshwater Drum,11,,Benthic invertivore
1972,Huron,Lake Sturgeon,9,,Benthic invertivore
1972,Huron,Lake Trout,1,,Piscivore
1972,Huron,Lake Whitefish,1131,"MI SB and Totals: Ruling against large mesh gill nets resulted in a conversion to impoundment year, complete in 1976.",Benthic invertivore
1972,Huron,Northern Pike,40,,Piscivore
1972,Huron,Pacific Salmon,2,,Piscivore
1972,Huron,Rainbow Smelt,6,,Planktivore
1972,Huron,Rock Bass,1,,Invertivore
1972,Huron,Round Whitefish,58,,Benthic invertivore
1972,Huron,Sauger,0,,Piscivore
1972,Huron,Suckers,284,,Benthic omnivore
1972,Huron,Walleye,77,,Piscivore
1972,Huron,Yellow Perch,543,"MI SB: Small mesh gill nets were banned, resulting in a conversion to impoundment gear.",Invertivore
1973,Huron,Bullheads,40,,Benthic omnivore
1973,Huron,Carp,852,,Benthic omnivore
1973,Huron,Channel Catfish,361,,Benthic omnivore
1973,Huron,Chubs,733,,Planktivore
1973,Huron,Cisco,78,,Planktivore
1973,Huron,Freshwater Drum,131,,Benthic invertivore
1973,Huron,Lake Sturgeon,16,,Benthic invertivore
1973,Huron,Lake Trout,1,,Piscivore
1973,Huron,Lake Whitefish,850,,Benthic invertivore
1973,Huron,Northern Pike,26,,Piscivore
1973,Huron,Pacific Salmon,1,,Piscivore
1973,Huron,Rainbow Smelt,25,,Planktivore
1973,Huron,Rock Bass,1,,Invertivore
1973,Huron,Round Whitefish,40,,Benthic invertivore
1973,Huron,Sauger,0,,Piscivore
1973,Huron,Suckers,363,,Benthic omnivore
1973,Huron,Walleye,195,"ONT HP: Development of processing techniques to produce marketable products allowed the revival, under special permit, of the Lambton county walleye fishery.",Piscivore
1973,Huron,Yellow Perch,474,,Invertivore
1974,Huron,Bullheads,44,,Benthic omnivore
1974,Huron,Carp,740,,Benthic omnivore
1974,Huron,Channel Catfish,340,,Benthic omnivore
1974,Huron,Chubs,671,,Planktivore
1974,Huron,Cisco,65,,Planktivore
1974,Huron,Freshwater Drum,48,,Benthic invertivore
1974,Huron,Lake Sturgeon,11,,Benthic invertivore
1974,Huron,Lake Trout,1,,Piscivore
1974,Huron,Lake Whitefish,1220,,Benthic invertivore
1974,Huron,Northern Pike,27,,Piscivore
1974,Huron,Pacific Salmon,1,,Piscivore
1974,Huron,Rainbow Smelt,214,ONT NC: Experimental permits were issued for dip net use.,Planktivore
1974,Huron,Rock Bass,1,,Invertivore
1974,Huron,Round Whitefish,47,,Benthic invertivore
1974,Huron,Sauger,0,,Piscivore
1974,Huron,Suckers,288,,Benthic omnivore
1974,Huron,Walleye,269,,Piscivore
1974,Huron,Yellow Perch,621,,Invertivore
1975,Huron,Bullheads,41,,Benthic omnivore
1975,Huron,Carp,683,,Benthic omnivore
1975,Huron,Channel Catfish,333,,Benthic omnivore
1975,Huron,Chubs,794,,Planktivore
1975,Huron,Cisco,44,,Planktivore
1975,Huron,Freshwater Drum,83,,Benthic invertivore
1975,Huron,Lake Sturgeon,13,,Benthic invertivore
1975,Huron,Lake Trout,10,,Piscivore
1975,Huron,Lake Whitefish,1306,,Benthic invertivore
1975,Huron,Northern Pike,26,,Piscivore
1975,Huron,Pacific Salmon,1,,Piscivore
1975,Huron,Rainbow Smelt,4,,Planktivore
1975,Huron,Rock Bass,2,,Invertivore
1975,Huron,Round Whitefish,50,,Benthic invertivore
1975,Huron,Sauger,0,,Piscivore
1975,Huron,Suckers,294,,Benthic omnivore
1975,Huron,Walleye,277,,Piscivore
1975,Huron,Yellow Perch,811,,Invertivore
1976,Huron,Bullheads,30,,Benthic omnivore
1976,Huron,Carp,782,,Benthic omnivore
1976,Huron,Channel Catfish,427,,Benthic omnivore
1976,Huron,Chubs,727,,Planktivore
1976,Huron,Cisco,46,,Planktivore
1976,Huron,Freshwater Drum,47,,Benthic invertivore
1976,Huron,Lake Sturgeon,13,,Benthic invertivore
1976,Huron,Lake Trout,16,,Piscivore
1976,Huron,Lake Whitefish,1558,,Benthic invertivore
1976,Huron,Northern Pike,41,,Piscivore
1976,Huron,Pacific Salmon,39,"All: PCB contamination resulted in closure of the fishery, August 1976.",Piscivore
1976,Huron,Rainbow Smelt,30,,Planktivore
1976,Huron,Rock Bass,5,,Invertivore
1976,Huron,Round Whitefish,105,,Benthic invertivore
1976,Huron,Sauger,0,,Piscivore
1976,Huron,Suckers,434,,Benthic omnivore
1976,Huron,Walleye,258,,Piscivore
1976,Huron,Yellow Perch,1033,,Invertivore
1977,Huron,Bullheads,25,,Benthic omnivore
1977,Huron,Carp,831,,Benthic omnivore
1977,Huron,Channel Catfish,468,,Benthic omnivore
1977,Huron,Chubs,472,,Planktivore
1977,Huron,Cisco,52,,Planktivore
1977,Huron,Freshwater Drum,9,,Benthic invertivore
1977,Huron,Lake Sturgeon,9,,Benthic invertivore
1977,Huron,Lake Trout,9,,Piscivore
1977,Huron,Lake Whitefish,2037,,Benthic invertivore
1977,Huron,Northern Pike,33,,Piscivore
1977,Huron,Pacific Salmon,1,,Piscivore
1977,Huron,Rainbow Smelt,17,,Planktivore
1977,Huron,Rock Bass,9,,Invertivore
1977,Huron,Round Whitefish,61,,Benthic invertivore
1977,Huron,Sauger,2,,Piscivore
1977,Huron,Suckers,332,,Benthic omnivore
1977,Huron,Walleye,408,,Piscivore
1977,Huron,Yellow Perch,687,,Invertivore
1978,Huron,Buffalo,3,,Benthic omnivore
1978,Huron,Bullheads,12,,Benthic omnivore
1978,Huron,Carp,735,,Benthic omnivore
1978,Huron,Channel Catfish,505,,Benthic omnivore
1978,Huron,Chubs,492,,Planktivore
1978,Huron,Cisco,52,,Planktivore
1978,Huron,Freshwater Drum,59,,Benthic invertivore
1978,Huron,Gizzard Shad,18,,Planktivore
1978,Huron,Lake Sturgeon,8,,Benthic invertivore
1978,Huron,Lake Trout,36,,Piscivore
1978,Huron,Lake Whitefish,2336,,Benthic invertivore
1978,Huron,Northern Pike,17,,Piscivore
1978,Huron,Pacific Salmon,2,,Piscivore
1978,Huron,Rainbow Smelt,9,,Planktivore
1978,Huron,Rock Bass,2,,Invertivore
1978,Huron,Round Whitefish,75,,Benthic invertivore
1978,Huron,Sauger,2,,Piscivore
1978,Huron,Suckers,340,,Benthic omnivore
1978,Huron,Yellow Perch,543,,Invertivore
1979,Huron,Buffalo,0,,Benthic omnivore
1979,Huron,Bullheads,3,,Benthic omnivore
1979,Huron,Burbot,10,,Piscivore
1979,Huron,Carp,706,,Benthic omnivore
1979,Huron,Channel Catfish,568,,Benthic omnivore
1979,Huron,Chubs,474,,Planktivore
1979,Huron,Cisco,55,,Planktivore
1979,Huron,Crappies,7,,Invertivore
1979,Huron,Freshwater Drum,102,,Benthic invertivore
1979,Huron,Gizzard Shad,36,,Planktivore
1979,Huron,Lake Sturgeon,10,,Benthic invertivore
1979,Huron,Lake Trout,79,,Piscivore
1979,Huron,Lake Whitefish,2008,,Benthic invertivore
1979,Huron,Northern Pike,31,,Piscivore
1979,Huron,Pacific Salmon,7,,Piscivore
1979,Huron,Rainbow Smelt,30,,Planktivore
1979,Huron,Rock Bass,5,,Invertivore
1979,Huron,Round Whitefish,94,,Benthic invertivore
1979,Huron,Sauger,0,,Piscivore
1979,Huron,Suckers,306,,Benthic omnivore
1979,Huron,Walleye,300,,Piscivore
1979,Huron,Walleye,302,,Piscivore
1979,Huron,White Bass,8,,Piscivore
1979,Huron,Yellow Perch,462,,Invertivore
1980,Huron,Buffalo,5,,Benthic omnivore
1980,Huron,Bullheads,2,,Benthic omnivore
1980,Huron,Burbot,38,,Piscivore
1980,Huron,Carp,620,,Benthic omnivore
1980,Huron,Channel Catfish,550,,Benthic omnivore
1980,Huron,Chubs,438,,Planktivore
1980,Huron,Cisco,57,,Planktivore
1980,Huron,Crappies,7,,Invertivore
1980,Huron,Freshwater Drum,62,,Benthic invertivore
1980,Huron,Gizzard Shad,2,,Planktivore
1980,Huron,Lake Sturgeon,21,,Benthic invertivore
1980,Huron,Lake Trout,190,,Piscivore
1980,Huron,Lake Whitefish,2450,,Benthic invertivore
1980,Huron,Northern Pike,23,,Piscivore
1980,Huron,Pacific Salmon,15,,Piscivore
1980,Huron,Rainbow Smelt,23,,Planktivore
1980,Huron,Rock Bass,4,,Invertivore
1980,Huron,Round Whitefish,104,,Benthic invertivore
1980,Huron,Suckers,354,,Benthic omnivore
1980,Huron,Walleye,335,,Piscivore
1980,Huron,White Bass,23,,Piscivore
1980,Huron,White Perch,,,Invertivore
1980,Huron,Yellow Perch,735,,Invertivore
1981,Huron,Buffalo,0,,Benthic omnivore
1981,Huron,Bullheads,2,,Benthic omnivore
1981,Huron,Burbot,9,,Piscivore
1981,Huron,Carp,804,,Benthic omnivore
1981,Huron,Channel Catfish,579,,Benthic omnivore
1981,Huron,Chubs,607,,Planktivore
1981,Huron,Cisco,45,,Planktivore
1981,Huron,Crappies,22,,Invertivore
1981,Huron,Freshwater Drum,86,,Benthic invertivore
1981,Huron,Gizzard Shad,7,,Planktivore
1981,Huron,Lake Sturgeon,13,,Benthic invertivore
1981,Huron,Lake Trout,168,,Piscivore
1981,Huron,Lake Whitefish,2641,,Benthic invertivore
1981,Huron,Northern Pike,36,,Piscivore
1981,Huron,Pacific Salmon,40,,Piscivore
1981,Huron,Rainbow Smelt,21,,Planktivore
1981,Huron,Rock Bass,1,,Invertivore
1981,Huron,Round Whitefish,69,,Benthic invertivore
1981,Huron,Sauger,1,,Piscivore
1981,Huron,Suckers,382,,Benthic omnivore
1981,Huron,Walleye,342,,Piscivore
1981,Huron,White Bass,13,,Piscivore
1981,Huron,White Perch,,,Invertivore
1981,Huron,Yellow Perch,915,,Invertivore
1982,Huron,Buffalo,1,,Benthic omnivore
1982,Huron,Bullheads,8,,Benthic omnivore
1982,Huron,Burbot,17,,Piscivore
1982,Huron,Carp,766,,Benthic omnivore
1982,Huron,Channel Catfish,716,,Benthic omnivore
1982,Huron,Chubs,614,,Planktivore
1982,Huron,Cisco,51,,Planktivore
1982,Huron,Crappies,11,,Invertivore
1982,Huron,Freshwater Drum,78,,Benthic invertivore
1982,Huron,Gizzard Shad,3,,Planktivore
1982,Huron,Lake Sturgeon,10,,Benthic invertivore
1982,Huron,Lake Trout,379,,Piscivore
1982,Huron,Lake Whitefish,3807,,Benthic invertivore
1982,Huron,Northern Pike,24,,Piscivore
1982,Huron,Pacific Salmon,14,,Piscivore
1982,Huron,Rainbow Smelt,27,,Planktivore
1982,Huron,Rock Bass,3,,Invertivore
1982,Huron,Round Whitefish,70,,Benthic invertivore
1982,Huron,Sauger,0,,Piscivore
1982,Huron,Suckers,389,,Benthic omnivore
1982,Huron,Walleye,337,,Piscivore
1982,Huron,White Bass,15,,Piscivore
1982,Huron,White Perch,,,Invertivore
1982,Huron,Yellow Perch,599,,Invertivore
1983,Huron,Buffalo,3,,Benthic omnivore
1983,Huron,Bullheads,7,,Benthic omnivore
1983,Huron,Burbot,26,,Piscivore
1983,Huron,Carp,543,,Benthic omnivore
1983,Huron,Channel Catfish,732,,Benthic omnivore
1983,Huron,Chubs,957,,Planktivore
1983,Huron,Cisco,58,,Planktivore
1983,Huron,Crappies,9,,Invertivore
1983,Huron,Freshwater Drum,77,,Benthic invertivore
1983,Huron,Gizzard Shad,7,,Planktivore
1983,Huron,Lake Sturgeon,12,,Benthic invertivore
1983,Huron,Lake Trout,462,,Piscivore
1983,Huron,Lake Whitefish,5183,,Benthic invertivore
1983,Huron,Northern Pike,28,,Piscivore
1983,Huron,Pacific Salmon,110,,Piscivore
1983,Huron,Rainbow Smelt,0,,Planktivore
1983,Huron,Rock Bass,2,,Invertivore
1983,Huron,Round Whitefish,70,,Benthic invertivore
1983,Huron,Sauger,0,,Piscivore
1983,Huron,Suckers,292,,Benthic omnivore
1983,Huron,Walleye,320,,Piscivore
1983,Huron,White Bass,22,,Piscivore
1983,Huron,White Perch,1,,Invertivore
1983,Huron,Yellow Perch,649,,Invertivore
1984,Huron,Buffalo,5,,Benthic omnivore
1984,Huron,Bullheads,4,,Benthic omnivore
1984,Huron,Burbot,39,,Piscivore
1984,Huron,Carp,583,,Benthic omnivore
1984,Huron,Channel Catfish,609,,Benthic omnivore
1984,Huron,Chubs,1568,,Planktivore
1984,Huron,Cisco,43,,Planktivore
1984,Huron,Crappies,5,,Invertivore
1984,Huron,Freshwater Drum,87,,Benthic invertivore
1984,Huron,Gizzard Shad,2,,Planktivore
1984,Huron,Lake Sturgeon,12,,Benthic invertivore
1984,Huron,Lake Trout,269,,Piscivore
1984,Huron,Lake Whitefish,4259,,Benthic invertivore
1984,Huron,Northern Pike,25,,Piscivore
1984,Huron,Pacific Salmon,7,,Piscivore
1984,Huron,Rainbow Smelt,17,,Planktivore
1984,Huron,Rock Bass,7,,Invertivore
1984,Huron,Round Whitefish,89,,Benthic invertivore
1984,Huron,Sauger,0,,Piscivore
1984,Huron,Suckers,276,,Benthic omnivore
1984,Huron,Walleye,287,,Piscivore
1984,Huron,White Bass,31,,Piscivore
1984,Huron,White Perch,1,,Invertivore
1984,Huron,Yellow Perch,786,,Invertivore
1985,Huron,Buffalo,1,,Benthic omnivore
1985,Huron,Bullheads,6,,Benthic omnivore
1985,Huron,Burbot,34,,Piscivore
1985,Huron,Carp,532,,Benthic omnivore
1985,Huron,Channel Catfish,609,,Benthic omnivore
1985,Huron,Chubs,1346,,Planktivore
1985,Huron,Cisco,63,,Planktivore
1985,Huron,Crappies,7,,Invertivore
1985,Huron,Freshwater Drum,103,,Benthic invertivore
1985,Huron,Gizzard Shad,3,,Planktivore
1985,Huron,Lake Sturgeon,17,,Benthic invertivore
1985,Huron,Lake Trout,334,,Piscivore
1985,Huron,Lake Whitefish,4916,,Benthic invertivore
1985,Huron,Northern Pike,29,,Piscivore
1985,Huron,Pacific Salmon,42,,Piscivore
1985,Huron,Rainbow Smelt,249,,Planktivore
1985,Huron,Rock Bass,3,,Invertivore
1985,Huron,Round Whitefish,59,,Benthic invertivore
1985,Huron,Sauger,0,,Piscivore
1985,Huron,Suckers,240,,Benthic omnivore
1985,Huron,Walleye,316,,Piscivore
1985,Huron,White Bass,25,,Piscivore
1985,Huron,White Perch,1,,Invertivore
1985,Huron,Yellow Perch,705,,Invertivore
1986,Huron,Buffalo,0,,Benthic omnivore
1986,Huron,Bullheads,4,,Benthic omnivore
1986,Huron,Burbot,32,,Piscivore
1986,Huron,Carp,904,,Benthic omnivore
1986,Huron,Channel Catfish,647,,Benthic omnivore
1986,Huron,Chubs,1104,,Planktivore
1986,Huron,Cisco,34,,Planktivore
1986,Huron,Crappies,11,,Invertivore
1986,Huron,Freshwater Drum,117,,Benthic invertivore
1986,Huron,Gizzard Shad,3,,Planktivore
1986,Huron,Lake Sturgeon,15,,Benthic invertivore
1986,Huron,Lake Trout,343,,Piscivore
1986,Huron,Lake Whitefish,5007,,Benthic invertivore
1986,Huron,Northern Pike,27,,Piscivore
1986,Huron,Pacific Salmon,18,,Piscivore
1986,Huron,Rainbow Smelt,23,,Planktivore
1986,Huron,Rock Bass,1,,Invertivore
1986,Huron,Round Whitefish,74,,Benthic invertivore
1986,Huron,Sauger,0,,Piscivore
1986,Huron,Suckers,260,,Benthic omnivore
1986,Huron,Walleye,307,,Piscivore
1986,Huron,White Bass,24,,Piscivore
1986,Huron,White Perch,1,,Invertivore
1986,Huron,Yellow Perch,660,,Invertivore
1987,Huron,Buffalo,1,,Benthic omnivore
1987,Huron,Bullheads,2,,Benthic omnivore
1987,Huron,Burbot,97,,Piscivore
1987,Huron,Carp,981,,Benthic omnivore
1987,Huron,Channel Catfish,599,,Benthic omnivore
1987,Huron,Chubs,1095,,Planktivore
1987,Huron,Cisco,53,,Planktivore
1987,Huron,Crappies,14,,Invertivore
1987,Huron,Freshwater Drum,100,,Benthic invertivore
1987,Huron,Gizzard Shad,1,,Planktivore
1987,Huron,Lake Sturgeon,14,,Benthic invertivore
1987,Huron,Lake Trout,285,,Piscivore
1987,Huron,Lake Whitefish,6118,,Benthic invertivore
1987,Huron,Northern Pike,21,,Piscivore
1987,Huron,Pacific Salmon,106,,Piscivore
1987,Huron,Rainbow Smelt,34,,Planktivore
1987,Huron,Rock Bass,1,,Invertivore
1987,Huron,Round Whitefish,59,,Benthic invertivore
1987,Huron,Sauger,0,,Piscivore
1987,Huron,Suckers,281,,Benthic omnivore
1987,Huron,Walleye,334,,Piscivore
1987,Huron,White Bass,19,,Piscivore
1987,Huron,White Perch,9,,Invertivore
1987,Huron,Yellow Perch,697,,Invertivore
1988,Huron,Buffalo,1,,Benthic omnivore
1988,Huron,Bullheads,3,,Benthic omnivore
1988,Huron,Burbot,67,,Piscivore
1988,Huron,Carp,689,,Benthic omnivore
1988,Huron,Channel Catfish,572,,Benthic omnivore
1988,Huron,Chubs,1653,,Planktivore
1988,Huron,Cisco,30,,Planktivore
1988,Huron,Crappies,11,,Invertivore
1988,Huron,Freshwater Drum,62,,Benthic invertivore
1988,Huron,Gizzard Shad,1,,Planktivore
1988,Huron,Lake Sturgeon,11,,Benthic invertivore
1988,Huron,Lake Trout,278,,Piscivore
1988,Huron,Lake Whitefish,5941,,Benthic invertivore
1988,Huron,Northern Pike,20,,Piscivore
1988,Huron,Pacific Salmon,338,,Piscivore
1988,Huron,Rainbow Smelt,68,,Planktivore
1988,Huron,Rock Bass,2,,Invertivore
1988,Huron,Round Whitefish,86,,Benthic invertivore
1988,Huron,Sauger,0,,Piscivore
1988,Huron,Suckers,321,,Benthic omnivore
1988,Huron,Walleye,367,,Piscivore
1988,Huron,White Bass,16,,Piscivore
1988,Huron,White Perch,10,,Invertivore
1988,Huron,Yellow Perch,655,,Invertivore
1989,Huron,Buffalo,10,,Benthic omnivore
1989,Huron,Bullheads,4,,Benthic omnivore
1989,Huron,Burbot,58,,Piscivore
1989,Huron,Carp,600,,Benthic omnivore
1989,Huron,Channel Catfish,744,,Benthic omnivore
1989,Huron,Chubs,1343,,Planktivore
1989,Huron,Cisco,48,,Planktivore
1989,Huron,Crappies,11,,Invertivore
1989,Huron,Freshwater Drum,87,,Benthic invertivore
1989,Huron,Gizzard Shad,2,,Planktivore
1989,Huron,Lake Sturgeon,16,,Benthic invertivore
1989,Huron,Lake Trout,260,,Piscivore
1989,Huron,Lake Whitefish,6209,,Benthic invertivore
1989,Huron,Northern Pike,18,,Piscivore
1989,Huron,Pacific Salmon,415,,Piscivore
1989,Huron,Rainbow Smelt,100,,Planktivore
1989,Huron,Rock Bass,3,,Invertivore
1989,Huron,Round Whitefish,88,,Benthic invertivore
1989,Huron,Sauger,0,,Piscivore
1989,Huron,Suckers,369,,Benthic omnivore
1989,Huron,Walleye,299,,Piscivore
1989,Huron,White Bass,27,,Piscivore
1989,Huron,White Perch,22,,Invertivore
1989,Huron,Yellow Perch,737,,Invertivore
1990,Huron,Buffalo,47,,Benthic omnivore
1990,Huron,Bullheads,6,,Benthic omnivore
1990,Huron,Burbot,57,,Piscivore
1990,Huron,Carp,523,,Benthic omnivore
1990,Huron,Channel Catfish,810,,Benthic omnivore
1990,Huron,Chubs,1388,,Planktivore
1990,Huron,Cisco,44,,Planktivore
1990,Huron,Crappies,6,,Invertivore
1990,Huron,Freshwater Drum,101,,Benthic invertivore
1990,Huron,Gizzard Shad,2,,Planktivore
1990,Huron,Lake Sturgeon,10,,Benthic invertivore
1990,Huron,Lake Trout,179,,Piscivore
1990,Huron,Lake Whitefish,5699,,Benthic invertivore
1990,Huron,Northern Pike,17,,Piscivore
1990,Huron,Pacific Salmon,318,,Piscivore
1990,Huron,Rainbow Smelt,59,,Planktivore
1990,Huron,Rock Bass,1,,Invertivore
1990,Huron,Round Whitefish,30,,Benthic invertivore
1990,Huron,Sauger,4,,Piscivore
1990,Huron,Suckers,329,,Benthic omnivore
1990,Huron,Walleye,327,,Piscivore
1990,Huron,White Bass,43,,Piscivore
1990,Huron,White Perch,48,,Invertivore
1990,Huron,Yellow Perch,652,,Invertivore
1991,Huron,Bullheads,2,,Benthic omnivore
1991,Huron,Burbot,34,,Piscivore
1991,Huron,Carp,288,,Benthic omnivore
1991,Huron,Channel Catfish,720,,Benthic omnivore
1991,Huron,Chubs,1312,,Planktivore
1991,Huron,Cisco,55,,Planktivore
1991,Huron,Crappies,3,,Invertivore
1991,Huron,Freshwater Drum,124,,Benthic invertivore
1991,Huron,Gizzard Shad,4,,Planktivore
1991,Huron,Lake Sturgeon,12,,Benthic invertivore
1991,Huron,Lake Trout,174,,Piscivore
1991,Huron,Lake Whitefish,6433,,Benthic invertivore
1991,Huron,Northern Pike,11,,Piscivore
1991,Huron,Pacific Salmon,426,,Piscivore
1991,Huron,Rainbow Smelt,33,,Planktivore
1991,Huron,Rock Bass,2,,Invertivore
1991,Huron,Round Whitefish,74,,Benthic invertivore
1991,Huron,Sauger,0,,Piscivore
1991,Huron,Suckers,339,,Benthic omnivore
1991,Huron,Walleye,322,,Piscivore
1991,Huron,White Bass,24,,Piscivore
1991,Huron,White Perch,17,,Invertivore
1991,Huron,Yellow Perch,767,,Invertivore
1992,Huron,Bullheads,2,,Benthic omnivore
1992,Huron,Burbot,27,,Piscivore
1992,Huron,Carp,142,,Benthic omnivore
1992,Huron,Channel Catfish,559,,Benthic omnivore
1992,Huron,Chubs,1394,,Planktivore
1992,Huron,Cisco,28,,Planktivore
1992,Huron,Crappies,3,,Invertivore
1992,Huron,Freshwater Drum,131,,Benthic invertivore
1992,Huron,Gizzard Shad,1,,Planktivore
1992,Huron,Lake Sturgeon,10,,Benthic invertivore
1992,Huron,Lake Trout,200,,Piscivore
1992,Huron,Lake Whitefish,6787,,Benthic invertivore
1992,Huron,Northern Pike,11,,Piscivore
1992,Huron,Pacific Salmon,539,,Piscivore
1992,Huron,Rainbow Smelt,13,,Planktivore
1992,Huron,Rock Bass,1,,Invertivore
1992,Huron,Round Whitefish,58,,Benthic invertivore
1992,Huron,Sauger,0,,Piscivore
1992,Huron,Suckers,245,,Benthic omnivore
1992,Huron,Walleye,296,,Piscivore
1992,Huron,White Bass,39,,Piscivore
1992,Huron,White Perch,12,,Invertivore
1992,Huron,Yellow Perch,472,,Invertivore
1993,Huron,Bullheads,0,,Benthic omnivore
1993,Huron,Burbot,21,,Piscivore
1993,Huron,Carp,106,,Benthic omnivore
1993,Huron,Channel Catfish,432,,Benthic omnivore
1993,Huron,Chubs,1540,,Planktivore
1993,Huron,Cisco,31,,Planktivore
1993,Huron,Crappies,0,,Invertivore
1993,Huron,Freshwater Drum,100,,Benthic invertivore
1993,Huron,Gizzard Shad,0,,Planktivore
1993,Huron,Lake Sturgeon,7,,Benthic invertivore
1993,Huron,Lake Trout,235,,Piscivore
1993,Huron,Lake Whitefish,7305,,Benthic invertivore
1993,Huron,Northern Pike,8,,Piscivore
1993,Huron,Pacific Salmon,598,Pink salmon for Canadian data,Piscivore
1993,Huron,Rainbow Smelt,83,,Planktivore
1993,Huron,Rock Bass,1,,Invertivore
1993,Huron,Round Whitefish,44,,Benthic invertivore
1993,Huron,Sauger,0,,Piscivore
1993,Huron,Suckers,188,,Benthic omnivore
1993,Huron,Walleye,484,,Piscivore
1993,Huron,White Bass,14,,Piscivore
1993,Huron,White Perch,4,,Invertivore
1993,Huron,Yellow Perch,285,,Invertivore
1994,Huron,Bullheads,1,,Benthic omnivore
1994,Huron,Burbot,5,,Piscivore
1994,Huron,Carp,73,,Benthic omnivore
1994,Huron,Channel Catfish,393,,Benthic omnivore
1994,Huron,Chubs,1562,,Planktivore
1994,Huron,Cisco,33,,Planktivore
1994,Huron,Crappies,0,,Invertivore
1994,Huron,Freshwater Drum,134,,Benthic invertivore
1994,Huron,Gizzard Shad,1,,Planktivore
1994,Huron,Lake Sturgeon,9,,Benthic invertivore
1994,Huron,Lake Trout,302,,Piscivore
1994,Huron,Lake Whitefish,7633,,Benthic invertivore
1994,Huron,Northern Pike,5,,Piscivore
1994,Huron,Pacific Salmon,405,Pink salmon for Canadian data,Piscivore
1994,Huron,Rainbow Smelt,32,,Planktivore
1994,Huron,Rock Bass,0,,Invertivore
1994,Huron,Round Whitefish,35,,Benthic invertivore
1994,Huron,Sauger,0,,Piscivore
1994,Huron,Suckers,149,,Benthic omnivore
1994,Huron,Walleye,373,,Piscivore
1994,Huron,White Bass,6,,Piscivore
1994,Huron,White Perch,5,,Invertivore
1994,Huron,Yellow Perch,390,,Invertivore
1995,Huron,Bullheads,0,,Benthic omnivore
1995,Huron,Burbot,9,,Piscivore
1995,Huron,Carp,32,,Benthic omnivore
1995,Huron,Channel Catfish,394,,Benthic omnivore
1995,Huron,Chubs,1254,,Planktivore
1995,Huron,Cisco,22,,Planktivore
1995,Huron,Crappies,0,,Invertivore
1995,Huron,Freshwater Drum,136,,Benthic invertivore
1995,Huron,Gizzard Shad,2,,Planktivore
1995,Huron,Lake Sturgeon,9,,Benthic invertivore
1995,Huron,Lake Trout,536,,Piscivore
1995,Huron,Lake Whitefish,8163,,Benthic invertivore
1995,Huron,Northern Pike,4,,Piscivore
1995,Huron,Pacific Salmon,513,Pink salmon for Canadian data,Piscivore
1995,Huron,Rainbow Smelt,41,,Planktivore
1995,Huron,Rock Bass,0,,Invertivore
1995,Huron,Round Whitefish,41,,Benthic invertivore
1995,Huron,Sauger,0,,Piscivore
1995,Huron,Suckers,125,,Benthic omnivore
1995,Huron,Walleye,242,,Piscivore
1995,Huron,White Bass,9,,Piscivore
1995,Huron,White Perch,8,,Invertivore
1995,Huron,Yellow Perch,271,,Invertivore
1996,Huron,Bullheads,1,,Benthic omnivore
1996,Huron,Burbot,14,,Piscivore
1996,Huron,Carp,22,,Benthic omnivore
1996,Huron,Channel Catfish,348,,Benthic omnivore
1996,Huron,Chubs,967,,Planktivore
1996,Huron,Cisco,27,,Planktivore
1996,Huron,Crappies,0,,Invertivore
1996,Huron,Freshwater Drum,146,,Benthic invertivore
1996,Huron,Gizzard Shad,1,,Planktivore
1996,Huron,Lake Sturgeon,10,,Benthic invertivore
1996,Huron,Lake Trout,655,,Piscivore
1996,Huron,Lake Whitefish,8717,,Benthic invertivore
1996,Huron,Northern Pike,4,,Piscivore
1996,Huron,Pacific Salmon,668,Pink salmon for Canadian data,Piscivore
1996,Huron,Rainbow Smelt,6,,Planktivore
1996,Huron,Rock Bass,1,,Invertivore
1996,Huron,Round Whitefish,30,,Benthic invertivore
1996,Huron,Sauger,0,,Piscivore
1996,Huron,Suckers,71,,Benthic omnivore
1996,Huron,Walleye,190,,Piscivore
1996,Huron,White Bass,7,,Piscivore
1996,Huron,White Perch,8,,Invertivore
1996,Huron,Yellow Perch,270,,Invertivore
1997,Huron,Bullheads,1,,Benthic omnivore
1997,Huron,Burbot,18,,Piscivore
1997,Huron,Carp,77,,Benthic omnivore
1997,Huron,Channel Catfish,414,,Benthic omnivore
1997,Huron,Chubs,1580,,Planktivore
1997,Huron,Cisco,28,,Planktivore
1997,Huron,Crappies,1,,Invertivore
1997,Huron,Freshwater Drum,206,,Benthic invertivore
1997,Huron,Gizzard Shad,2,,Planktivore
1997,Huron,Lake Sturgeon,12,,Benthic invertivore
1997,Huron,Lake Trout,514,,Piscivore
1997,Huron,Lake Whitefish,9486,,Benthic invertivore
1997,Huron,Northern Pike,2,,Piscivore
1997,Huron,Pacific Salmon,572,,Piscivore
1997,Huron,Quillback,57,,Benthic omnivore
1997,Huron,Rainbow Smelt,15,,Planktivore
1997,Huron,Rock Bass,0,,Invertivore
1997,Huron,Round Whitefish,38,,Benthic invertivore
1997,Huron,Sauger,0,,Piscivore
1997,Huron,Suckers,112,,Benthic omnivore
1997,Huron,Walleye,235,,Piscivore
1997,Huron,White Bass,4,,Piscivore
1997,Huron,White Perch,8,,Invertivore
1997,Huron,Yellow Perch,286,,Invertivore
1998,Huron,Bullheads,1,,Benthic omnivore
1998,Huron,Burbot,5,,Piscivore
1998,Huron,Carp,35,,Benthic omnivore
1998,Huron,Channel Catfish,278,,Benthic omnivore
1998,Huron,Chubs,841,,Planktivore
1998,Huron,Cisco,45,,Planktivore
1998,Huron,Crappies,3,,Invertivore
1998,Huron,Freshwater Drum,114,,Benthic invertivore
1998,Huron,Gizzard Shad,2,,Planktivore
1998,Huron,Lake Sturgeon,13,,Benthic invertivore
1998,Huron,Lake Trout,476,,Piscivore
1998,Huron,Lake Whitefish,9393,,Benthic invertivore
1998,Huron,Northern Pike,2,,Piscivore
1998,Huron,Pacific Salmon,317,,Piscivore
1998,Huron,Quillback,80,,Benthic omnivore
1998,Huron,Rainbow Smelt,9,,Planktivore
1998,Huron,Rock Bass,2,,Invertivore
1998,Huron,Round Whitefish,29,,Benthic invertivore
1998,Huron,Sauger,0,,Piscivore
1998,Huron,Suckers,58,,Benthic omnivore
1998,Huron,Walleye,227,,Piscivore
1998,Huron,White Bass,4,,Piscivore
1998,Huron,White Perch,1,,Invertivore
1998,Huron,Yellow Perch,361,,Invertivore
1999,Huron,Bullheads,1,,Benthic omnivore
1999,Huron,Burbot,4,,Piscivore
1999,Huron,Carp,26,,Benthic omnivore
1999,Huron,Channel Catfish,261,,Benthic omnivore
1999,Huron,Chubs,795,,Planktivore
1999,Huron,Cisco,44,,Planktivore
1999,Huron,Crappies,3,,Invertivore
1999,Huron,Freshwater Drum,116,,Benthic invertivore
1999,Huron,Gizzard Shad,2,,Planktivore
1999,Huron,Lake Sturgeon,13,,Benthic invertivore
1999,Huron,Lake Trout,502,,Piscivore
1999,Huron,Lake Whitefish,9342,,Benthic invertivore
1999,Huron,Northern Pike,3,,Piscivore
1999,Huron,Pacific Salmon,706,,Piscivore
1999,Huron,Quillback,91,,Benthic omnivore
1999,Huron,Rainbow Smelt,15,,Planktivore
1999,Huron,Rock Bass,2,,Invertivore
1999,Huron,Round Whitefish,50,,Benthic invertivore
1999,Huron,Sauger,0,,Piscivore
1999,Huron,Suckers,49,,Benthic omnivore
1999,Huron,Walleye,210,,Piscivore
1999,Huron,White Bass,6,,Piscivore
1999,Huron,White Perch,4,,Invertivore
1999,Huron,Yellow Perch,375,,Invertivore
2000,Huron,Buffalo,0,,Benthic omnivore
2000,Huron,Bullheads,3,,Benthic omnivore
2000,Huron,Burbot,1,,Piscivore
2000,Huron,Carp,36,,Benthic omnivore
2000,Huron,Channel Catfish,257,,Benthic omnivore
2000,Huron,Chubs,300.618,,Planktivore
2000,Huron,Cisco,85.324,,Planktivore
2000,Huron,Crappies,2,,Invertivore
2000,Huron,Freshwater Drum,83,,Benthic invertivore
2000,Huron,Gizzard Shad,1,,Planktivore
2000,Huron,Lake Sturgeon,13,,Benthic invertivore
2000,Huron,Lake Trout,574.466,,Piscivore
2000,Huron,Lake Whitefish,9759,,Benthic invertivore
2000,Huron,Northern Pike,3,,Piscivore
2000,Huron,Pacific Salmon,474.712,"For Canadian data Chinook, Coho and Pink salmon; for U.S. data Chinook salmon",Piscivore
2000,Huron,Quillback,63,,Benthic omnivore
2000,Huron,Rainbow Smelt,3,,Planktivore
2000,Huron,Rock Bass,2,,Invertivore
2000,Huron,Round Whitefish,72.062,,Benthic invertivore
2000,Huron,Suckers,29,,Benthic omnivore
2000,Huron,Walleye,207.475,,Piscivore
2000,Huron,White Bass,2,,Piscivore
2000,Huron,White Perch,5,,Invertivore
2000,Huron,Yellow Perch,401,,Invertivore
2001,Huron,Buffalo,0,,Benthic omnivore
2001,Huron,Bullheads,2,,Benthic omnivore
2001,Huron,Burbot,1,,Piscivore
2001,Huron,Carp,36,,Benthic omnivore
2001,Huron,Channel Catfish,301,,Benthic omnivore
2001,Huron,Chubs,143.04,,Planktivore
2001,Huron,Cisco,57.976,,Planktivore
2001,Huron,Crappies,1,,Invertivore
2001,Huron,Freshwater Drum,79,,Benthic invertivore
2001,Huron,Gizzard Shad,1,,Planktivore
2001,Huron,Lake Sturgeon,12,,Benthic invertivore
2001,Huron,Lake Trout,635.551,,Piscivore
2001,Huron,Lake Whitefish,9449,,Benthic invertivore
2001,Huron,Northern Pike,3,,Piscivore
2001,Huron,Pacific Salmon,327.25,For Canadian Chinook and Pink salmon; for U.S. data Chinook salmon.,Piscivore
2001,Huron,Quillback,74,,Benthic omnivore
2001,Huron,Rainbow Smelt,1,,Planktivore
2001,Huron,Rock Bass,2,,Invertivore
2001,Huron,Round Whitefish,79.397,,Benthic invertivore
2001,Huron,Suckers,22,,Benthic omnivore
2001,Huron,Walleye,251.172,,Piscivore
2001,Huron,White Bass,2,,Piscivore
2001,Huron,White Perch,6,,Invertivore
2001,Huron,Yellow Perch,461,,Invertivore
2002,Huron,Buffalo,61,,Benthic omnivore
2002,Huron,Bullheads,1,,Benthic omnivore
2002,Huron,Burbot,3,,Piscivore
2002,Huron,Carp,24,,Benthic omnivore
2002,Huron,Channel Catfish,274,,Benthic omnivore
2002,Huron,Chubs,79.42,,Planktivore
2002,Huron,Cisco,39.202,,Planktivore
2002,Huron,Crappies,1,,Invertivore
2002,Huron,Freshwater Drum,86,,Benthic invertivore
2002,Huron,Gizzard Shad,1,,Planktivore
2002,Huron,Lake Sturgeon,15,,Benthic invertivore
2002,Huron,Lake Trout,750.508,,Piscivore
2002,Huron,Lake Whitefish,8624,,Benthic invertivore
2002,Huron,Northern Pike,3,,Piscivore
2002,Huron,Pacific Salmon,234.836,"For Canadian data Chinook, Coho and Pink salmon; for U.S. data Chinook salmon",Piscivore
2002,Huron,Quillback,78,,Benthic omnivore
2002,Huron,Rainbow Smelt,3,,Planktivore
2002,Huron,Rock Bass,2,,Invertivore
2002,Huron,Round Whitefish,65.521,,Benthic invertivore
2002,Huron,Suckers,24,,Benthic omnivore
2002,Huron,Walleye,192.477,,Piscivore
2002,Huron,White Bass,2,,Piscivore
2002,Huron,White Perch,3,,Invertivore
2002,Huron,Yellow Perch,380,,Invertivore
2003,Huron,Buffalo,27,,Benthic omnivore
2003,Huron,Bullheads,1,,Benthic omnivore
2003,Huron,Burbot,0,,Piscivore
2003,Huron,Carp,17,,Benthic omnivore
2003,Huron,Channel Catfish,179,,Benthic omnivore
2003,Huron,Chubs,45,,Planktivore
2003,Huron,Cisco,47.612,,Planktivore
2003,Huron,Crappies,0,,Invertivore
2003,Huron,Freshwater Drum,84,,Benthic invertivore
2003,Huron,Gizzard Shad,28,,Planktivore
2003,Huron,Lake Sturgeon,16,,Benthic invertivore
2003,Huron,Lake Trout,835.175,,Piscivore
2003,Huron,Lake Whitefish,8272,,Benthic invertivore
2003,Huron,Northern Pike,3,,Piscivore
2003,Huron,Pacific Salmon,245.634,For Canadian data Chinook and Pink salmon; for U.S. data Chinook and Coho salmon,Piscivore
2003,Huron,Quillback,119,,Benthic omnivore
2003,Huron,Rainbow Smelt,1,,Planktivore
2003,Huron,Rock Bass,1,,Invertivore
2003,Huron,Round Whitefish,54.285,,Benthic invertivore
2003,Huron,Suckers,37,,Benthic omnivore
2003,Huron,Walleye,195.259,,Piscivore
2003,Huron,White Bass,5,,Piscivore
2003,Huron,White Perch,3,,Invertivore
2003,Huron,Yellow Perch,157,,Invertivore
2004,Huron,Buffalo,9,,Benthic omnivore
2004,Huron,Bullheads,1,,Benthic omnivore
2004,Huron,Burbot,2,,Piscivore
2004,Huron,Carp,40,,Benthic omnivore
2004,Huron,Channel Catfish,245,,Benthic omnivore
2004,Huron,Chubs,24,,Planktivore
2004,Huron,Cisco,62.013,,Planktivore
2004,Huron,Crappies,1,,Invertivore
2004,Huron,Freshwater Drum,108,,Benthic invertivore
2004,Huron,Gizzard Shad,29,,Planktivore
2004,Huron,Lake Sturgeon,13,,Benthic invertivore
2004,Huron,Lake Trout,1019.562,,Piscivore
2004,Huron,Lake Whitefish,7760,,Benthic invertivore
2004,Huron,Northern Pike,5,,Piscivore
2004,Huron,Pacific Salmon,200.301,For Canadian and U.S. data Chinook salmon.,Piscivore
2004,Huron,Quillback,98,,Benthic omnivore
2004,Huron,Rainbow Smelt,0,,Planktivore
2004,Huron,Rock Bass,2,,Invertivore
2004,Huron,Round Whitefish,138.332,,Benthic invertivore
2004,Huron,Suckers,22,,Benthic omnivore
2004,Huron,Walleye,197.713,,Piscivore
2004,Huron,White Bass,3,,Piscivore
2004,Huron,White Perch,4,,Invertivore
2004,Huron,Yellow Perch,149,,Invertivore
2005,Huron,Buffalo,8,,Benthic omnivore
2005,Huron,Bullheads,1,,Benthic omnivore
2005,Huron,Burbot,2,,Piscivore
2005,Huron,Carp,36,,Benthic omnivore
2005,Huron,Channel Catfish,127,,Benthic omnivore
2005,Huron,Chubs,0,,Planktivore
2005,Huron,Cisco,32.978,,Planktivore
2005,Huron,Crappies,1,,Invertivore
2005,Huron,Freshwater Drum,80,,Benthic invertivore
2005,Huron,Gizzard Shad,15,,Planktivore
2005,Huron,Lake Sturgeon,9,,Benthic invertivore
2005,Huron,Lake Trout,830.532,,Piscivore
2005,Huron,Lake Whitefish,7269,,Benthic invertivore
2005,Huron,Northern Pike,1,,Piscivore
2005,Huron,Pacific Salmon,172.996,"For Canadian data Chinook, Coho and Pink salmon; for U.S. data Chinook salmon.",Piscivore
2005,Huron,Quillback,42,,Benthic omnivore
2005,Huron,Rainbow Smelt,1,,Planktivore
2005,Huron,Rock Bass,2,,Invertivore
2005,Huron,Round Whitefish,32.835,,Benthic invertivore
2005,Huron,Suckers,28,,Benthic omnivore
2005,Huron,Walleye,140.65,,Piscivore
2005,Huron,White Bass,1,,Piscivore
2005,Huron,White Perch,6,,Invertivore
2005,Huron,Yellow Perch,102,,Invertivore
2006,Huron,Buffalo,1,,Benthic omnivore
2006,Huron,Bullheads,1,,Benthic omnivore
2006,Huron,Burbot,2,,Piscivore
2006,Huron,Carp,39,,Benthic omnivore
2006,Huron,Channel Catfish,147,,Benthic omnivore
2006,Huron,Chubs,0,,Planktivore
2006,Huron,Cisco,34.974,,Planktivore
2006,Huron,Crappies,0,,Invertivore
2006,Huron,Freshwater Drum,87,,Benthic invertivore
2006,Huron,Gizzard Shad,32,,Planktivore
2006,Huron,Lake Sturgeon,9,,Benthic invertivore
2006,Huron,Lake Trout,814.382,,Piscivore
2006,Huron,Lake Whitefish,8058,,Benthic invertivore
2006,Huron,Northern Pike,1,,Piscivore
2006,Huron,Pacific Salmon,204.374,For Canadian and U.S. data Chinook and Pink salmon.,Piscivore
2006,Huron,Quillback,22,,Benthic omnivore
2006,Huron,Rainbow Smelt,0,,Planktivore
2006,Huron,Rock Bass,3,,Invertivore
2006,Huron,Round Whitefish,46.151,,Benthic invertivore
2006,Huron,Suckers,13,,Benthic omnivore
2006,Huron,Walleye,241.332,,Piscivore
2006,Huron,White Bass,7,,Piscivore
2006,Huron,White Perch,6,,Invertivore
2006,Huron,Yellow Perch,275,,Invertivore
2007,Huron,Buffalo,7,,Benthic omnivore
2007,Huron,Bullheads,1,,Benthic omnivore
2007,Huron,Burbot,0,,Piscivore
2007,Huron,Carp,26,,Benthic omnivore
2007,Huron,Channel Catfish,154,,Benthic omnivore
2007,Huron,Chubs,2,,Planktivore
2007,Huron,Cisco,34.438,,Planktivore
2007,Huron,Crappies,1,,Invertivore
2007,Huron,Freshwater Drum,99,,Benthic invertivore
2007,Huron,Gizzard Shad,0,,Planktivore
2007,Huron,Lake Sturgeon,10,,Benthic invertivore
2007,Huron,Lake Trout,830.978,,Piscivore
2007,Huron,Lake Whitefish,7138,,Benthic invertivore
2007,Huron,Northern Pike,2,,Piscivore
2007,Huron,Pacific Salmon,84.613,For Canadian data Chinook and Pink salmon.,Piscivore
2007,Huron,Quillback,66,,Benthic omnivore
2007,Huron,Rainbow Smelt,0,,Planktivore
2007,Huron,Rock Bass,3,,Invertivore
2007,Huron,Round Whitefish,21.875,,Benthic invertivore
2007,Huron,Suckers,20,,Benthic omnivore
2007,Huron,Walleye,232.579,,Piscivore
2007,Huron,White Bass,15,,Piscivore
2007,Huron,White Perch,9,,Invertivore
2007,Huron,Yellow Perch,328.877,,Invertivore
2008,Huron,Bowfin,0.006,,Piscivore
2008,Huron,Buffalo,4,,Benthic omnivore
2008,Huron,Bullheads,0,,Benthic omnivore
2008,Huron,Burbot,0,,Piscivore
2008,Huron,Carp,15,,Benthic omnivore
2008,Huron,Channel Catfish,114,,Benthic omnivore
2008,Huron,Chubs,0,,Planktivore
2008,Huron,Cisco,21.963,,Planktivore
2008,Huron,Crappies,0,,Invertivore
2008,Huron,Freshwater Drum,33,,Benthic invertivore
2008,Huron,Gizzard Shad,6,,Planktivore
2008,Huron,Lake Sturgeon,11,,Benthic invertivore
2008,Huron,Lake Trout,737.887,,Piscivore
2008,Huron,Lake Whitefish,7590,,Benthic invertivore
2008,Huron,Northern Pike,2,,Piscivore
2008,Huron,Pacific Salmon,139.471,"Canadian data includes Chinook, Coho, and Pink salmon; U.S. data includes only Chinook Salmon. ",Piscivore
2008,Huron,Quillback,31,,Benthic omnivore
2008,Huron,Rainbow Smelt,0,,Planktivore
2008,Huron,Rock Bass,1,,Invertivore
2008,Huron,Round Whitefish,6.104,,Benthic invertivore
2008,Huron,Suckers,17,,Benthic omnivore
2008,Huron,Walleye,238.793,,Piscivore
2008,Huron,White Bass,11,,Piscivore
2008,Huron,White Perch,3,,Invertivore
2008,Huron,Yellow Perch,308.072,,Invertivore
2009,Huron,Bowfin,,,Piscivore
2009,Huron,Buffalo,9,,Benthic omnivore
2009,Huron,Bullheads,0,,Benthic omnivore
2009,Huron,Burbot,0,,Piscivore
2009,Huron,Carp,17,,Benthic omnivore
2009,Huron,Channel Catfish,139,,Benthic omnivore
2009,Huron,Chubs,0,,Planktivore
2009,Huron,Cisco,31.247,,Planktivore
2009,Huron,Crappies,0,,Invertivore
2009,Huron,Freshwater Drum,39,,Benthic invertivore
2009,Huron,Gizzard Shad,0,,Planktivore
2009,Huron,Lake Sturgeon,4,,Benthic invertivore
2009,Huron,Lake Trout,698.988,,Piscivore
2009,Huron,Lake Whitefish,7208,,Benthic invertivore
2009,Huron,Northern Pike,2,,Piscivore
2009,Huron,Pacific Salmon,195.555,Canadian data includes Chinook and Pink salmon; U.S. data includes only Chinook Salmon. ,Piscivore
2009,Huron,Quillback,39,,Benthic omnivore
2009,Huron,Rainbow Smelt,0,,Planktivore
2009,Huron,Rock Bass,1,,Invertivore
2009,Huron,Round Whitefish,8.941,,Benthic invertivore
2009,Huron,Suckers,13,,Benthic omnivore
2009,Huron,Walleye,289.115,,Piscivore
2009,Huron,White Bass,6,,Piscivore
2009,Huron,White Perch,3,,Invertivore
2009,Huron,Yellow Perch,316.07,,Invertivore
2010,Huron,Bowfin,,,Piscivore
2010,Huron,Buffalo,21,,Benthic omnivore
2010,Huron,Bullheads,0,,Benthic omnivore
2010,Huron,Burbot,1,,Piscivore
2010,Huron,Carp,18,,Benthic omnivore
2010,Huron,Channel Catfish,187,,Benthic omnivore
2010,Huron,Chubs,2,,Planktivore
2010,Huron,Cisco,37.851,,Planktivore
2010,Huron,Crappies,0,,Invertivore
2010,Huron,Freshwater Drum,56,,Benthic invertivore
2010,Huron,Gizzard Shad,0,,Planktivore
2010,Huron,Lake Sturgeon,,,Benthic invertivore
2010,Huron,Lake Trout,646.082,,Piscivore
2010,Huron,Lake Whitefish,6194,,Benthic invertivore
2010,Huron,Northern Pike,2,,Piscivore
2010,Huron,Pacific Salmon,154.312,Canadian data includes Chinook and Pink salmon; U.S. data includes only Chinook Salmon. ,Piscivore
2010,Huron,Quillback,19,,Benthic omnivore
2010,Huron,Rainbow Smelt,0,,Planktivore
2010,Huron,Rock Bass,1,,Invertivore
2010,Huron,Round Whitefish,8.748,,Benthic invertivore
2010,Huron,Suckers,9,,Benthic omnivore
2010,Huron,Walleye,275.62,,Piscivore
2010,Huron,White Bass,5,,Piscivore
2010,Huron,White Perch,3,,Invertivore
2010,Huron,Yellow Perch,386.012,,Invertivore
2011,Huron,Bowfin,,,Piscivore
2011,Huron,Buffalo,9,,Benthic omnivore
2011,Huron,Bullheads,1,,Benthic omnivore
2011,Huron,Burbot,0,,Piscivore
2011,Huron,Carp,18,,Benthic omnivore
2011,Huron,Channel Catfish,143,,Benthic omnivore
2011,Huron,Chubs,0.364,,Planktivore
2011,Huron,Cisco,36.107,,Planktivore
2011,Huron,Crappies,1,,Invertivore
2011,Huron,Freshwater Drum,53,,Benthic invertivore
2011,Huron,Gizzard Shad,0,,Planktivore
2011,Huron,Lake Sturgeon,,,Benthic invertivore
2011,Huron,Lake Trout,653.62,,Piscivore
2011,Huron,Lake Whitefish,5865,,Benthic invertivore
2011,Huron,Northern Pike,2,,Piscivore
2011,Huron,Pacific Salmon,310.812,Canadian data includes Chinook and Pink salmon; U.S. data includes only Chinook Salmon. ,Piscivore
2011,Huron,Quillback,23,,Benthic omnivore
2011,Huron,Rainbow Smelt,0,,Planktivore
2011,Huron,Rock Bass,1,,Invertivore
2011,Huron,Round Whitefish,15.641,,Benthic invertivore
2011,Huron,Suckers,10,,Benthic omnivore
2011,Huron,Walleye,223.454,,Piscivore
2011,Huron,White Bass,3,,Piscivore
2011,Huron,White Perch,1,,Invertivore
2011,Huron,Yellow Perch,431.03,,Invertivore
2012,Huron,Bowfin,,,Piscivore
2012,Huron,Buffalo,5,,Benthic omnivore
2012,Huron,Bullheads,1,,Benthic omnivore
2012,Huron,Burbot,3,,Piscivore
2012,Huron,Carp,10,,Benthic omnivore
2012,Huron,Channel Catfish,166,,Benthic omnivore
2012,Huron,Chubs,0,,Planktivore
2012,Huron,Cisco,62.621,,Planktivore
2012,Huron,Crappies,1,,Invertivore
2012,Huron,Freshwater Drum,33,,Benthic invertivore
2012,Huron,Gizzard Shad,1,,Planktivore
2012,Huron,Lake Sturgeon,,,Benthic invertivore
2012,Huron,Lake Trout,756.215,,Piscivore
2012,Huron,Lake Whitefish,5720,,Benthic invertivore
2012,Huron,Northern Pike,1,,Piscivore
2012,Huron,Pacific Salmon,207.402,Canadian data includes Chinook and Pink salmon; U.S. data includes only Chinook Salmon. ,Piscivore
2012,Huron,Quillback,28,,Benthic omnivore
2012,Huron,Rainbow Smelt,0,,Planktivore
2012,Huron,Rock Bass,2,,Invertivore
2012,Huron,Round Whitefish,12.435,,Benthic invertivore
2012,Huron,Suckers,8,,Benthic omnivore
2012,Huron,Walleye,227.8,,Piscivore
2012,Huron,White Bass,8,,Piscivore
2012,Huron,White Perch,3,,Invertivore
2012,Huron,Yellow Perch,489.102,,Invertivore
2013,Huron,Bowfin,,,Piscivore
2013,Huron,Buffalo,1.664,,Benthic omnivore
2013,Huron,Bullheads,1.348,,Benthic omnivore
2013,Huron,Burbot,0.485,,Piscivore
2013,Huron,Carp,6.208,,Benthic omnivore
2013,Huron,Channel Catfish,88.323,,Benthic omnivore
2013,Huron,Chubs,0,,Planktivore
2013,Huron,Cisco,49.811,,Planktivore
2013,Huron,Crappies,0.526,,Invertivore
2013,Huron,Freshwater Drum,46.767,,Benthic invertivore
2013,Huron,Gizzard Shad,0.659,,Planktivore
2013,Huron,Lake Sturgeon,0.104,,Benthic invertivore
2013,Huron,Lake Trout,775.964,,Piscivore
2013,Huron,Lake Whitefish,5166.394,,Benthic invertivore
2013,Huron,Northern Pike,0.628,,Piscivore
2013,Huron,Pacific Salmon,357.234,Canadian data includes Chinook and Pink salmon; U.S. data includes only Chinook Salmon. ,Piscivore
2013,Huron,Quillback,23.14,,Benthic omnivore
2013,Huron,Rainbow Smelt,0.091,,Planktivore
2013,Huron,Rock Bass,1.201,,Invertivore
2013,Huron,Round Whitefish,17.325,,Benthic invertivore
2013,Huron,Suckers,18.363,,Benthic omnivore
2013,Huron,Walleye,258.668,,Piscivore
2013,Huron,White Bass,12.182,,Piscivore
2013,Huron,White Perch,1.502,,Invertivore
2013,Huron,Yellow Perch,528.966,,Invertivore
2014,Huron,Bowfin,,,Piscivore
2014,Huron,Buffalo,8.756,,Benthic omnivore
2014,Huron,Bullheads,2.504,,Benthic omnivore
2014,Huron,Burbot,1.07,,Piscivore
2014,Huron,Carp,8.164,,Benthic omnivore
2014,Huron,Channel Catfish,105.812,,Benthic omnivore
2014,Huron,Chubs,,,Planktivore
2014,Huron,Cisco,37.506,,Planktivore
2014,Huron,Crappies,0.861,,Invertivore
2014,Huron,Freshwater Drum,29.599,,Benthic invertivore
2014,Huron,Gizzard Shad,0.0287,,Planktivore
2014,Huron,Lake Sturgeon,,,Benthic invertivore
2014,Huron,Lake Trout,669.757,,Piscivore
2014,Huron,Lake Whitefish,3874.986,,Benthic invertivore
2014,Huron,Northern Pike,0.864,,Piscivore
2014,Huron,Pacific Salmon,171.478,"Canadian data includes Chinook, Coho, and Pink salmon; U.S. data includes only Chinook Salmon. ",Piscivore
2014,Huron,Quillback,10.604,,Benthic omnivore
2014,Huron,Rainbow Smelt,0.037,,Planktivore
2014,Huron,Rock Bass,2.795,,Invertivore
2014,Huron,Round Whitefish,30.262,,Benthic invertivore
2014,Huron,Suckers,8.185,"Includes Longnose, White, and Redhorse Suckers",Benthic omnivore
2014,Huron,Walleye,238.449,,Piscivore
2014,Huron,White Bass,4.922,,Piscivore
2014,Huron,White Perch,1.176,,Invertivore
2014,Huron,Yellow Perch,572.211,,Invertivore
2015,Huron,Bowfin,,,Piscivore
2015,Huron,Buffalo,2.808,,Benthic omnivore
2015,Huron,Bullheads,2.441,,Benthic omnivore
2015,Huron,Burbot,1.8,,Piscivore
2015,Huron,Carp,3.953,,Benthic omnivore
2015,Huron,Channel Catfish,44.021,,Benthic omnivore
2015,Huron,Chubs,,,Planktivore
2015,Huron,Cisco,36.377,,Planktivore
2015,Huron,Crappies,0.473,,Invertivore
2015,Huron,Freshwater Drum,30.758,,Benthic invertivore
2015,Huron,Gizzard Shad,0.104,,Planktivore
2015,Huron,Lake Sturgeon,,,Benthic invertivore
2015,Huron,Lake Trout,729.859,,Piscivore
2015,Huron,Lake Whitefish,3443.868,,Benthic invertivore
2015,Huron,Northern Pike,1.815,,Piscivore
2015,Huron,Pacific Salmon,68.889,"Canadian data includes Chinook, Coho, and Pink salmon; U.S. data includes only Chinook Salmon. ",Piscivore
2015,Huron,Quillback,7.358,,Benthic omnivore
2015,Huron,Rainbow Smelt,0.049,,Planktivore
2015,Huron,Rock Bass,2.929,,Invertivore
2015,Huron,Round Whitefish,39.612,,Benthic invertivore
2015,Huron,Suckers,11.219,,Benthic omnivore
2015,Huron,Walleye,193.099,,Piscivore
2015,Huron,White Bass,2.557,,Piscivore
2015,Huron,White Perch,0.611,,Invertivore
2015,Huron,Yellow Perch,299.428,,Invertivore
2016,Huron,Bowfin,,,Piscivore
2016,Huron,Buffalo,,,Benthic omnivore
2016,Huron,Bullheads,6.237,,Benthic omnivore
2016,Huron,Burbot,1.622,,Piscivore
2016,Huron,Carp,5.834,,Benthic omnivore
2016,Huron,Channel Catfish,58.514,,Benthic omnivore
2016,Huron,Chubs,0.005,,Planktivore
2016,Huron,Cisco,41.3,,Planktivore
2016,Huron,Crappies,1.339,,Invertivore
2016,Huron,Freshwater Drum,59.136,,Benthic invertivore
2016,Huron,Gizzard Shad,,,Planktivore
2016,Huron,Lake Sturgeon,,,Benthic invertivore
2016,Huron,Lake Trout,659.353,,Piscivore
2016,Huron,Lake Whitefish,3407.031,,Benthic invertivore
2016,Huron,Northern Pike,1.951,,Piscivore
2016,Huron,Pacific Salmon,126.037,,Piscivore
2016,Huron,Quillback,19.024,,Benthic omnivore
2016,Huron,Rainbow Smelt,0.047,,Planktivore
2016,Huron,Rock Bass,2.854,,Invertivore
2016,Huron,Round Whitefish,16.829,,Benthic invertivore
2016,Huron,Suckers,16.329,,Benthic omnivore
2016,Huron,Walleye,228.506,,Piscivore
2016,Huron,White Bass,2.748,,Piscivore
2016,Huron,White Perch,1.861,,Invertivore
2016,Huron,Yellow Perch,296.952,,Invertivore
2017,Huron,Bowfin,0.165,,Piscivore
2017,Huron,Buffalo,0.008,,Benthic omnivore
2017,Huron,Bullheads,5.056,,Benthic omnivore
2017,Huron,Burbot,1.214,,Piscivore
2017,Huron,Carp,5.765,,Benthic omnivore
2017,Huron,Channel Catfish,47.758,,Benthic omnivore
2017,Huron,Chubs,,,Planktivore
2017,Huron,Cisco,22.513,,Planktivore
2017,Huron,Crappies,1.446,,Invertivore
2017,Huron,Freshwater Drum,68.469,,Benthic invertivore
2017,Huron,Gizzard Shad,14.478,,Planktivore
2017,Huron,Lake Sturgeon,,,Benthic invertivore
2017,Huron,Lake Trout,647.207,,Piscivore
2017,Huron,Lake Whitefish,3205.256,,Benthic invertivore
2017,Huron,Northern Pike,1.227,,Piscivore
2017,Huron,Pacific Salmon,164.547,,Piscivore
2017,Huron,Quillback,12.645,,Benthic omnivore
2017,Huron,Rainbow Smelt,0.043,,Planktivore
2017,Huron,Rock Bass,4.449,,Invertivore
2017,Huron,Round Whitefish,26.987,,Benthic invertivore
2017,Huron,Suckers,17.642,,Benthic omnivore
2017,Huron,Walleye,292.316,,Piscivore
2017,Huron,White Bass,4.548,,Piscivore
2017,Huron,White Perch,1.721,,Invertivore
2017,Huron,Yellow Perch,377.114,,Invertivore
2018,Huron,Bowfin,0.36,,Piscivore
2018,Huron,Buffalo,3.689,,Benthic omnivore
2018,Huron,Bullheads,2.257,,Benthic omnivore
2018,Huron,Burbot,2.487,,Piscivore
2018,Huron,Carp,3.901,,Benthic omnivore
2018,Huron,Channel Catfish,51.247,,Benthic omnivore
2018,Huron,Chubs,0.023,,Planktivore
2018,Huron,Cisco,14.197,,Planktivore
2018,Huron,Crappies,0.399,,Invertivore
2018,Huron,Freshwater Drum,52.011,,Benthic invertivore
2018,Huron,Gizzard Shad,8.242,,Planktivore
2018,Huron,Lake Sturgeon,,,Benthic invertivore
2018,Huron,Lake Trout,679.163,,Piscivore
2018,Huron,Lake Whitefish,2965.615,,Benthic invertivore
2018,Huron,Northern Pike,1.623,,Piscivore
2018,Huron,Pacific Salmon,88.757,,Piscivore
2018,Huron,Quillback,7.885,,Benthic omnivore
2018,Huron,Rainbow Smelt,0.006,,Planktivore
2018,Huron,Rock Bass,2.24,,Invertivore
2018,Huron,Round Whitefish,19.476,,Benthic invertivore
2018,Huron,Suckers,10.082,,Benthic omnivore
2018,Huron,Walleye,279.23,,Piscivore
2018,Huron,White Bass,2.942,,Piscivore
2018,Huron,White Perch,7.483,,Invertivore
2018,Huron,Yellow Perch,358.805,,Invertivore
2019,Huron,Bowfin,,,Piscivore
2019,Huron,Buffalo,1.579,,Benthic omnivore
2019,Huron,Bullheads,1.177,,Benthic omnivore
2019,Huron,Burbot,1.77,,Piscivore
2019,Huron,Carp,1.067,,Benthic omnivore
2019,Huron,Channel Catfish,21.773,,Benthic omnivore
2019,Huron,Chubs,0.045,,Planktivore
2019,Huron,Cisco,11.739,,Planktivore
2019,Huron,Crappies,1.054,,Invertivore
2019,Huron,Freshwater Drum,6.201,,Benthic invertivore
2019,Huron,Gizzard Shad,,,Planktivore
2019,Huron,Lake Sturgeon,,,Benthic invertivore
2019,Huron,Lake Trout,599.535,,Piscivore
2019,Huron,Lake Whitefish,2653.759,,Benthic invertivore
2019,Huron,Northern Pike,1.476,,Piscivore
2019,Huron,Pacific Salmon,98.1393,,Piscivore
2019,Huron,Quillback,4.249,,Benthic omnivore
2019,Huron,Rainbow Smelt,0.004,,Planktivore
2019,Huron,Rock Bass,0.083,,Invertivore
2019,Huron,Round Whitefish,22.327,,Benthic invertivore
2019,Huron,Suckers,3.265,,Benthic omnivore
2019,Huron,Walleye,277.6,,Piscivore
2019,Huron,White Bass,1.096,,Piscivore
2019,Huron,White Perch,0.252,,Invertivore
2019,Huron,Yellow Perch,354.544,,Invertivore
2020,Huron,Bowfin,,,Piscivore
2020,Huron,Buffalo,4.03,,Benthic omnivore
2020,Huron,Bullheads,0.087,,Benthic omnivore
2020,Huron,Burbot,0.504,,Piscivore
2020,Huron,Carp,,,Benthic omnivore
2020,Huron,Channel Catfish,35.983,,Benthic omnivore
2020,Huron,Chubs,,,Planktivore
2020,Huron,Cisco,9.365,,Planktivore
2020,Huron,Crappies,0.168,,Invertivore
2020,Huron,Freshwater Drum,9.818,,Benthic invertivore
2020,Huron,Gizzard Shad,,,Planktivore
2020,Huron,Lake Sturgeon,0.005,,Benthic invertivore
2020,Huron,Lake Trout,471.515,,Piscivore
2020,Huron,Lake Whitefish,2178.422,,Benthic invertivore
2020,Huron,Northern Pike,1.972,,Piscivore
2020,Huron,Pacific Salmon,88.971,,Piscivore
2020,Huron,Quillback,1053,,Benthic omnivore
2020,Huron,Rainbow Smelt,0.006,,Planktivore
2020,Huron,Rock Bass,,,Invertivore
2020,Huron,Round Whitefish,9.196,,Benthic invertivore
2020,Huron,Suckers,8.043,,Benthic omnivore
2020,Huron,Walleye,241.19,,Piscivore
2020,Huron,White Bass,0.509,,Piscivore
2020,Huron,White Perch,,,Invertivore
2020,Huron,Yellow Perch,273.603,,Invertivore
1879,Michigan,Cisco and Chub,,,Planktivore
1879,Michigan,Lake Trout,,,Piscivore
1879,Michigan,Lake Whitefish,12030,,Benthic invertivore
1880,Michigan,Cisco and Chub,,,Planktivore
1880,Michigan,Lake Trout,,,Piscivore
1880,Michigan,Lake Whitefish,,,Benthic invertivore
1881,Michigan,Cisco and Chub,,,Planktivore
1881,Michigan,Lake Trout,,,Piscivore
1881,Michigan,Lake Whitefish,,,Benthic invertivore
1882,Michigan,Cisco and Chub,,,Planktivore
1882,Michigan,Lake Sturgeon,,,Benthic invertivore
1882,Michigan,Lake Trout,,,Piscivore
1882,Michigan,Lake Whitefish,,,Benthic invertivore
1883,Michigan,Cisco and Chub,,,Planktivore
1883,Michigan,Lake Sturgeon,,,Benthic invertivore
1883,Michigan,Lake Trout,,,Piscivore
1883,Michigan,Lake Whitefish,,,Benthic invertivore
1884,Michigan,Cisco and Chub,,,Planktivore
1884,Michigan,Lake Sturgeon,,,Benthic invertivore
1884,Michigan,Lake Trout,,,Piscivore
1884,Michigan,Lake Whitefish,,,Benthic invertivore
1885,Michigan,Cisco and Chub,3313,,Planktivore
1885,Michigan,Lake Sturgeon,1407,,Benthic invertivore
1885,Michigan,Lake Trout,6431,,Piscivore
1885,Michigan,Lake Whitefish,8653,,Benthic invertivore
1885,Michigan,Suckers,252,,Benthic omnivore
1885,Michigan,Walleye,676,,Piscivore
1886,Michigan,Cisco and Chub,,,Planktivore
1886,Michigan,Lake Sturgeon,,,Benthic invertivore
1886,Michigan,Lake Trout,,,Piscivore
1886,Michigan,Lake Whitefish,,,Benthic invertivore
1886,Michigan,Suckers,,,Benthic omnivore
1886,Michigan,Walleye,,,Piscivore
1887,Michigan,Cisco and Chub,,,Planktivore
1887,Michigan,Lake Sturgeon,,,Benthic invertivore
1887,Michigan,Lake Trout,,,Piscivore
1887,Michigan,Lake Whitefish,,,Benthic invertivore
1887,Michigan,Suckers,,,Benthic omnivore
1887,Michigan,Walleye,,,Piscivore
1888,Michigan,Cisco and Chub,,,Planktivore
1888,Michigan,Lake Sturgeon,,,Benthic invertivore
1888,Michigan,Lake Trout,,,Piscivore
1888,Michigan,Lake Whitefish,,,Benthic invertivore
1888,Michigan,Suckers,,,Benthic omnivore
1888,Michigan,Walleye,,,Piscivore
1889,Michigan,Channel Catfish and Bullheads,225,,Benthic omnivore
1889,Michigan,Cisco and Chub,9568,,Planktivore
1889,Michigan,Lake Sturgeon,612,,Benthic invertivore
1889,Michigan,Lake Trout,5580,,Piscivore
1889,Michigan,Lake Whitefish,5524,,Benthic invertivore
1889,Michigan,Suckers,1729,,Benthic omnivore
1889,Michigan,Walleye,489,,Piscivore
1889,Michigan,Yellow Perch,2182,,Invertivore
1890,Michigan,Channel Catfish and Bullheads,0,,Benthic omnivore
1890,Michigan,Chubs,0,,Planktivore
1890,Michigan,Cisco and Chub,,,Planktivore
1890,Michigan,Lake Sturgeon,947,,Benthic invertivore
1890,Michigan,Lake Trout,8365,,Piscivore
1890,Michigan,Lake Whitefish,4564,,Benthic invertivore
1890,Michigan,Suckers,1801,,Benthic omnivore
1890,Michigan,Walleye,566,,Piscivore
1890,Michigan,Yellow Perch,1944,,Invertivore
1891,Michigan,Channel Catfish and Bullheads,0,,Benthic omnivore
1891,Michigan,Chubs,36,,Planktivore
1891,Michigan,Cisco and Chub,3541,,Planktivore
1891,Michigan,Lake Sturgeon,254,,Benthic invertivore
1891,Michigan,Lake Trout,3686,,Piscivore
1891,Michigan,Lake Whitefish,2405,,Benthic invertivore
1891,Michigan,Suckers,45,,Benthic omnivore
1891,Michigan,Walleye,128,,Piscivore
1891,Michigan,Yellow Perch,68,,Invertivore
1892,Michigan,Channel Catfish and Bullheads,1,,Benthic omnivore
1892,Michigan,Chubs,0,,Planktivore
1892,Michigan,Cisco and Chub,10209,,Planktivore
1892,Michigan,Lake Sturgeon,196,,Benthic invertivore
1892,Michigan,Lake Trout,6437,,Piscivore
1892,Michigan,Lake Whitefish,2856,,Benthic invertivore
1892,Michigan,Suckers,222,,Benthic omnivore
1892,Michigan,Walleye,220,,Piscivore
1892,Michigan,Yellow Perch,2645,,Invertivore
1893,Michigan,Burbot,0,"MI:  In later years, the greater portion of Burbot were taken from Green Bay.",Piscivore
1893,Michigan,Carp,0,,Benthic omnivore
1893,Michigan,Channel Catfish and Bullheads,0,,Benthic omnivore
1893,Michigan,Chubs,1476,,Planktivore
1893,Michigan,Cisco and Chub,20085,,Planktivore
1893,Michigan,Lake Sturgeon,107,,Benthic invertivore
1893,Michigan,Lake Trout,8526,,Piscivore
1893,Michigan,Lake Whitefish,2446,,Benthic invertivore
1893,Michigan,Round Whitefish,423,,Benthic invertivore
1893,Michigan,Suckers,450,,Benthic omnivore
1893,Michigan,Walleye,184,,Piscivore
1893,Michigan,Yellow Perch,1159,,Invertivore
1894,Michigan,Burbot,0,"MI:  In later years, the greater portion of Burbot were taken from Green Bay.",Piscivore
1894,Michigan,Carp,0,,Benthic omnivore
1894,Michigan,Channel Catfish and Bullheads,3,,Benthic omnivore
1894,Michigan,Chubs,2500,,Planktivore
1894,Michigan,Cisco and Chub,22364,,Planktivore
1894,Michigan,Lake Sturgeon,112,,Benthic invertivore
1894,Michigan,Lake Trout,8533,,Piscivore
1894,Michigan,Lake Whitefish,1713,,Benthic invertivore
1894,Michigan,Round Whitefish,,,Benthic invertivore
1894,Michigan,Suckers,189,,Benthic omnivore
1894,Michigan,Walleye,190,,Piscivore
1894,Michigan,Yellow Perch,6515,,Invertivore
1895,Michigan,Burbot,0,"MI:  In later years, the greater portion of Burbot were taken from Green Bay.",Piscivore
1895,Michigan,Carp,0,,Benthic omnivore
1895,Michigan,Channel Catfish and Bullheads,0,,Benthic omnivore
1895,Michigan,Chubs,1600,,Planktivore
1895,Michigan,Cisco and Chub,20222,,Planktivore
1895,Michigan,Lake Sturgeon,84,,Benthic invertivore
1895,Michigan,Lake Trout,7696,,Piscivore
1895,Michigan,Lake Whitefish,1543,,Benthic invertivore
1895,Michigan,Round Whitefish,,,Benthic invertivore
1895,Michigan,Suckers,282,,Benthic omnivore
1895,Michigan,Walleye,304,,Piscivore
1895,Michigan,Yellow Perch,5959,,Invertivore
1896,Michigan,Burbot,0,"MI:  In later years, the greater portion of Burbot were taken from Green Bay.",Piscivore
1896,Michigan,Carp,0,,Benthic omnivore
1896,Michigan,Channel Catfish and Bullheads,1,,Benthic omnivore
1896,Michigan,Chubs,3000,,Planktivore
1896,Michigan,Cisco and Chub,25893,,Planktivore
1896,Michigan,Lake Sturgeon,83,,Benthic invertivore
1896,Michigan,Lake Trout,9020,,Piscivore
1896,Michigan,Lake Whitefish,2000,,Benthic invertivore
1896,Michigan,Round Whitefish,,,Benthic invertivore
1896,Michigan,Suckers,187,,Benthic omnivore
1896,Michigan,Walleye,303,,Piscivore
1896,Michigan,Yellow Perch,6364,,Invertivore
1897,Michigan,Burbot,0,"MI:  In later years, the greater portion of Burbot were taken from Green Bay.",Piscivore
1897,Michigan,Carp,0,,Benthic omnivore
1897,Michigan,Channel Catfish and Bullheads,0,,Benthic omnivore
1897,Michigan,Chubs,387,,Planktivore
1897,Michigan,Cisco and Chub,23713,,Planktivore
1897,Michigan,Lake Sturgeon,139,,Benthic invertivore
1897,Michigan,Lake Trout,7823,,Piscivore
1897,Michigan,Lake Whitefish,3345,,Benthic invertivore
1897,Michigan,Round Whitefish,,,Benthic invertivore
1897,Michigan,Suckers,337,,Benthic omnivore
1897,Michigan,Walleye,762,,Piscivore
1897,Michigan,Yellow Perch,3079,,Invertivore
1898,Michigan,Burbot,0,"MI:  In later years, the greater portion of Burbot were taken from Green Bay.",Piscivore
1898,Michigan,Carp,0,,Benthic omnivore
1898,Michigan,Channel Catfish and Bullheads,3,,Benthic omnivore
1898,Michigan,Chubs,1849,,Planktivore
1898,Michigan,Cisco and Chub,9223,,Planktivore
1898,Michigan,Lake Sturgeon,68,,Benthic invertivore
1898,Michigan,Lake Trout,2540,,Piscivore
1898,Michigan,Lake Whitefish,2320,,Benthic invertivore
1898,Michigan,Round Whitefish,,,Benthic invertivore
1898,Michigan,Suckers,287,,Benthic omnivore
1898,Michigan,Walleye,271,,Piscivore
1898,Michigan,Yellow Perch,303,,Invertivore
1899,Michigan,Burbot,123,"MI:  In later years, the greater portion of Burbot were taken from Green Bay.",Piscivore
1899,Michigan,Carp,26,,Benthic omnivore
1899,Michigan,Channel Catfish and Bullheads,64,,Benthic omnivore
1899,Michigan,Chubs,2462,,Planktivore
1899,Michigan,Cisco and Chub,0,,Planktivore
1899,Michigan,Freshwater Drum,55,,Benthic invertivore
1899,Michigan,Lake Sturgeon,97,,Benthic invertivore
1899,Michigan,Lake Trout,5286,,Piscivore
1899,Michigan,Lake Whitefish,1769,,Benthic invertivore
1899,Michigan,Northern Pike,87,"IL and IN: Northern pike catches reported for Illinois and Indiana except in 1899, 1903, 1917, 1922, 1949, 1959, 1968, 1970 and 1971 when less than 500 pounds taken from Indiana waters, and in 1967 when less than 500 pounds were taken from Illinois waters.",Piscivore
1899,Michigan,Round Whitefish,519,,Benthic invertivore
1899,Michigan,Suckers,1120,,Benthic omnivore
1899,Michigan,Walleye,283,,Piscivore
1899,Michigan,Yellow Perch,3234,,Invertivore
1900,Michigan,Burbot,0,"MI:  In later years, the greater portion of Burbot were taken from Green Bay.",Piscivore
1900,Michigan,Carp,0,,Benthic omnivore
1900,Michigan,Channel Catfish and Bullheads,2,,Benthic omnivore
1900,Michigan,Chubs,2014,,Planktivore
1900,Michigan,Cisco and Chub,8073,,Planktivore
1900,Michigan,Freshwater Drum,0,,Benthic invertivore
1900,Michigan,Lake Sturgeon,76,,Benthic invertivore
1900,Michigan,Lake Trout,2016,,Piscivore
1900,Michigan,Lake Whitefish,1626,,Benthic invertivore
1900,Michigan,Northern Pike,0,"IL and IN: Northern pike catches reported for Illinois and Indiana except in 1899, 1903, 1917, 1922, 1949, 1959, 1968, 1970 and 1971 when less than 500 pounds taken from Indiana waters, and in 1967 when less than 500 pounds were taken from Illinois waters.",Piscivore
1900,Michigan,Round Whitefish,0,,Benthic invertivore
1900,Michigan,Suckers,630,,Benthic omnivore
1900,Michigan,Walleye,189,,Piscivore
1900,Michigan,Yellow Perch,332,,Invertivore
1901,Michigan,Burbot,0,"MI:  In later years, the greater portion of Burbot were taken from Green Bay.",Piscivore
1901,Michigan,Carp,0,,Benthic omnivore
1901,Michigan,Channel Catfish and Bullheads,1,,Benthic omnivore
1901,Michigan,Chubs,1464,,Planktivore
1901,Michigan,Cisco and Chub,6913,,Planktivore
1901,Michigan,Freshwater Drum,0,,Benthic invertivore
1901,Michigan,Lake Trout,2844,,Piscivore
1901,Michigan,Lake Whitefish,2080,,Benthic invertivore
1901,Michigan,Northern Pike,0,"IL and IN: Northern pike catches reported for Illinois and Indiana except in 1899, 1903, 1917, 1922, 1949, 1959, 1968, 1970 and 1971 when less than 500 pounds taken from Indiana waters, and in 1967 when less than 500 pounds were taken from Illinois waters.",Piscivore
1901,Michigan,Round Whitefish,0,,Benthic invertivore
1901,Michigan,Suckers,588,,Benthic omnivore
1901,Michigan,Walleye,153,,Piscivore
1901,Michigan,Yellow Perch,489,,Invertivore
1902,Michigan,Burbot,0,"MI:  In later years, the greater portion of Burbot were taken from Green Bay.",Piscivore
1902,Michigan,Carp,0,,Benthic omnivore
1902,Michigan,Channel Catfish and Bullheads,0,,Benthic omnivore
1902,Michigan,Chubs,1120,,Planktivore
1902,Michigan,Cisco and Chub,8520,,Planktivore
1902,Michigan,Freshwater Drum,0,,Benthic invertivore
1902,Michigan,Lake Sturgeon,38,,Benthic invertivore
1902,Michigan,Lake Trout,4337,,Piscivore
1902,Michigan,Lake Whitefish,2723,,Benthic invertivore
1902,Michigan,Northern Pike,0,"IL and IN: Northern pike catches reported for Illinois and Indiana except in 1899, 1903, 1917, 1922, 1949, 1959, 1968, 1970 and 1971 when less than 500 pounds taken from Indiana waters, and in 1967 when less than 500 pounds were taken from Illinois waters.",Piscivore
1902,Michigan,Round Whitefish,0,,Benthic invertivore
1902,Michigan,Suckers,926,,Benthic omnivore
1902,Michigan,Walleye,187,,Piscivore
1902,Michigan,Yellow Perch,454,,Invertivore
1903,Michigan,Burbot,121,"MI:  In later years, the greater portion of Burbot were taken from Green Bay.",Piscivore
1903,Michigan,Carp,536,,Benthic omnivore
1903,Michigan,Channel Catfish and Bullheads,65,,Benthic omnivore
1903,Michigan,Chubs,1331,,Planktivore
1903,Michigan,Cisco and Chub,16682,,Planktivore
1903,Michigan,Freshwater Drum,42,,Benthic invertivore
1903,Michigan,Lake Sturgeon,65,,Benthic invertivore
1903,Michigan,Lake Trout,8943,,Piscivore
1903,Michigan,Lake Whitefish,2405,,Benthic invertivore
1903,Michigan,Northern Pike,90,"IL and IN: Northern pike catches reported for Illinois and Indiana except in 1899, 1903, 1917, 1922, 1949, 1959, 1968, 1970 and 1971 when less than 500 pounds taken from Indiana waters, and in 1967 when less than 500 pounds were taken from Illinois waters.",Piscivore
1903,Michigan,Round Whitefish,265,,Benthic invertivore
1903,Michigan,Suckers,3273,,Benthic omnivore
1903,Michigan,Walleye,346,,Piscivore
1903,Michigan,Yellow Perch,3598,,Invertivore
1904,Michigan,Burbot,0,"MI:  In later years, the greater portion of Burbot were taken from Green Bay.",Piscivore
1904,Michigan,Carp,0,,Benthic omnivore
1904,Michigan,Channel Catfish and Bullheads,1,,Benthic omnivore
1904,Michigan,Chubs,1621,,Planktivore
1904,Michigan,Cisco and Chub,10543,,Planktivore
1904,Michigan,Freshwater Drum,0,,Benthic invertivore
1904,Michigan,Lake Sturgeon,46,,Benthic invertivore
1904,Michigan,Lake Trout,4254,,Piscivore
1904,Michigan,Lake Whitefish,2502,,Benthic invertivore
1904,Michigan,Northern Pike,0,"IL and IN: Northern pike catches reported for Illinois and Indiana except in 1899, 1903, 1917, 1922, 1949, 1959, 1968, 1970 and 1971 when less than 500 pounds taken from Indiana waters, and in 1967 when less than 500 pounds were taken from Illinois waters.",Piscivore
1904,Michigan,Round Whitefish,0,,Benthic invertivore
1904,Michigan,Suckers,1803,,Benthic omnivore
1904,Michigan,Walleye,125,,Piscivore
1904,Michigan,Yellow Perch,586,,Invertivore
1905,Michigan,Burbot,0,"MI:  In later years, the greater portion of Burbot were taken from Green Bay.",Piscivore
1905,Michigan,Carp,0,,Benthic omnivore
1905,Michigan,Channel Catfish and Bullheads,1,,Benthic omnivore
1905,Michigan,Chubs,0,,Planktivore
1905,Michigan,Cisco and Chub,8061,,Planktivore
1905,Michigan,Freshwater Drum,0,,Benthic invertivore
1905,Michigan,Lake Sturgeon,38,,Benthic invertivore
1905,Michigan,Lake Trout,4456,,Piscivore
1905,Michigan,Lake Whitefish,2570,,Benthic invertivore
1905,Michigan,Northern Pike,0,"IL and IN: Northern pike catches reported for Illinois and Indiana except in 1899, 1903, 1917, 1922, 1949, 1959, 1968, 1970 and 1971 when less than 500 pounds taken from Indiana waters, and in 1967 when less than 500 pounds were taken from Illinois waters.",Piscivore
1905,Michigan,Round Whitefish,0,,Benthic invertivore
1905,Michigan,Suckers,1623,,Benthic omnivore
1905,Michigan,Walleye,122,,Piscivore
1905,Michigan,Yellow Perch,763,,Invertivore
1906,Michigan,Burbot,0,"MI:  In later years, the greater portion of Burbot were taken from Green Bay.",Piscivore
1906,Michigan,Carp,0,,Benthic omnivore
1906,Michigan,Channel Catfish and Bullheads,2,,Benthic omnivore
1906,Michigan,Chubs,3848,,Planktivore
1906,Michigan,Cisco and Chub,11542,,Planktivore
1906,Michigan,Freshwater Drum,0,,Benthic invertivore
1906,Michigan,Lake Sturgeon,40,,Benthic invertivore
1906,Michigan,Lake Trout,5103,,Piscivore
1906,Michigan,Lake Whitefish,2821,,Benthic invertivore
1906,Michigan,Northern Pike,0,"IL and IN: Northern pike catches reported for Illinois and Indiana except in 1899, 1903, 1917, 1922, 1949, 1959, 1968, 1970 and 1971 when less than 500 pounds taken from Indiana waters, and in 1967 when less than 500 pounds were taken from Illinois waters.",Piscivore
1906,Michigan,Round Whitefish,16,,Benthic invertivore
1906,Michigan,Suckers,1695,,Benthic omnivore
1906,Michigan,Walleye,212,,Piscivore
1906,Michigan,Yellow Perch,684,,Invertivore
1907,Michigan,Burbot,0,"MI:  In later years, the greater portion of Burbot were taken from Green Bay.",Piscivore
1907,Michigan,Carp,0,,Benthic omnivore
1907,Michigan,Channel Catfish and Bullheads,1,,Benthic omnivore
1907,Michigan,Chubs,1912,,Planktivore
1907,Michigan,Cisco and Chub,11437,,Planktivore
1907,Michigan,Freshwater Drum,0,,Benthic invertivore
1907,Michigan,Lake Sturgeon,44,,Benthic invertivore
1907,Michigan,Lake Trout,4271,,Piscivore
1907,Michigan,Lake Whitefish,3274,,Benthic invertivore
1907,Michigan,Northern Pike,0,"IL and IN: Northern pike catches reported for Illinois and Indiana except in 1899, 1903, 1917, 1922, 1949, 1959, 1968, 1970 and 1971 when less than 500 pounds taken from Indiana waters, and in 1967 when less than 500 pounds were taken from Illinois waters.",Piscivore
1907,Michigan,Round Whitefish,0,,Benthic invertivore
1907,Michigan,Suckers,2288,,Benthic omnivore
1907,Michigan,Walleye,207,,Piscivore
1907,Michigan,Yellow Perch,554,,Invertivore
1908,Michigan,Burbot,79,"MI:  In later years, the greater portion of Burbot were taken from Green Bay.",Piscivore
1908,Michigan,Carp,484,,Benthic omnivore
1908,Michigan,Channel Catfish and Bullheads,79,,Benthic omnivore
1908,Michigan,Chubs,3054,,Planktivore
1908,Michigan,Cisco and Chub,27245,,Planktivore
1908,Michigan,Freshwater Drum,87,,Benthic invertivore
1908,Michigan,Lake Sturgeon,98,,Benthic invertivore
1908,Michigan,Lake Trout,8631,,Piscivore
1908,Michigan,Lake Whitefish,3288,,Benthic invertivore
1908,Michigan,Northern Pike,255,"IL and IN: Northern pike catches reported for Illinois and Indiana except in 1899, 1903, 1917, 1922, 1949, 1959, 1968, 1970 and 1971 when less than 500 pounds taken from Indiana waters, and in 1967 when less than 500 pounds were taken from Illinois waters.",Piscivore
1908,Michigan,Round Whitefish,174,,Benthic invertivore
1908,Michigan,Suckers,2809,,Benthic omnivore
1908,Michigan,Walleye,209,,Piscivore
1908,Michigan,Yellow Perch,3557,,Invertivore
1909,Michigan,Burbot,0,"MI:  In later years, the greater portion of Burbot were taken from Green Bay.",Piscivore
1909,Michigan,Carp,0,,Benthic omnivore
1909,Michigan,Channel Catfish and Bullheads,0,,Benthic omnivore
1909,Michigan,Chubs,3526,,Planktivore
1909,Michigan,Cisco,5161,,Planktivore
1909,Michigan,Cisco and Chub,8687,,Planktivore
1909,Michigan,Freshwater Drum,0,,Benthic invertivore
1909,Michigan,Lake Sturgeon,2,,Benthic invertivore
1909,Michigan,Lake Trout,4371,,Piscivore
1909,Michigan,Lake Whitefish,133,,Benthic invertivore
1909,Michigan,Northern Pike,0,"IL and IN: Northern pike catches reported for Illinois and Indiana except in 1899, 1903, 1917, 1922, 1949, 1959, 1968, 1970 and 1971 when less than 500 pounds taken from Indiana waters, and in 1967 when less than 500 pounds were taken from Illinois waters.",Piscivore
1909,Michigan,Round Whitefish,0,,Benthic invertivore
1909,Michigan,Suckers,,,Benthic omnivore
1909,Michigan,Walleye,156,,Piscivore
1909,Michigan,Yellow Perch,1063,,Invertivore
1910,Michigan,Burbot,0,"MI:  In later years, the greater portion of Burbot were taken from Green Bay.",Piscivore
1910,Michigan,Carp,0,,Benthic omnivore
1910,Michigan,Channel Catfish and Bullheads,0,,Benthic omnivore
1910,Michigan,Chubs,2507,,Planktivore
1910,Michigan,Cisco,3026,,Planktivore
1910,Michigan,Cisco and Chub,5533,,Planktivore
1910,Michigan,Freshwater Drum,0,,Benthic invertivore
1910,Michigan,Lake Sturgeon,2,,Benthic invertivore
1910,Michigan,Lake Trout,4337,,Piscivore
1910,Michigan,Lake Whitefish,78,,Benthic invertivore
1910,Michigan,Northern Pike,0,"IL and IN: Northern pike catches reported for Illinois and Indiana except in 1899, 1903, 1917, 1922, 1949, 1959, 1968, 1970 and 1971 when less than 500 pounds taken from Indiana waters, and in 1967 when less than 500 pounds were taken from Illinois waters.",Piscivore
1910,Michigan,Round Whitefish,0,,Benthic invertivore
1910,Michigan,Suckers,,,Benthic omnivore
1910,Michigan,Walleye,91,,Piscivore
1910,Michigan,Yellow Perch,726,,Invertivore
1911,Michigan,Burbot,0,"MI:  In later years, the greater portion of Burbot were taken from Green Bay.",Piscivore
1911,Michigan,Carp,4,,Benthic omnivore
1911,Michigan,Channel Catfish and Bullheads,0,,Benthic omnivore
1911,Michigan,Chubs,2561,,Planktivore
1911,Michigan,Cisco,3905,,Planktivore
1911,Michigan,Cisco and Chub,12313,,Planktivore
1911,Michigan,Freshwater Drum,0,,Benthic invertivore
1911,Michigan,Lake Sturgeon,14,,Benthic invertivore
1911,Michigan,Lake Trout,8166,,Piscivore
1911,Michigan,Lake Whitefish,1430,,Benthic invertivore
1911,Michigan,Northern Pike,0,"IL and IN: Northern pike catches reported for Illinois and Indiana except in 1899, 1903, 1917, 1922, 1949, 1959, 1968, 1970 and 1971 when less than 500 pounds taken from Indiana waters, and in 1967 when less than 500 pounds were taken from Illinois waters.",Piscivore
1911,Michigan,Round Whitefish,134,,Benthic invertivore
1911,Michigan,Suckers,1017,,Benthic omnivore
1911,Michigan,Walleye,214,,Piscivore
1911,Michigan,Yellow Perch,2072,,Invertivore
1912,Michigan,Burbot,0,"MI:  In later years, the greater portion of Burbot were taken from Green Bay.",Piscivore
1912,Michigan,Carp,49,,Benthic omnivore
1912,Michigan,Channel Catfish and Bullheads,0,,Benthic omnivore
1912,Michigan,Chubs,2820,,Planktivore
1912,Michigan,Cisco,4475,,Planktivore
1912,Michigan,Cisco and Chub,11004,,Planktivore
1912,Michigan,Freshwater Drum,0,,Benthic invertivore
1912,Michigan,Lake Sturgeon,14,,Benthic invertivore
1912,Michigan,Lake Trout,6561,,Piscivore
1912,Michigan,Lake Whitefish,1338,,Benthic invertivore
1912,Michigan,Northern Pike,0,"IL and IN: Northern pike catches reported for Illinois and Indiana except in 1899, 1903, 1917, 1922, 1949, 1959, 1968, 1970 and 1971 when less than 500 pounds taken from Indiana waters, and in 1967 when less than 500 pounds were taken from Illinois waters.",Piscivore
1912,Michigan,Round Whitefish,83,,Benthic invertivore
1912,Michigan,Suckers,1113,,Benthic omnivore
1912,Michigan,Walleye,164,,Piscivore
1912,Michigan,Yellow Perch,2388,,Invertivore
1913,Michigan,Burbot,0,"MI:  In later years, the greater portion of Burbot were taken from Green Bay.",Piscivore
1913,Michigan,Carp,6,,Benthic omnivore
1913,Michigan,Channel Catfish and Bullheads,0,,Benthic omnivore
1913,Michigan,Chubs,3844,,Planktivore
1913,Michigan,Cisco,5041,,Planktivore
1913,Michigan,Cisco and Chub,12692,,Planktivore
1913,Michigan,Freshwater Drum,0,,Benthic invertivore
1913,Michigan,Lake Sturgeon,14,,Benthic invertivore
1913,Michigan,Lake Trout,6305,,Piscivore
1913,Michigan,Lake Whitefish,1320,,Benthic invertivore
1913,Michigan,Northern Pike,0,"IL and IN: Northern pike catches reported for Illinois and Indiana except in 1899, 1903, 1917, 1922, 1949, 1959, 1968, 1970 and 1971 when less than 500 pounds taken from Indiana waters, and in 1967 when less than 500 pounds were taken from Illinois waters.",Piscivore
1913,Michigan,Round Whitefish,143,,Benthic invertivore
1913,Michigan,Suckers,700,,Benthic omnivore
1913,Michigan,Walleye,165,,Piscivore
1913,Michigan,Yellow Perch,2935,,Invertivore
1914,Michigan,Bullheads,46,"IL and IN:  Bullhead catches not reported for Indiana and Illinois waters, except when less than 500 pounds was taken in 1967 and 1970 by Illinois and 1,000 pounds taken by Indiana commercial fishers in 1970.",Benthic omnivore
1914,Michigan,Burbot,0,"MI:  In later years, the greater portion of Burbot were taken from Green Bay.",Piscivore
1914,Michigan,Carp,0,,Benthic omnivore
1914,Michigan,Channel Catfish,2,IL and IN:  Catfish catches not reported for Illinois and Indiana except in 1954 and 1969-1977 when less than 500 pounds taken from Indiana waters,Benthic omnivore
1914,Michigan,Channel Catfish and Bullheads,48,,Benthic omnivore
1914,Michigan,Chubs,3368,,Planktivore
1914,Michigan,Cisco,4541,,Planktivore
1914,Michigan,Cisco and Chub,11340,,Planktivore
1914,Michigan,Freshwater Drum,0,,Benthic invertivore
1914,Michigan,Lake Sturgeon,14,,Benthic invertivore
1914,Michigan,Lake Trout,6837,,Piscivore
1914,Michigan,Lake Whitefish,1372,,Benthic invertivore
1914,Michigan,Northern Pike,40,"IL and IN: Northern pike catches reported for Illinois and Indiana except in 1899, 1903, 1917, 1922, 1949, 1959, 1968, 1970 and 1971 when less than 500 pounds taken from Indiana waters, and in 1967 when less than 500 pounds were taken from Illinois waters.",Piscivore
1914,Michigan,Round Whitefish,68,,Benthic invertivore
1914,Michigan,Suckers,3093,,Benthic omnivore
1914,Michigan,Walleye,225,,Piscivore
1914,Michigan,Yellow Perch,2731,,Invertivore
1915,Michigan,Bullheads,0,"IL and IN:  Bullhead catches not reported for Indiana and Illinois waters, except when less than 500 pounds was taken in 1967 and 1970 by Illinois and 1,000 pounds taken by Indiana commercial fishers in 1970.",Benthic omnivore
1915,Michigan,Burbot,0,"MI:  In later years, the greater portion of Burbot were taken from Green Bay.",Piscivore
1915,Michigan,Carp,9,,Benthic omnivore
1915,Michigan,Channel Catfish,0,IL and IN:  Catfish catches not reported for Illinois and Indiana except in 1954 and 1969-1977 when less than 500 pounds taken from Indiana waters,Benthic omnivore
1915,Michigan,Channel Catfish and Bullheads,0,,Benthic omnivore
1915,Michigan,Chubs,2912,,Planktivore
1915,Michigan,Cisco,5915,,Planktivore
1915,Michigan,Cisco and Chub,13368,,Planktivore
1915,Michigan,Freshwater Drum,0,,Benthic invertivore
1915,Michigan,Lake Sturgeon,13,,Benthic invertivore
1915,Michigan,Lake Trout,7704,,Piscivore
1915,Michigan,Lake Whitefish,1480,,Benthic invertivore
1915,Michigan,Northern Pike,0,"IL and IN: Northern pike catches reported for Illinois and Indiana except in 1899, 1903, 1917, 1922, 1949, 1959, 1968, 1970 and 1971 when less than 500 pounds taken from Indiana waters, and in 1967 when less than 500 pounds were taken from Illinois waters.",Piscivore
1915,Michigan,Round Whitefish,133,,Benthic invertivore
1915,Michigan,Suckers,824,,Benthic omnivore
1915,Michigan,Walleye,216,,Piscivore
1915,Michigan,Yellow Perch,2789,,Invertivore
1916,Michigan,Bullheads,0,"IL and IN:  Bullhead catches not reported for Indiana and Illinois waters, except when less than 500 pounds was taken in 1967 and 1970 by Illinois and 1,000 pounds taken by Indiana commercial fishers in 1970.",Benthic omnivore
1916,Michigan,Burbot,0,"MI:  In later years, the greater portion of Burbot were taken from Green Bay.",Piscivore
1916,Michigan,Carp,1,,Benthic omnivore
1916,Michigan,Channel Catfish,0,IL and IN:  Catfish catches not reported for Illinois and Indiana except in 1954 and 1969-1977 when less than 500 pounds taken from Indiana waters,Benthic omnivore
1916,Michigan,Channel Catfish and Bullheads,0,,Benthic omnivore
1916,Michigan,Chubs,1787,,Planktivore
1916,Michigan,Cisco,4712,,Planktivore
1916,Michigan,Cisco and Chub,8923,,Planktivore
1916,Michigan,Freshwater Drum,0,,Benthic invertivore
1916,Michigan,Lake Sturgeon,7,,Benthic invertivore
1916,Michigan,Lake Trout,6000,,Piscivore
1916,Michigan,Lake Whitefish,1629,,Benthic invertivore
1916,Michigan,Northern Pike,25,"IL and IN: Northern pike catches reported for Illinois and Indiana except in 1899, 1903, 1917, 1922, 1949, 1959, 1968, 1970 and 1971 when less than 500 pounds taken from Indiana waters, and in 1967 when less than 500 pounds were taken from Illinois waters.",Piscivore
1916,Michigan,Round Whitefish,63,,Benthic invertivore
1916,Michigan,Suckers,963,,Benthic omnivore
1916,Michigan,Walleye,275,,Piscivore
1916,Michigan,Yellow Perch,2262,,Invertivore
1917,Michigan,Bullheads,5,"IL and IN:  Bullhead catches not reported for Indiana and Illinois waters, except when less than 500 pounds was taken in 1967 and 1970 by Illinois and 1,000 pounds taken by Indiana commercial fishers in 1970.",Benthic omnivore
1917,Michigan,Burbot,167,"MI:  In later years, the greater portion of Burbot were taken from Green Bay.",Piscivore
1917,Michigan,Carp,246,IN: High levels of PCBs in carp resulted in greatly reduced markets,Benthic omnivore
1917,Michigan,Channel Catfish,0,IL and IN:  Catfish catches not reported for Illinois and Indiana except in 1954 and 1969-1977 when less than 500 pounds taken from Indiana waters,Benthic omnivore
1917,Michigan,Channel Catfish and Bullheads,5,,Benthic omnivore
1917,Michigan,Chubs,3741,,Planktivore
1917,Michigan,Cisco,6515,,Planktivore
1917,Michigan,Cisco and Chub,15067,,Planktivore
1917,Michigan,Freshwater Drum,1,,Benthic invertivore
1917,Michigan,Lake Sturgeon,8,,Benthic invertivore
1917,Michigan,Lake Trout,6903,,Piscivore
1917,Michigan,Lake Whitefish,2623,,Benthic invertivore
1917,Michigan,Northern Pike,43,"IL and IN: Northern pike catches reported for Illinois and Indiana except in 1899, 1903, 1917, 1922, 1949, 1959, 1968, 1970 and 1971 when less than 500 pounds taken from Indiana waters, and in 1967 when less than 500 pounds were taken from Illinois waters.",Piscivore
1917,Michigan,Round Whitefish,102,,Benthic invertivore
1917,Michigan,Suckers,4034,,Benthic omnivore
1917,Michigan,Walleye,195,,Piscivore
1917,Michigan,Yellow Perch,2101,,Invertivore
1918,Michigan,Bullheads,0,"IL and IN:  Bullhead catches not reported for Indiana and Illinois waters, except when less than 500 pounds was taken in 1967 and 1970 by Illinois and 1,000 pounds taken by Indiana commercial fishers in 1970.",Benthic omnivore
1918,Michigan,Burbot,0,"MI:  In later years, the greater portion of Burbot were taken from Green Bay.",Piscivore
1918,Michigan,Carp,5,,Benthic omnivore
1918,Michigan,Channel Catfish,0,IL and IN:  Catfish catches not reported for Illinois and Indiana except in 1954 and 1969-1977 when less than 500 pounds taken from Indiana waters,Benthic omnivore
1918,Michigan,Channel Catfish and Bullheads,0,,Benthic omnivore
1918,Michigan,Chubs,5763,,Planktivore
1918,Michigan,Cisco,8331,,Planktivore
1918,Michigan,Cisco and Chub,14094,,Planktivore
1918,Michigan,Freshwater Drum,0,,Benthic invertivore
1918,Michigan,Lake Sturgeon,26,,Benthic invertivore
1918,Michigan,Lake Trout,5810,,Piscivore
1918,Michigan,Lake Whitefish,2346,,Benthic invertivore
1918,Michigan,Northern Pike,53,"IL and IN: Northern pike catches reported for Illinois and Indiana except in 1899, 1903, 1917, 1922, 1949, 1959, 1968, 1970 and 1971 when less than 500 pounds taken from Indiana waters, and in 1967 when less than 500 pounds were taken from Illinois waters.",Piscivore
1918,Michigan,Round Whitefish,144,,Benthic invertivore
1918,Michigan,Suckers,663,,Benthic omnivore
1918,Michigan,Walleye,121,,Piscivore
1918,Michigan,Yellow Perch,1928,,Invertivore
1919,Michigan,Bullheads,1,"IL and IN:  Bullhead catches not reported for Indiana and Illinois waters, except when less than 500 pounds was taken in 1967 and 1970 by Illinois and 1,000 pounds taken by Indiana commercial fishers in 1970.",Benthic omnivore
1919,Michigan,Burbot,22,"MI:  In later years, the greater portion of Burbot were taken from Green Bay.",Piscivore
1919,Michigan,Carp,7,,Benthic omnivore
1919,Michigan,Channel Catfish,1,IL and IN:  Catfish catches not reported for Illinois and Indiana except in 1954 and 1969-1977 when less than 500 pounds taken from Indiana waters,Benthic omnivore
1919,Michigan,Channel Catfish and Bullheads,2,,Benthic omnivore
1919,Michigan,Chubs,4927,,Planktivore
1919,Michigan,Cisco,5777,,Planktivore
1919,Michigan,Cisco and Chub,10704,,Planktivore
1919,Michigan,Freshwater Drum,18,,Benthic invertivore
1919,Michigan,Lake Sturgeon,7,,Benthic invertivore
1919,Michigan,Lake Trout,6584,,Piscivore
1919,Michigan,Lake Whitefish,1489,,Benthic invertivore
1919,Michigan,Northern Pike,97,"IL and IN: Northern pike catches reported for Illinois and Indiana except in 1899, 1903, 1917, 1922, 1949, 1959, 1968, 1970 and 1971 when less than 500 pounds taken from Indiana waters, and in 1967 when less than 500 pounds were taken from Illinois waters.",Piscivore
1919,Michigan,Round Whitefish,59,,Benthic invertivore
1919,Michigan,Suckers,1097,,Benthic omnivore
1919,Michigan,Walleye,122,,Piscivore
1919,Michigan,Yellow Perch,2490,,Invertivore
1920,Michigan,Bullheads,2,"IL and IN:  Bullhead catches not reported for Indiana and Illinois waters, except when less than 500 pounds was taken in 1967 and 1970 by Illinois and 1,000 pounds taken by Indiana commercial fishers in 1970.",Benthic omnivore
1920,Michigan,Burbot,60,"MI:  In later years, the greater portion of Burbot were taken from Green Bay.",Piscivore
1920,Michigan,Carp,5,,Benthic omnivore
1920,Michigan,Channel Catfish,1,IL and IN:  Catfish catches not reported for Illinois and Indiana except in 1954 and 1969-1977 when less than 500 pounds taken from Indiana waters,Benthic omnivore
1920,Michigan,Channel Catfish and Bullheads,2,,Benthic omnivore
1920,Michigan,Chubs,2306,,Planktivore
1920,Michigan,Cisco,5061,,Planktivore
1920,Michigan,Cisco and Chub,7367,,Planktivore
1920,Michigan,Freshwater Drum,16,,Benthic invertivore
1920,Michigan,Lake Sturgeon,13,,Benthic invertivore
1920,Michigan,Lake Trout,6983,,Piscivore
1920,Michigan,Lake Whitefish,937,,Benthic invertivore
1920,Michigan,Northern Pike,73,"IL and IN: Northern pike catches reported for Illinois and Indiana except in 1899, 1903, 1917, 1922, 1949, 1959, 1968, 1970 and 1971 when less than 500 pounds taken from Indiana waters, and in 1967 when less than 500 pounds were taken from Illinois waters.",Piscivore
1920,Michigan,Round Whitefish,157,,Benthic invertivore
1920,Michigan,Suckers,919,,Benthic omnivore
1920,Michigan,Walleye,117,,Piscivore
1920,Michigan,Yellow Perch,2064,,Invertivore
1921,Michigan,Bullheads,1,"IL and IN:  Bullhead catches not reported for Indiana and Illinois waters, except when less than 500 pounds was taken in 1967 and 1970 by Illinois and 1,000 pounds taken by Indiana commercial fishers in 1970.",Benthic omnivore
1921,Michigan,Burbot,7,"MI:  In later years, the greater portion of Burbot were taken from Green Bay.",Piscivore
1921,Michigan,Carp,4,,Benthic omnivore
1921,Michigan,Channel Catfish,2,IL and IN:  Catfish catches not reported for Illinois and Indiana except in 1954 and 1969-1977 when less than 500 pounds taken from Indiana waters,Benthic omnivore
1921,Michigan,Channel Catfish and Bullheads,3,,Benthic omnivore
1921,Michigan,Chubs,1345,,Planktivore
1921,Michigan,Cisco,2876,,Planktivore
1921,Michigan,Cisco and Chub,4221,,Planktivore
1921,Michigan,Freshwater Drum,16,,Benthic invertivore
1921,Michigan,Lake Sturgeon,7,,Benthic invertivore
1921,Michigan,Lake Trout,6749,,Piscivore
1921,Michigan,Lake Whitefish,1321,,Benthic invertivore
1921,Michigan,Northern Pike,93,"IL and IN: Northern pike catches reported for Illinois and Indiana except in 1899, 1903, 1917, 1922, 1949, 1959, 1968, 1970 and 1971 when less than 500 pounds taken from Indiana waters, and in 1967 when less than 500 pounds were taken from Illinois waters.",Piscivore
1921,Michigan,Round Whitefish,76,,Benthic invertivore
1921,Michigan,Suckers,639,,Benthic omnivore
1921,Michigan,Walleye,141,,Piscivore
1921,Michigan,Yellow Perch,2105,,Invertivore
1922,Michigan,Bullheads,2,"IL and IN:  Bullhead catches not reported for Indiana and Illinois waters, except when less than 500 pounds was taken in 1967 and 1970 by Illinois and 1,000 pounds taken by Indiana commercial fishers in 1970.",Benthic omnivore
1922,Michigan,Burbot,25,"MI:  In later years, the greater portion of Burbot were taken from Green Bay.",Piscivore
1922,Michigan,Carp,750,,Benthic omnivore
1922,Michigan,Channel Catfish,1,IL and IN:  Catfish catches not reported for Illinois and Indiana except in 1954 and 1969-1977 when less than 500 pounds taken from Indiana waters,Benthic omnivore
1922,Michigan,Channel Catfish and Bullheads,149,,Benthic omnivore
1922,Michigan,Chubs,1426,,Planktivore
1922,Michigan,Cisco,3687,,Planktivore
1922,Michigan,Cisco and Chub,5691,,Planktivore
1922,Michigan,Freshwater Drum,3,,Benthic invertivore
1922,Michigan,Lake Sturgeon,10,,Benthic invertivore
1922,Michigan,Lake Trout,7540,,Piscivore
1922,Michigan,Lake Whitefish,1335,,Benthic invertivore
1922,Michigan,Northern Pike,95,"IL and IN: Northern pike catches reported for Illinois and Indiana except in 1899, 1903, 1917, 1922, 1949, 1959, 1968, 1970 and 1971 when less than 500 pounds taken from Indiana waters, and in 1967 when less than 500 pounds were taken from Illinois waters.",Piscivore
1922,Michigan,Round Whitefish,120,,Benthic invertivore
1922,Michigan,Suckers,1536,,Benthic omnivore
1922,Michigan,Walleye,64,,Piscivore
1922,Michigan,Yellow Perch,967,,Invertivore
1923,Michigan,Bullheads,25,"IL and IN:  Bullhead catches not reported for Indiana and Illinois waters, except when less than 500 pounds was taken in 1967 and 1970 by Illinois and 1,000 pounds taken by Indiana commercial fishers in 1970.",Benthic omnivore
1923,Michigan,Burbot,7,"MI:  In later years, the greater portion of Burbot were taken from Green Bay.",Piscivore
1923,Michigan,Carp,7,,Benthic omnivore
1923,Michigan,Channel Catfish,1,IL and IN:  Catfish catches not reported for Illinois and Indiana except in 1954 and 1969-1977 when less than 500 pounds taken from Indiana waters,Benthic omnivore
1923,Michigan,Channel Catfish and Bullheads,27,,Benthic omnivore
1923,Michigan,Chubs,1236,,Planktivore
1923,Michigan,Cisco,3189,,Planktivore
1923,Michigan,Freshwater Drum,7,,Benthic invertivore
1923,Michigan,Lake Sturgeon,7,,Benthic invertivore
1923,Michigan,Lake Trout,6176,,Piscivore
1923,Michigan,Lake Whitefish,1505,,Benthic invertivore
1923,Michigan,Northern Pike,39,"IL and IN: Northern pike catches reported for Illinois and Indiana except in 1899, 1903, 1917, 1922, 1949, 1959, 1968, 1970 and 1971 when less than 500 pounds taken from Indiana waters, and in 1967 when less than 500 pounds were taken from Illinois waters.",Piscivore
1923,Michigan,Round Whitefish,129,,Benthic invertivore
1923,Michigan,Suckers,570,,Benthic omnivore
1923,Michigan,Walleye,99,,Piscivore
1923,Michigan,Yellow Perch,873,,Invertivore
1924,Michigan,Bullheads,1,"IL and IN:  Bullhead catches not reported for Indiana and Illinois waters, except when less than 500 pounds was taken in 1967 and 1970 by Illinois and 1,000 pounds taken by Indiana commercial fishers in 1970.",Benthic omnivore
1924,Michigan,Burbot,12,"MI:  In later years, the greater portion of Burbot were taken from Green Bay.",Piscivore
1924,Michigan,Carp,7,,Benthic omnivore
1924,Michigan,Channel Catfish,0,IL and IN:  Catfish catches not reported for Illinois and Indiana except in 1954 and 1969-1977 when less than 500 pounds taken from Indiana waters,Benthic omnivore
1924,Michigan,Channel Catfish and Bullheads,2,,Benthic omnivore
1924,Michigan,Chubs,2274,,Planktivore
1924,Michigan,Cisco,3625,,Planktivore
1924,Michigan,Freshwater Drum,5,,Benthic invertivore
1924,Michigan,Lake Sturgeon,4,,Benthic invertivore
1924,Michigan,Lake Trout,7224,,Piscivore
1924,Michigan,Lake Whitefish,1397,,Benthic invertivore
1924,Michigan,Northern Pike,36,"IL and IN: Northern pike catches reported for Illinois and Indiana except in 1899, 1903, 1917, 1922, 1949, 1959, 1968, 1970 and 1971 when less than 500 pounds taken from Indiana waters, and in 1967 when less than 500 pounds were taken from Illinois waters.",Piscivore
1924,Michigan,Round Whitefish,199,,Benthic invertivore
1924,Michigan,Suckers,624,,Benthic omnivore
1924,Michigan,Walleye,118,,Piscivore
1924,Michigan,Yellow Perch,1083,,Invertivore
1925,Michigan,Bullheads,124,"IL and IN:  Bullhead catches not reported for Indiana and Illinois waters, except when less than 500 pounds was taken in 1967 and 1970 by Illinois and 1,000 pounds taken by Indiana commercial fishers in 1970.",Benthic omnivore
1925,Michigan,Burbot,39,"MI:  In later years, the greater portion of Burbot were taken from Green Bay.",Piscivore
1925,Michigan,Carp,12,,Benthic omnivore
1925,Michigan,Channel Catfish,1,IL and IN:  Catfish catches not reported for Illinois and Indiana except in 1954 and 1969-1977 when less than 500 pounds taken from Indiana waters,Benthic omnivore
1925,Michigan,Channel Catfish and Bullheads,125,,Benthic omnivore
1925,Michigan,Chubs,3840,,Planktivore
1925,Michigan,Cisco,4325,,Planktivore
1925,Michigan,Freshwater Drum,12,,Benthic invertivore
1925,Michigan,Lake Sturgeon,9,,Benthic invertivore
1925,Michigan,Lake Trout,6523,,Piscivore
1925,Michigan,Lake Whitefish,1647,,Benthic invertivore
1925,Michigan,Northern Pike,27,"IL and IN: Northern pike catches reported for Illinois and Indiana except in 1899, 1903, 1917, 1922, 1949, 1959, 1968, 1970 and 1971 when less than 500 pounds taken from Indiana waters, and in 1967 when less than 500 pounds were taken from Illinois waters.",Piscivore
1925,Michigan,Round Whitefish,243,,Benthic invertivore
1925,Michigan,Suckers,903,,Benthic omnivore
1925,Michigan,Walleye,93,,Piscivore
1925,Michigan,Yellow Perch,1481,,Invertivore
1926,Michigan,Bullheads,0,"IL and IN:  Bullhead catches not reported for Indiana and Illinois waters, except when less than 500 pounds was taken in 1967 and 1970 by Illinois and 1,000 pounds taken by Indiana commercial fishers in 1970.",Benthic omnivore
1926,Michigan,Burbot,21,"MI:  In later years, the greater portion of Burbot were taken from Green Bay.",Piscivore
1926,Michigan,Carp,7,,Benthic omnivore
1926,Michigan,Channel Catfish,0,IL and IN:  Catfish catches not reported for Illinois and Indiana except in 1954 and 1969-1977 when less than 500 pounds taken from Indiana waters,Benthic omnivore
1926,Michigan,Channel Catfish and Bullheads,0,,Benthic omnivore
1926,Michigan,Chubs,3740,,Planktivore
1926,Michigan,Cisco,3284,,Planktivore
1926,Michigan,Freshwater Drum,20,,Benthic invertivore
1926,Michigan,Lake Sturgeon,6,,Benthic invertivore
1926,Michigan,Lake Trout,6529,,Piscivore
1926,Michigan,Lake Whitefish,1875,,Benthic invertivore
1926,Michigan,Northern Pike,33,"IL and IN: Northern pike catches reported for Illinois and Indiana except in 1899, 1903, 1917, 1922, 1949, 1959, 1968, 1970 and 1971 when less than 500 pounds taken from Indiana waters, and in 1967 when less than 500 pounds were taken from Illinois waters.",Piscivore
1926,Michigan,Round Whitefish,211,,Benthic invertivore
1926,Michigan,Suckers,967,,Benthic omnivore
1926,Michigan,Walleye,82,,Piscivore
1926,Michigan,Yellow Perch,2267,,Invertivore
1927,Michigan,Bullheads,0,"IL and IN:  Bullhead catches not reported for Indiana and Illinois waters, except when less than 500 pounds was taken in 1967 and 1970 by Illinois and 1,000 pounds taken by Indiana commercial fishers in 1970.",Benthic omnivore
1927,Michigan,Burbot,35,"MI:  In later years, the greater portion of Burbot were taken from Green Bay.",Piscivore
1927,Michigan,Carp,6,,Benthic omnivore
1927,Michigan,Channel Catfish,0,IL and IN:  Catfish catches not reported for Illinois and Indiana except in 1954 and 1969-1977 when less than 500 pounds taken from Indiana waters,Benthic omnivore
1927,Michigan,Channel Catfish and Bullheads,0,,Benthic omnivore
1927,Michigan,Chubs,4765,,Planktivore
1927,Michigan,Cisco,5842,,Planktivore
1927,Michigan,Freshwater Drum,2,,Benthic invertivore
1927,Michigan,Lake Sturgeon,4,,Benthic invertivore
1927,Michigan,Lake Trout,5699,,Piscivore
1927,Michigan,Lake Whitefish,2591,,Benthic invertivore
1927,Michigan,Northern Pike,29,"IL and IN: Northern pike catches reported for Illinois and Indiana except in 1899, 1903, 1917, 1922, 1949, 1959, 1968, 1970 and 1971 when less than 500 pounds taken from Indiana waters, and in 1967 when less than 500 pounds were taken from Illinois waters.",Piscivore
1927,Michigan,Round Whitefish,217,,Benthic invertivore
1927,Michigan,Suckers,815,,Benthic omnivore
1927,Michigan,Walleye,59,,Piscivore
1927,Michigan,Yellow Perch,1970,,Invertivore
1928,Michigan,Bullheads,2,"IL and IN:  Bullhead catches not reported for Indiana and Illinois waters, except when less than 500 pounds was taken in 1967 and 1970 by Illinois and 1,000 pounds taken by Indiana commercial fishers in 1970.",Benthic omnivore
1928,Michigan,Burbot,30,"MI:  In later years, the greater portion of Burbot were taken from Green Bay.",Piscivore
1928,Michigan,Carp,11,,Benthic omnivore
1928,Michigan,Channel Catfish,0,IL and IN:  Catfish catches not reported for Illinois and Indiana except in 1954 and 1969-1977 when less than 500 pounds taken from Indiana waters,Benthic omnivore
1928,Michigan,Channel Catfish and Bullheads,2,,Benthic omnivore
1928,Michigan,Chubs,3752,,Planktivore
1928,Michigan,Cisco,3034,,Planktivore
1928,Michigan,Freshwater Drum,2,,Benthic invertivore
1928,Michigan,Lake Sturgeon,2,,Benthic invertivore
1928,Michigan,Lake Trout,4819,,Piscivore
1928,Michigan,Lake Whitefish,3525,,Benthic invertivore
1928,Michigan,Northern Pike,113,"IL and IN: Northern pike catches reported for Illinois and Indiana except in 1899, 1903, 1917, 1922, 1949, 1959, 1968, 1970 and 1971 when less than 500 pounds taken from Indiana waters, and in 1967 when less than 500 pounds were taken from Illinois waters.",Piscivore
1928,Michigan,Round Whitefish,276,,Benthic invertivore
1928,Michigan,Suckers,457,,Benthic omnivore
1928,Michigan,Walleye,52,,Piscivore
1928,Michigan,Yellow Perch,1152,,Invertivore
1929,Michigan,Bullheads,36,"IL and IN:  Bullhead catches not reported for Indiana and Illinois waters, except when less than 500 pounds was taken in 1967 and 1970 by Illinois and 1,000 pounds taken by Indiana commercial fishers in 1970.",Benthic omnivore
1929,Michigan,Burbot,32,,Piscivore
1929,Michigan,Carp,607,,Benthic omnivore
1929,Michigan,Channel Catfish,2,IL and IN:  Catfish catches not reported for Illinois and Indiana except in 1954 and 1969-1977 when less than 500 pounds taken from Indiana waters,Benthic omnivore
1929,Michigan,Channel Catfish and Bullheads,38,,Benthic omnivore
1929,Michigan,Chubs,4338,,Planktivore
1929,Michigan,Cisco,5224,,Planktivore
1929,Michigan,Freshwater Drum,3,,Benthic invertivore
1929,Michigan,Lake Sturgeon,0,"All: Commercial fishing for Lake Sturgeon prohibited in Michigan waters from 1929-1950, and in the waters of other states since 1929.",Benthic invertivore
1929,Michigan,Lake Trout,6394,,Piscivore
1929,Michigan,Lake Whitefish,4968,,Benthic invertivore
1929,Michigan,Northern Pike,63,"IL and IN: Northern pike catches reported for Illinois and Indiana except in 1899, 1903, 1917, 1922, 1949, 1959, 1968, 1970 and 1971 when less than 500 pounds taken from Indiana waters, and in 1967 when less than 500 pounds were taken from Illinois waters.",Piscivore
1929,Michigan,Round Whitefish,359,,Benthic invertivore
1929,Michigan,Suckers,2698,,Benthic omnivore
1929,Michigan,Walleye,53,,Piscivore
1929,Michigan,Yellow Perch,1380,,Invertivore
1930,Michigan,Bullheads,66,"IL and IN:  Bullhead catches not reported for Indiana and Illinois waters, except when less than 500 pounds was taken in 1967 and 1970 by Illinois and 1,000 pounds taken by Indiana commercial fishers in 1970.",Benthic omnivore
1930,Michigan,Burbot,116,,Piscivore
1930,Michigan,Carp,491,,Benthic omnivore
1930,Michigan,Channel Catfish,11,IL and IN:  Catfish catches not reported for Illinois and Indiana except in 1954 and 1969-1977 when less than 500 pounds taken from Indiana waters,Benthic omnivore
1930,Michigan,Channel Catfish and Bullheads,78,,Benthic omnivore
1930,Michigan,Chubs,5037,,Planktivore
1930,Michigan,Cisco,6281,,Planktivore
1930,Michigan,Freshwater Drum,17,,Benthic invertivore
1930,Michigan,Lake Trout,5441,,Piscivore
1930,Michigan,Lake Whitefish,5383,,Benthic invertivore
1930,Michigan,Northern Pike,88,"IL and IN: Northern pike catches reported for Illinois and Indiana except in 1899, 1903, 1917, 1922, 1949, 1959, 1968, 1970 and 1971 when less than 500 pounds taken from Indiana waters, and in 1967 when less than 500 pounds were taken from Illinois waters.",Piscivore
1930,Michigan,Round Whitefish,237,,Benthic invertivore
1930,Michigan,Suckers,2258,,Benthic omnivore
1930,Michigan,Walleye,64,,Piscivore
1930,Michigan,Yellow Perch,1468,,Invertivore
1931,Michigan,Bullheads,40,"IL and IN:  Bullhead catches not reported for Indiana and Illinois waters, except when less than 500 pounds was taken in 1967 and 1970 by Illinois and 1,000 pounds taken by Indiana commercial fishers in 1970.",Benthic omnivore
1931,Michigan,Burbot,96,,Piscivore
1931,Michigan,Carp,831,,Benthic omnivore
1931,Michigan,Channel Catfish,23,IL and IN:  Catfish catches not reported for Illinois and Indiana except in 1954 and 1969-1977 when less than 500 pounds taken from Indiana waters,Benthic omnivore
1931,Michigan,Channel Catfish and Bullheads,62,,Benthic omnivore
1931,Michigan,Chubs,3406,,Planktivore
1931,Michigan,Cisco,5276,,Planktivore
1931,Michigan,Freshwater Drum,8,,Benthic invertivore
1931,Michigan,Lake Trout,5633,,Piscivore
1931,Michigan,Lake Whitefish,4675,,Benthic invertivore
1931,Michigan,Northern Pike,32,"IL and IN: Northern pike catches reported for Illinois and Indiana except in 1899, 1903, 1917, 1922, 1949, 1959, 1968, 1970 and 1971 when less than 500 pounds taken from Indiana waters, and in 1967 when less than 500 pounds were taken from Illinois waters.",Piscivore
1931,Michigan,Rainbow Smelt,86,,Planktivore
1931,Michigan,Round Whitefish,156,,Benthic invertivore
1931,Michigan,Suckers,2761,,Benthic omnivore
1931,Michigan,Walleye,56,,Piscivore
1931,Michigan,Yellow Perch,1287,,Invertivore
1932,Michigan,Bullheads,42,"IL and IN:  Bullhead catches not reported for Indiana and Illinois waters, except when less than 500 pounds was taken in 1967 and 1970 by Illinois and 1,000 pounds taken by Indiana commercial fishers in 1970.",Benthic omnivore
1932,Michigan,Burbot,59,,Piscivore
1932,Michigan,Carp,284,,Benthic omnivore
1932,Michigan,Channel Catfish,6,IL and IN:  Catfish catches not reported for Illinois and Indiana except in 1954 and 1969-1977 when less than 500 pounds taken from Indiana waters,Benthic omnivore
1932,Michigan,Channel Catfish and Bullheads,47,,Benthic omnivore
1932,Michigan,Chubs,3123,,Planktivore
1932,Michigan,Cisco,2943,,Planktivore
1932,Michigan,Freshwater Drum,13,,Benthic invertivore
1932,Michigan,Lake Trout,5470,,Piscivore
1932,Michigan,Lake Whitefish,3836,,Benthic invertivore
1932,Michigan,Northern Pike,33,"IL and IN: Northern pike catches reported for Illinois and Indiana except in 1899, 1903, 1917, 1922, 1949, 1959, 1968, 1970 and 1971 when less than 500 pounds taken from Indiana waters, and in 1967 when less than 500 pounds were taken from Illinois waters.",Piscivore
1932,Michigan,Rainbow Smelt,99,,Planktivore
1932,Michigan,Round Whitefish,118,,Benthic invertivore
1932,Michigan,Suckers,2209,,Benthic omnivore
1932,Michigan,Walleye,104,,Piscivore
1932,Michigan,Yellow Perch,955,,Invertivore
1933,Michigan,Bullheads,35,"IL and IN:  Bullhead catches not reported for Indiana and Illinois waters, except when less than 500 pounds was taken in 1967 and 1970 by Illinois and 1,000 pounds taken by Indiana commercial fishers in 1970.",Benthic omnivore
1933,Michigan,Burbot,57,,Piscivore
1933,Michigan,Carp,919,,Benthic omnivore
1933,Michigan,Channel Catfish,5,IL and IN:  Catfish catches not reported for Illinois and Indiana except in 1954 and 1969-1977 when less than 500 pounds taken from Indiana waters,Benthic omnivore
1933,Michigan,Channel Catfish and Bullheads,39,,Benthic omnivore
1933,Michigan,Chubs,4032,,Planktivore
1933,Michigan,Cisco,4009,,Planktivore
1933,Michigan,Freshwater Drum,14,,Benthic invertivore
1933,Michigan,Lake Trout,5212,,Piscivore
1933,Michigan,Lake Whitefish,2575,,Benthic invertivore
1933,Michigan,Northern Pike,38,"IL and IN: Northern pike catches reported for Illinois and Indiana except in 1899, 1903, 1917, 1922, 1949, 1959, 1968, 1970 and 1971 when less than 500 pounds taken from Indiana waters, and in 1967 when less than 500 pounds were taken from Illinois waters.",Piscivore
1933,Michigan,Rainbow Smelt,909,,Planktivore
1933,Michigan,Round Whitefish,134,,Benthic invertivore
1933,Michigan,Suckers,1881,,Benthic omnivore
1933,Michigan,Walleye,167,,Piscivore
1933,Michigan,Yellow Perch,1009,,Invertivore
1934,Michigan,Bullheads,12,"IL and IN:  Bullhead catches not reported for Indiana and Illinois waters, except when less than 500 pounds was taken in 1967 and 1970 by Illinois and 1,000 pounds taken by Indiana commercial fishers in 1970.",Benthic omnivore
1934,Michigan,Burbot,40,,Piscivore
1934,Michigan,Carp,1320,,Benthic omnivore
1934,Michigan,Channel Catfish,3,IL and IN:  Catfish catches not reported for Illinois and Indiana except in 1954 and 1969-1977 when less than 500 pounds taken from Indiana waters,Benthic omnivore
1934,Michigan,Channel Catfish and Bullheads,14,,Benthic omnivore
1934,Michigan,Chubs,6236,,Planktivore
1934,Michigan,Cisco,6415,,Planktivore
1934,Michigan,Freshwater Drum,10,,Benthic invertivore
1934,Michigan,Lake Trout,4956,,Piscivore
1934,Michigan,Lake Whitefish,2183,,Benthic invertivore
1934,Michigan,Northern Pike,80,"IL and IN: Northern pike catches reported for Illinois and Indiana except in 1899, 1903, 1917, 1922, 1949, 1959, 1968, 1970 and 1971 when less than 500 pounds taken from Indiana waters, and in 1967 when less than 500 pounds were taken from Illinois waters.",Piscivore
1934,Michigan,Rainbow Smelt,1031,,Planktivore
1934,Michigan,Round Whitefish,146,,Benthic invertivore
1934,Michigan,Suckers,2179,,Benthic omnivore
1934,Michigan,Walleye,161,,Piscivore
1934,Michigan,Yellow Perch,1276,,Invertivore
1935,Michigan,Bullheads,1,"IL and IN:  Bullhead catches not reported for Indiana and Illinois waters, except when less than 500 pounds was taken in 1967 and 1970 by Illinois and 1,000 pounds taken by Indiana commercial fishers in 1970.",Benthic omnivore
1935,Michigan,Burbot,40,,Piscivore
1935,Michigan,Carp,1054,,Benthic omnivore
1935,Michigan,Channel Catfish,2,IL and IN:  Catfish catches not reported for Illinois and Indiana except in 1954 and 1969-1977 when less than 500 pounds taken from Indiana waters,Benthic omnivore
1935,Michigan,Channel Catfish and Bullheads,42,,Benthic omnivore
1935,Michigan,Chubs,5794,,Planktivore
1935,Michigan,Cisco,5426,,Planktivore
1935,Michigan,Freshwater Drum,12,,Benthic invertivore
1935,Michigan,Lake Trout,4873,,Piscivore
1935,Michigan,Lake Whitefish,1698,,Benthic invertivore
1935,Michigan,Northern Pike,63,"IL and IN: Northern pike catches reported for Illinois and Indiana except in 1899, 1903, 1917, 1922, 1949, 1959, 1968, 1970 and 1971 when less than 500 pounds taken from Indiana waters, and in 1967 when less than 500 pounds were taken from Illinois waters.",Piscivore
1935,Michigan,Rainbow Smelt,835,,Planktivore
1935,Michigan,Round Whitefish,131,,Benthic invertivore
1935,Michigan,Suckers,2623,,Benthic omnivore
1935,Michigan,Walleye,99,,Piscivore
1935,Michigan,Yellow Perch,1740,,Invertivore
1936,Michigan,Bullheads,64,"IL and IN:  Bullhead catches not reported for Indiana and Illinois waters, except when less than 500 pounds was taken in 1967 and 1970 by Illinois and 1,000 pounds taken by Indiana commercial fishers in 1970.",Benthic omnivore
1936,Michigan,Burbot,34,,Piscivore
1936,Michigan,Carp,1487,,Benthic omnivore
1936,Michigan,Channel Catfish,23,IL and IN:  Catfish catches not reported for Illinois and Indiana except in 1954 and 1969-1977 when less than 500 pounds taken from Indiana waters,Benthic omnivore
1936,Michigan,Channel Catfish and Bullheads,87,,Benthic omnivore
1936,Michigan,Chubs,5675,,Planktivore
1936,Michigan,Cisco,4796,,Planktivore
1936,Michigan,Freshwater Drum,11,,Benthic invertivore
1936,Michigan,Lake Trout,4763,,Piscivore
1936,Michigan,Lake Whitefish,1026,,Benthic invertivore
1936,Michigan,Northern Pike,16,"IL and IN: Northern pike catches reported for Illinois and Indiana except in 1899, 1903, 1917, 1922, 1949, 1959, 1968, 1970 and 1971 when less than 500 pounds taken from Indiana waters, and in 1967 when less than 500 pounds were taken from Illinois waters.",Piscivore
1936,Michigan,Rainbow Smelt,1202,,Planktivore
1936,Michigan,Round Whitefish,67,,Benthic invertivore
1936,Michigan,Suckers,2686,,Benthic omnivore
1936,Michigan,Walleye,116,,Piscivore
1936,Michigan,Yellow Perch,2507,,Invertivore
1937,Michigan,Bullheads,42,"IL and IN:  Bullhead catches not reported for Indiana and Illinois waters, except when less than 500 pounds was taken in 1967 and 1970 by Illinois and 1,000 pounds taken by Indiana commercial fishers in 1970.",Benthic omnivore
1937,Michigan,Burbot,40,,Piscivore
1937,Michigan,Carp,1925,,Benthic omnivore
1937,Michigan,Channel Catfish,10,IL and IN:  Catfish catches not reported for Illinois and Indiana except in 1954 and 1969-1977 when less than 500 pounds taken from Indiana waters,Benthic omnivore
1937,Michigan,Channel Catfish and Bullheads,52,,Benthic omnivore
1937,Michigan,Chubs,5599,,Planktivore
1937,Michigan,Cisco,5500,,Planktivore
1937,Michigan,Freshwater Drum,5,,Benthic invertivore
1937,Michigan,Lake Trout,4988,,Piscivore
1937,Michigan,Lake Whitefish,1073,,Benthic invertivore
1937,Michigan,Northern Pike,14,"IL and IN: Northern pike catches reported for Illinois and Indiana except in 1899, 1903, 1917, 1922, 1949, 1959, 1968, 1970 and 1971 when less than 500 pounds taken from Indiana waters, and in 1967 when less than 500 pounds were taken from Illinois waters.",Piscivore
1937,Michigan,Rainbow Smelt,1427,,Planktivore
1937,Michigan,Round Whitefish,47,,Benthic invertivore
1937,Michigan,Suckers,2382,,Benthic omnivore
1937,Michigan,Walleye,78,,Piscivore
1937,Michigan,Yellow Perch,2489,,Invertivore
1938,Michigan,Bullheads,67,"IL and IN:  Bullhead catches not reported for Indiana and Illinois waters, except when less than 500 pounds was taken in 1967 and 1970 by Illinois and 1,000 pounds taken by Indiana commercial fishers in 1970.",Benthic omnivore
1938,Michigan,Burbot,34,,Piscivore
1938,Michigan,Carp,1874,,Benthic omnivore
1938,Michigan,Channel Catfish,9,IL and IN:  Catfish catches not reported for Illinois and Indiana except in 1954 and 1969-1977 when less than 500 pounds taken from Indiana waters,Benthic omnivore
1938,Michigan,Channel Catfish and Bullheads,76,,Benthic omnivore
1938,Michigan,Chubs,5404,,Planktivore
1938,Michigan,Cisco,4478,,Planktivore
1938,Michigan,Freshwater Drum,4,,Benthic invertivore
1938,Michigan,Lake Trout,4905,,Piscivore
1938,Michigan,Lake Whitefish,1259,,Benthic invertivore
1938,Michigan,Northern Pike,18,"IL and IN: Northern pike catches reported for Illinois and Indiana except in 1899, 1903, 1917, 1922, 1949, 1959, 1968, 1970 and 1971 when less than 500 pounds taken from Indiana waters, and in 1967 when less than 500 pounds were taken from Illinois waters.",Piscivore
1938,Michigan,Rainbow Smelt,1854,,Planktivore
1938,Michigan,Round Whitefish,76,,Benthic invertivore
1938,Michigan,Suckers,1858,,Benthic omnivore
1938,Michigan,Walleye,50,,Piscivore
1938,Michigan,Yellow Perch,2203,,Invertivore
1939,Michigan,Bullheads,102,"IL and IN:  Bullhead catches not reported for Indiana and Illinois waters, except when less than 500 pounds was taken in 1967 and 1970 by Illinois and 1,000 pounds taken by Indiana commercial fishers in 1970.",Benthic omnivore
1939,Michigan,Burbot,42,,Piscivore
1939,Michigan,Carp,1689,,Benthic omnivore
1939,Michigan,Channel Catfish,23,IL and IN:  Catfish catches not reported for Illinois and Indiana except in 1954 and 1969-1977 when less than 500 pounds taken from Indiana waters,Benthic omnivore
1939,Michigan,Channel Catfish and Bullheads,124,,Benthic omnivore
1939,Michigan,Chubs,4025,,Planktivore
1939,Michigan,Cisco,2909,,Planktivore
1939,Michigan,Freshwater Drum,15,,Benthic invertivore
1939,Michigan,Lake Trout,5660,,Piscivore
1939,Michigan,Lake Whitefish,951,,Benthic invertivore
1939,Michigan,Northern Pike,40,"IL and IN: Northern pike catches reported for Illinois and Indiana except in 1899, 1903, 1917, 1922, 1949, 1959, 1968, 1970 and 1971 when less than 500 pounds taken from Indiana waters, and in 1967 when less than 500 pounds were taken from Illinois waters.",Piscivore
1939,Michigan,Rainbow Smelt,1992,,Planktivore
1939,Michigan,Round Whitefish,47,,Benthic invertivore
1939,Michigan,Suckers,1853,,Benthic omnivore
1939,Michigan,Walleye,46,,Piscivore
1939,Michigan,Yellow Perch,3090,,Invertivore
1940,Michigan,Bullheads,78,"IL and IN:  Bullhead catches not reported for Indiana and Illinois waters, except when less than 500 pounds was taken in 1967 and 1970 by Illinois and 1,000 pounds taken by Indiana commercial fishers in 1970.",Benthic omnivore
1940,Michigan,Burbot,35,,Piscivore
1940,Michigan,Carp,1978,,Benthic omnivore
1940,Michigan,Channel Catfish,49,IL and IN:  Catfish catches not reported for Illinois and Indiana except in 1954 and 1969-1977 when less than 500 pounds taken from Indiana waters,Benthic omnivore
1940,Michigan,Channel Catfish and Bullheads,127,,Benthic omnivore
1940,Michigan,Chubs,1648,,Planktivore
1940,Michigan,Cisco,2674,,Planktivore
1940,Michigan,Freshwater Drum,23,,Benthic invertivore
1940,Michigan,Lake Trout,6265,,Piscivore
1940,Michigan,Lake Whitefish,955,,Benthic invertivore
1940,Michigan,Northern Pike,7,"MI Totals: Commercial fishing for northern pike prohibited in Michigan waters. IL and IN: Northern pike catches reported for Illinois and Indiana except in 1899, 1903, 1917, 1922, 1949, 1959, 1968, 1970 and 1971 when less than 500 pounds taken from Indiana waters, and in 1967 when less than 500 pounds were taken from Illinois waters.",Piscivore
1940,Michigan,Rainbow Smelt,4209,,Planktivore
1940,Michigan,Round Whitefish,42,,Benthic invertivore
1940,Michigan,Suckers,2016,,Benthic omnivore
1940,Michigan,Walleye,43,,Piscivore
1940,Michigan,Yellow Perch,2575,,Invertivore
1941,Michigan,Bullheads,84,"IL and IN:  Bullhead catches not reported for Indiana and Illinois waters, except when less than 500 pounds was taken in 1967 and 1970 by Illinois and 1,000 pounds taken by Indiana commercial fishers in 1970.",Benthic omnivore
1941,Michigan,Burbot,42,,Piscivore
1941,Michigan,Carp,2057,,Benthic omnivore
1941,Michigan,Channel Catfish,39,IL and IN:  Catfish catches not reported for Illinois and Indiana except in 1954 and 1969-1977 when less than 500 pounds taken from Indiana waters,Benthic omnivore
1941,Michigan,Channel Catfish and Bullheads,125,,Benthic omnivore
1941,Michigan,Chubs,1629,,Planktivore
1941,Michigan,Cisco,1703,,Planktivore
1941,Michigan,Freshwater Drum,52,,Benthic invertivore
1941,Michigan,Lake Trout,6787,,Piscivore
1941,Michigan,Lake Whitefish,1301,,Benthic invertivore
1941,Michigan,Northern Pike,1,"MI Totals: Commercial fishing for northern pike prohibited in Michigan waters. IL and IN: Northern pike catches reported for Illinois and Indiana except in 1899, 1903, 1917, 1922, 1949, 1959, 1968, 1970 and 1971 when less than 500 pounds taken from Indiana waters, and in 1967 when less than 500 pounds were taken from Illinois waters.",Piscivore
1941,Michigan,Rainbow Smelt,4775,,Planktivore
1941,Michigan,Round Whitefish,61,,Benthic invertivore
1941,Michigan,Suckers,1934,,Benthic omnivore
1941,Michigan,Walleye,44,,Piscivore
1941,Michigan,Yellow Perch,2415,,Invertivore
1942,Michigan,Bullheads,101,"IL and IN:  Bullhead catches not reported for Indiana and Illinois waters, except when less than 500 pounds was taken in 1967 and 1970 by Illinois and 1,000 pounds taken by Indiana commercial fishers in 1970.",Benthic omnivore
1942,Michigan,Burbot,46,,Piscivore
1942,Michigan,Carp,1746,,Benthic omnivore
1942,Michigan,Channel Catfish,67,IL and IN:  Catfish catches not reported for Illinois and Indiana except in 1954 and 1969-1977 when less than 500 pounds taken from Indiana waters,Benthic omnivore
1942,Michigan,Channel Catfish and Bullheads,168,,Benthic omnivore
1942,Michigan,Chubs,1755,,Planktivore
1942,Michigan,Cisco,1427,,Planktivore
1942,Michigan,Freshwater Drum,82,,Benthic invertivore
1942,Michigan,Lake Trout,6485,,Piscivore
1942,Michigan,Lake Whitefish,1340,,Benthic invertivore
1942,Michigan,Northern Pike,16,"MI Totals: Commercial fishing for northern pike prohibited in Michigan waters. IL and IN: Northern pike catches reported for Illinois and Indiana except in 1899, 1903, 1917, 1922, 1949, 1959, 1968, 1970 and 1971 when less than 500 pounds taken from Indiana waters, and in 1967 when less than 500 pounds were taken from Illinois waters.",Piscivore
1942,Michigan,Rainbow Smelt,3353,,Planktivore
1942,Michigan,Round Whitefish,61,,Benthic invertivore
1942,Michigan,Suckers,2251,,Benthic omnivore
1942,Michigan,Walleye,31,,Piscivore
1942,Michigan,Yellow Perch,2648,,Invertivore
1943,Michigan,Bullheads,106,"IL and IN:  Bullhead catches not reported for Indiana and Illinois waters, except when less than 500 pounds was taken in 1967 and 1970 by Illinois and 1,000 pounds taken by Indiana commercial fishers in 1970.",Benthic omnivore
1943,Michigan,Burbot,58,,Piscivore
1943,Michigan,Carp,1511,,Benthic omnivore
1943,Michigan,Channel Catfish,96,IL and IN:  Catfish catches not reported for Illinois and Indiana except in 1954 and 1969-1977 when less than 500 pounds taken from Indiana waters,Benthic omnivore
1943,Michigan,Channel Catfish and Bullheads,203,,Benthic omnivore
1943,Michigan,Chubs,2213,,Planktivore
1943,Michigan,Cisco,1952,,Planktivore
1943,Michigan,Freshwater Drum,133,,Benthic invertivore
1943,Michigan,Lake Trout,6860,,Piscivore
1943,Michigan,Lake Whitefish,1407,,Benthic invertivore
1943,Michigan,Northern Pike,32,"MI Totals: Commercial fishing for northern pike prohibited in Michigan waters. IL and IN: Northern pike catches reported for Illinois and Indiana except in 1899, 1903, 1917, 1922, 1949, 1959, 1968, 1970 and 1971 when less than 500 pounds taken from Indiana waters, and in 1967 when less than 500 pounds were taken from Illinois waters.",Piscivore
1943,Michigan,Rainbow Smelt,2225,,Planktivore
1943,Michigan,Round Whitefish,189,,Benthic invertivore
1943,Michigan,Suckers,2201,,Benthic omnivore
1943,Michigan,Walleye,51,,Piscivore
1943,Michigan,Yellow Perch,3135,,Invertivore
1944,Michigan,Bullheads,165,"IL and IN:  Bullhead catches not reported for Indiana and Illinois waters, except when less than 500 pounds was taken in 1967 and 1970 by Illinois and 1,000 pounds taken by Indiana commercial fishers in 1970.",Benthic omnivore
1944,Michigan,Burbot,41,,Piscivore
1944,Michigan,Carp,1217,,Benthic omnivore
1944,Michigan,Channel Catfish,62,IL and IN:  Catfish catches not reported for Illinois and Indiana except in 1954 and 1969-1977 when less than 500 pounds taken from Indiana waters,Benthic omnivore
1944,Michigan,Channel Catfish and Bullheads,227,,Benthic omnivore
1944,Michigan,Chubs,2608,,Planktivore
1944,Michigan,Cisco,1393,,Planktivore
1944,Michigan,Freshwater Drum,139,,Benthic invertivore
1944,Michigan,Lake Trout,6497,,Piscivore
1944,Michigan,Lake Whitefish,1753,,Benthic invertivore
1944,Michigan,Northern Pike,45,"MI Totals: Commercial fishing for northern pike prohibited in Michigan waters. IL and IN: Northern pike catches reported for Illinois and Indiana except in 1899, 1903, 1917, 1922, 1949, 1959, 1968, 1970 and 1971 when less than 500 pounds taken from Indiana waters, and in 1967 when less than 500 pounds were taken from Illinois waters.",Piscivore
1944,Michigan,Rainbow Smelt,4,,Planktivore
1944,Michigan,Round Whitefish,150,,Benthic invertivore
1944,Michigan,Suckers,2223,,Benthic omnivore
1944,Michigan,Walleye,76,,Piscivore
1944,Michigan,Yellow Perch,2873,,Invertivore
1945,Michigan,Bullheads,9,"IL and IN:  Bullhead catches not reported for Indiana and Illinois waters, except when less than 500 pounds was taken in 1967 and 1970 by Illinois and 1,000 pounds taken by Indiana commercial fishers in 1970.",Benthic omnivore
1945,Michigan,Burbot,79,,Piscivore
1945,Michigan,Carp,1833,,Benthic omnivore
1945,Michigan,Channel Catfish,4,IL and IN:  Catfish catches not reported for Illinois and Indiana except in 1954 and 1969-1977 when less than 500 pounds taken from Indiana waters,Benthic omnivore
1945,Michigan,Channel Catfish and Bullheads,387,,Benthic omnivore
1945,Michigan,Chubs,4222,,Planktivore
1945,Michigan,Cisco,4030,,Planktivore
1945,Michigan,Freshwater Drum,137,,Benthic invertivore
1945,Michigan,Lake Trout,5438,,Piscivore
1945,Michigan,Lake Whitefish,1658,,Benthic invertivore
1945,Michigan,Northern Pike,50,"MI Totals: Commercial fishing for northern pike prohibited in Michigan waters. IL and IN: Northern pike catches reported for Illinois and Indiana except in 1899, 1903, 1917, 1922, 1949, 1959, 1968, 1970 and 1971 when less than 500 pounds taken from Indiana waters, and in 1967 when less than 500 pounds were taken from Illinois waters.",Piscivore
1945,Michigan,Rainbow Smelt,102,,Planktivore
1945,Michigan,Round Whitefish,124,,Benthic invertivore
1945,Michigan,Suckers,2373,,Benthic omnivore
1945,Michigan,Walleye,171,,Piscivore
1945,Michigan,Yellow Perch,1468,,Invertivore
1946,Michigan,Bullheads,186,"IL and IN:  Bullhead catches not reported for Indiana and Illinois waters, except when less than 500 pounds was taken in 1967 and 1970 by Illinois and 1,000 pounds taken by Indiana commercial fishers in 1970.",Benthic omnivore
1946,Michigan,Burbot,65,,Piscivore
1946,Michigan,Carp,1272,,Benthic omnivore
1946,Michigan,Channel Catfish,91,IL and IN:  Catfish catches not reported for Illinois and Indiana except in 1954 and 1969-1977 when less than 500 pounds taken from Indiana waters,Benthic omnivore
1946,Michigan,Chubs,4524,,Planktivore
1946,Michigan,Cisco,5550,,Planktivore
1946,Michigan,Freshwater Drum,116,,Benthic invertivore
1946,Michigan,Lake Trout,3975,,Piscivore
1946,Michigan,Lake Whitefish,2557,,Benthic invertivore
1946,Michigan,Northern Pike,16,"MI Totals: Commercial fishing for northern pike prohibited in Michigan waters. IL and IN: Northern pike catches reported for Illinois and Indiana except in 1899, 1903, 1917, 1922, 1949, 1959, 1968, 1970 and 1971 when less than 500 pounds taken from Indiana waters, and in 1967 when less than 500 pounds were taken from Illinois waters.",Piscivore
1946,Michigan,Rainbow Smelt,267,,Planktivore
1946,Michigan,Round Whitefish,161,,Benthic invertivore
1946,Michigan,Suckers,1895,,Benthic omnivore
1946,Michigan,Walleye,237,,Piscivore
1946,Michigan,Yellow Perch,1473,,Invertivore
1947,Michigan,Bullheads,229,"IL and IN:  Bullhead catches not reported for Indiana and Illinois waters, except when less than 500 pounds was taken in 1967 and 1970 by Illinois and 1,000 pounds taken by Indiana commercial fishers in 1970.",Benthic omnivore
1947,Michigan,Burbot,73,,Piscivore
1947,Michigan,Carp,1032,,Benthic omnivore
1947,Michigan,Channel Catfish,39,IL and IN:  Catfish catches not reported for Illinois and Indiana except in 1954 and 1969-1977 when less than 500 pounds taken from Indiana waters,Benthic omnivore
1947,Michigan,Chubs,5087,,Planktivore
1947,Michigan,Cisco,5834,,Planktivore
1947,Michigan,Freshwater Drum,79,,Benthic invertivore
1947,Michigan,Lake Trout,2426,,Piscivore
1947,Michigan,Lake Whitefish,5825,,Benthic invertivore
1947,Michigan,Northern Pike,30,"IL and IN: Northern pike catches reported for Illinois and Indiana except in 1899, 1903, 1917, 1922, 1949, 1959, 1968, 1970 and 1971 when less than 500 pounds taken from Indiana waters, and in 1967 when less than 500 pounds were taken from Illinois waters.",Piscivore
1947,Michigan,Rainbow Smelt,787,,Planktivore
1947,Michigan,Round Whitefish,101,,Benthic invertivore
1947,Michigan,Suckers,1621,,Benthic omnivore
1947,Michigan,Walleye,366,,Piscivore
1947,Michigan,Yellow Perch,1400,,Invertivore
1948,Michigan,Bullheads,115,"IL and IN:  Bullhead catches not reported for Indiana and Illinois waters, except when less than 500 pounds was taken in 1967 and 1970 by Illinois and 1,000 pounds taken by Indiana commercial fishers in 1970.",Benthic omnivore
1948,Michigan,Burbot,88,,Piscivore
1948,Michigan,Carp,1095,,Benthic omnivore
1948,Michigan,Channel Catfish,26,IL and IN:  Catfish catches not reported for Illinois and Indiana except in 1954 and 1969-1977 when less than 500 pounds taken from Indiana waters,Benthic omnivore
1948,Michigan,Chubs,5929,,Planktivore
1948,Michigan,Cisco,8029,,Planktivore
1948,Michigan,Freshwater Drum,57,,Benthic invertivore
1948,Michigan,Lake Trout,1196,,Piscivore
1948,Michigan,Lake Whitefish,5248,,Benthic invertivore
1948,Michigan,Northern Pike,35,"IL and IN: Northern pike catches reported for Illinois and Indiana except in 1899, 1903, 1917, 1922, 1949, 1959, 1968, 1970 and 1971 when less than 500 pounds taken from Indiana waters, and in 1967 when less than 500 pounds were taken from Illinois waters.",Piscivore
1948,Michigan,Rainbow Smelt,1131,,Planktivore
1948,Michigan,Round Whitefish,110,,Benthic invertivore
1948,Michigan,Suckers,1805,,Benthic omnivore
1948,Michigan,Walleye,636,,Piscivore
1948,Michigan,Yellow Perch,1514,,Invertivore
1949,Michigan,Bullheads,94,"IL and IN:  Bullhead catches not reported for Indiana and Illinois waters, except when less than 500 pounds was taken in 1967 and 1970 by Illinois and 1,000 pounds taken by Indiana commercial fishers in 1970.",Benthic omnivore
1949,Michigan,Burbot,28,,Piscivore
1949,Michigan,Carp,1361,,Benthic omnivore
1949,Michigan,Channel Catfish,27,IL and IN:  Catfish catches not reported for Illinois and Indiana except in 1954 and 1969-1977 when less than 500 pounds taken from Indiana waters,Benthic omnivore
1949,Michigan,Chubs,7411,,Planktivore
1949,Michigan,Cisco,6778,,Planktivore
1949,Michigan,Freshwater Drum,41,,Benthic invertivore
1949,Michigan,Lake Trout,342,,Piscivore
1949,Michigan,Lake Whitefish,3492,,Benthic invertivore
1949,Michigan,Northern Pike,30,"IL and IN: Northern pike catches reported for Illinois and Indiana except in 1899, 1903, 1917, 1922, 1949, 1959, 1968, 1970 and 1971 when less than 500 pounds taken from Indiana waters, and in 1967 when less than 500 pounds were taken from Illinois waters.",Piscivore
1949,Michigan,Rainbow Smelt,1539,,Planktivore
1949,Michigan,Round Whitefish,106,,Benthic invertivore
1949,Michigan,Suckers,1811,,Benthic omnivore
1949,Michigan,Walleye,1120,,Piscivore
1949,Michigan,Yellow Perch,1377,,Invertivore
1950,Michigan,Bullheads,62,"IL and IN:  Bullhead catches not reported for Indiana and Illinois waters, except when less than 500 pounds was taken in 1967 and 1970 by Illinois and 1,000 pounds taken by Indiana commercial fishers in 1970.",Benthic omnivore
1950,Michigan,Burbot,16,,Piscivore
1950,Michigan,Carp,1147,,Benthic omnivore
1950,Michigan,Channel Catfish,22,IL and IN:  Catfish catches not reported for Illinois and Indiana except in 1954 and 1969-1977 when less than 500 pounds taken from Indiana waters,Benthic omnivore
1950,Michigan,Chubs,9291,,Planktivore
1950,Michigan,Cisco,7492,,Planktivore
1950,Michigan,Freshwater Drum,23,,Benthic invertivore
1950,Michigan,Lake Trout,54,,Piscivore
1950,Michigan,Lake Whitefish,2361,,Benthic invertivore
1950,Michigan,Northern Pike,16,"IL and IN: Northern pike catches reported for Illinois and Indiana except in 1899, 1903, 1917, 1922, 1949, 1959, 1968, 1970 and 1971 when less than 500 pounds taken from Indiana waters, and in 1967 when less than 500 pounds were taken from Illinois waters.",Piscivore
1950,Michigan,Rainbow Smelt,2417,,Planktivore
1950,Michigan,Round Whitefish,110,,Benthic invertivore
1950,Michigan,Suckers,1228,,Benthic omnivore
1950,Michigan,Walleye,1349,,Piscivore
1950,Michigan,Yellow Perch,1483,,Invertivore
1951,Michigan,Bullheads,42,"IL and IN:  Bullhead catches not reported for Indiana and Illinois waters, except when less than 500 pounds was taken in 1967 and 1970 by Illinois and 1,000 pounds taken by Indiana commercial fishers in 1970.",Benthic omnivore
1951,Michigan,Burbot,16,,Piscivore
1951,Michigan,Carp,1136,,Benthic omnivore
1951,Michigan,Channel Catfish,9,IL and IN:  Catfish catches not reported for Illinois and Indiana except in 1954 and 1969-1977 when less than 500 pounds taken from Indiana waters,Benthic omnivore
1951,Michigan,Chubs,10301,,Planktivore
1951,Michigan,Cisco,8374,,Planktivore
1951,Michigan,Freshwater Drum,22,,Benthic invertivore
1951,Michigan,Lake Sturgeon,0,"All: Commercial fishing for Lake Sturgeon prohibited in Michigan waters from 1929-1950, and in the waters of other states since 1929.",Benthic invertivore
1951,Michigan,Lake Trout,11,,Piscivore
1951,Michigan,Lake Whitefish,1213,,Benthic invertivore
1951,Michigan,Northern Pike,16,"IL and IN: Northern pike catches reported for Illinois and Indiana except in 1899, 1903, 1917, 1922, 1949, 1959, 1968, 1970 and 1971 when less than 500 pounds taken from Indiana waters, and in 1967 when less than 500 pounds were taken from Illinois waters.",Piscivore
1951,Michigan,Rainbow Smelt,3399,,Planktivore
1951,Michigan,Round Whitefish,95,,Benthic invertivore
1951,Michigan,Suckers,1008,,Benthic omnivore
1951,Michigan,Walleye,561,,Piscivore
1951,Michigan,Yellow Perch,1442,,Invertivore
1952,Michigan,Bullheads,51,"IL and IN:  Bullhead catches not reported for Indiana and Illinois waters, except when less than 500 pounds was taken in 1967 and 1970 by Illinois and 1,000 pounds taken by Indiana commercial fishers in 1970.",Benthic omnivore
1952,Michigan,Burbot,9,,Piscivore
1952,Michigan,Carp,1106,,Benthic omnivore
1952,Michigan,Channel Catfish,8,IL and IN:  Catfish catches not reported for Illinois and Indiana except in 1954 and 1969-1977 when less than 500 pounds taken from Indiana waters,Benthic omnivore
1952,Michigan,Chubs,11097,,Planktivore
1952,Michigan,Cisco,9692,,Planktivore
1952,Michigan,Freshwater Drum,18,,Benthic invertivore
1952,Michigan,Lake Sturgeon,3,"All: Commercial fishing for Lake Sturgeon prohibited in Michigan waters from 1929-1950, and in the waters of other states since 1929.",Benthic invertivore
1952,Michigan,Lake Trout,3,,Piscivore
1952,Michigan,Lake Whitefish,1771,,Benthic invertivore
1952,Michigan,Northern Pike,68,"IL and IN: Northern pike catches reported for Illinois and Indiana except in 1899, 1903, 1917, 1922, 1949, 1959, 1968, 1970 and 1971 when less than 500 pounds taken from Indiana waters, and in 1967 when less than 500 pounds were taken from Illinois waters.",Piscivore
1952,Michigan,Rainbow Smelt,5112,,Planktivore
1952,Michigan,Round Whitefish,117,,Benthic invertivore
1952,Michigan,Suckers,744,,Benthic omnivore
1952,Michigan,Walleye,301,,Piscivore
1952,Michigan,Yellow Perch,1957,,Invertivore
1953,Michigan,Bullheads,72,"IL and IN:  Bullhead catches not reported for Indiana and Illinois waters, except when less than 500 pounds was taken in 1967 and 1970 by Illinois and 1,000 pounds taken by Indiana commercial fishers in 1970.",Benthic omnivore
1953,Michigan,Burbot,8,,Piscivore
1953,Michigan,Carp,1117,,Benthic omnivore
1953,Michigan,Channel Catfish,5,IL and IN:  Catfish catches not reported for Illinois and Indiana except in 1954 and 1969-1977 when less than 500 pounds taken from Indiana waters,Benthic omnivore
1953,Michigan,Chubs,11151,,Planktivore
1953,Michigan,Cisco,6715,,Planktivore
1953,Michigan,Freshwater Drum,16,,Benthic invertivore
1953,Michigan,Lake Sturgeon,5,"All: Commercial fishing for Lake Sturgeon prohibited in Michigan waters from 1929-1950, and in the waters of other states since 1929.",Benthic invertivore
1953,Michigan,Lake Trout,0,,Piscivore
1953,Michigan,Lake Whitefish,1047,,Benthic invertivore
1953,Michigan,Northern Pike,122,"IL and IN: Northern pike catches reported for Illinois and Indiana except in 1899, 1903, 1917, 1922, 1949, 1959, 1968, 1970 and 1971 when less than 500 pounds taken from Indiana waters, and in 1967 when less than 500 pounds were taken from Illinois waters.",Piscivore
1953,Michigan,Rainbow Smelt,5182,,Planktivore
1953,Michigan,Round Whitefish,30,,Benthic invertivore
1953,Michigan,Suckers,820,,Benthic omnivore
1953,Michigan,Walleye,306,,Piscivore
1953,Michigan,Yellow Perch,2236,,Invertivore
1954,Michigan,Bullheads,104,"IL and IN:  Bullhead catches not reported for Indiana and Illinois waters, except when less than 500 pounds was taken in 1967 and 1970 by Illinois and 1,000 pounds taken by Indiana commercial fishers in 1970.",Benthic omnivore
1954,Michigan,Burbot,26,,Piscivore
1954,Michigan,Carp,1343,,Benthic omnivore
1954,Michigan,Channel Catfish,9,IL and IN:  Catfish catches not reported for Illinois and Indiana except in 1954 and 1969-1977 when less than 500 pounds taken from Indiana waters,Benthic omnivore
1954,Michigan,Chubs,10568,,Planktivore
1954,Michigan,Cisco,7728,,Planktivore
1954,Michigan,Freshwater Drum,10,,Benthic invertivore
1954,Michigan,Lake Sturgeon,2,"All: Commercial fishing for Lake Sturgeon prohibited in Michigan waters from 1929-1950, and in the waters of other states since 1929.",Benthic invertivore
1954,Michigan,Lake Trout,0,,Piscivore
1954,Michigan,Lake Whitefish,789,,Benthic invertivore
1954,Michigan,Northern Pike,57,"IL and IN: Northern pike catches reported for Illinois and Indiana except in 1899, 1903, 1917, 1922, 1949, 1959, 1968, 1970 and 1971 when less than 500 pounds taken from Indiana waters, and in 1967 when less than 500 pounds were taken from Illinois waters.",Piscivore
1954,Michigan,Rainbow Smelt,5811,,Planktivore
1954,Michigan,Round Whitefish,24,,Benthic invertivore
1954,Michigan,Suckers,609,,Benthic omnivore
1954,Michigan,Walleye,509,,Piscivore
1954,Michigan,Yellow Perch,2696,,Invertivore
1955,Michigan,Bullheads,96,"IL and IN:  Bullhead catches not reported for Indiana and Illinois waters, except when less than 500 pounds was taken in 1967 and 1970 by Illinois and 1,000 pounds taken by Indiana commercial fishers in 1970.",Benthic omnivore
1955,Michigan,Burbot,23,,Piscivore
1955,Michigan,Carp,1856,,Benthic omnivore
1955,Michigan,Channel Catfish,4,IL and IN:  Catfish catches not reported for Illinois and Indiana except in 1954 and 1969-1977 when less than 500 pounds taken from Indiana waters,Benthic omnivore
1955,Michigan,Chubs,10895,,Planktivore
1955,Michigan,Cisco,6087,,Planktivore
1955,Michigan,Freshwater Drum,5,,Benthic invertivore
1955,Michigan,Lake Sturgeon,2,"All: Commercial fishing for Lake Sturgeon prohibited in Michigan waters from 1929-1950, and in the waters of other states since 1929.",Benthic invertivore
1955,Michigan,Lake Trout,0,,Piscivore
1955,Michigan,Lake Whitefish,375,,Benthic invertivore
1955,Michigan,Northern Pike,45,"IL and IN: Northern pike catches reported for Illinois and Indiana except in 1899, 1903, 1917, 1922, 1949, 1959, 1968, 1970 and 1971 when less than 500 pounds taken from Indiana waters, and in 1967 when less than 500 pounds were taken from Illinois waters.",Piscivore
1955,Michigan,Rainbow Smelt,5416,,Planktivore
1955,Michigan,Round Whitefish,16,,Benthic invertivore
1955,Michigan,Suckers,684,,Benthic omnivore
1955,Michigan,Walleye,976,,Piscivore
1955,Michigan,Yellow Perch,3550,,Invertivore
1956,Michigan,Alewife,0,,Planktivore
1956,Michigan,Bullheads,46,"IL and IN:  Bullhead catches not reported for Indiana and Illinois waters, except when less than 500 pounds was taken in 1967 and 1970 by Illinois and 1,000 pounds taken by Indiana commercial fishers in 1970.",Benthic omnivore
1956,Michigan,Burbot,15,,Piscivore
1956,Michigan,Carp,1851,,Benthic omnivore
1956,Michigan,Channel Catfish,8,IL and IN:  Catfish catches not reported for Illinois and Indiana except in 1954 and 1969-1977 when less than 500 pounds taken from Indiana waters,Benthic omnivore
1956,Michigan,Chubs,10913,,Planktivore
1956,Michigan,Cisco,5731,,Planktivore
1956,Michigan,Freshwater Drum,6,,Benthic invertivore
1956,Michigan,Lake Sturgeon,1,"All: Commercial fishing for Lake Sturgeon prohibited in Michigan waters from 1929-1950, and in the waters of other states since 1929.",Benthic invertivore
1956,Michigan,Lake Trout,0,,Piscivore
1956,Michigan,Lake Whitefish,57,,Benthic invertivore
1956,Michigan,Northern Pike,26,"IL and IN: Northern pike catches reported for Illinois and Indiana except in 1899, 1903, 1917, 1922, 1949, 1959, 1968, 1970 and 1971 when less than 500 pounds taken from Indiana waters, and in 1967 when less than 500 pounds were taken from Illinois waters.",Piscivore
1956,Michigan,Rainbow Smelt,7368,,Planktivore
1956,Michigan,Round Whitefish,11,,Benthic invertivore
1956,Michigan,Suckers,639,,Benthic omnivore
1956,Michigan,Walleye,800,,Piscivore
1956,Michigan,Yellow Perch,3320,,Invertivore
1957,Michigan,Alewife,221,,Planktivore
1957,Michigan,Bullheads,32,"IL and IN:  Bullhead catches not reported for Indiana and Illinois waters, except when less than 500 pounds was taken in 1967 and 1970 by Illinois and 1,000 pounds taken by Indiana commercial fishers in 1970.",Benthic omnivore
1957,Michigan,Burbot,22,,Piscivore
1957,Michigan,Carp,2041,,Benthic omnivore
1957,Michigan,Channel Catfish,5,IL and IN:  Catfish catches not reported for Illinois and Indiana except in 1954 and 1969-1977 when less than 500 pounds taken from Indiana waters,Benthic omnivore
1957,Michigan,Chubs,10545,,Planktivore
1957,Michigan,Cisco,3384,,Planktivore
1957,Michigan,Freshwater Drum,1,,Benthic invertivore
1957,Michigan,Lake Sturgeon,1,"All: Commercial fishing for Lake Sturgeon prohibited in Michigan waters from 1929-1950, and in the waters of other states since 1929.",Benthic invertivore
1957,Michigan,Lake Trout,0,,Piscivore
1957,Michigan,Lake Whitefish,24,,Benthic invertivore
1957,Michigan,Northern Pike,15,"IL and IN: Northern pike catches reported for Illinois and Indiana except in 1899, 1903, 1917, 1922, 1949, 1959, 1968, 1970 and 1971 when less than 500 pounds taken from Indiana waters, and in 1967 when less than 500 pounds were taken from Illinois waters.",Piscivore
1957,Michigan,Rainbow Smelt,7024,,Planktivore
1957,Michigan,Round Whitefish,9,,Benthic invertivore
1957,Michigan,Suckers,641,,Benthic omnivore
1957,Michigan,Walleye,267,,Piscivore
1957,Michigan,Yellow Perch,2988,,Invertivore
1958,Michigan,Alewife,1357,,Planktivore
1958,Michigan,Bullheads,23,"IL and IN:  Bullhead catches not reported for Indiana and Illinois waters, except when less than 500 pounds was taken in 1967 and 1970 by Illinois and 1,000 pounds taken by Indiana commercial fishers in 1970.",Benthic omnivore
1958,Michigan,Burbot,21,,Piscivore
1958,Michigan,Carp,1242,,Benthic omnivore
1958,Michigan,Channel Catfish,1,IL and IN:  Catfish catches not reported for Illinois and Indiana except in 1954 and 1969-1977 when less than 500 pounds taken from Indiana waters,Benthic omnivore
1958,Michigan,Chubs,9583,,Planktivore
1958,Michigan,Cisco,2026,,Planktivore
1958,Michigan,Freshwater Drum,3,,Benthic invertivore
1958,Michigan,Lake Sturgeon,1,"All: Commercial fishing for Lake Sturgeon prohibited in Michigan waters from 1929-1950, and in the waters of other states since 1929.",Benthic invertivore
1958,Michigan,Lake Trout,0,,Piscivore
1958,Michigan,Lake Whitefish,49,,Benthic invertivore
1958,Michigan,Northern Pike,18,"IL and IN: Northern pike catches reported for Illinois and Indiana except in 1899, 1903, 1917, 1922, 1949, 1959, 1968, 1970 and 1971 when less than 500 pounds taken from Indiana waters, and in 1967 when less than 500 pounds were taken from Illinois waters.",Piscivore
1958,Michigan,Rainbow Smelt,9102,,Planktivore
1958,Michigan,Round Whitefish,2,,Benthic invertivore
1958,Michigan,Suckers,685,,Benthic omnivore
1958,Michigan,Walleye,217,,Piscivore
1958,Michigan,Yellow Perch,3441,,Invertivore
1959,Michigan,Alewife,1264,,Planktivore
1959,Michigan,Bullheads,6,"IL and IN:  Bullhead catches not reported for Indiana and Illinois waters, except when less than 500 pounds was taken in 1967 and 1970 by Illinois and 1,000 pounds taken by Indiana commercial fishers in 1970.",Benthic omnivore
1959,Michigan,Burbot,7,,Piscivore
1959,Michigan,Carp,1937,,Benthic omnivore
1959,Michigan,Channel Catfish,0,IL and IN:  Catfish catches not reported for Illinois and Indiana except in 1954 and 1969-1977 when less than 500 pounds taken from Indiana waters,Benthic omnivore
1959,Michigan,Chubs,7795,,Planktivore
1959,Michigan,Cisco,968,,Planktivore
1959,Michigan,Freshwater Drum,0,,Benthic invertivore
1959,Michigan,Lake Sturgeon,1,"All: Commercial fishing for Lake Sturgeon prohibited in Michigan waters from 1929-1950, and in the waters of other states since 1929.",Benthic invertivore
1959,Michigan,Lake Trout,0,,Piscivore
1959,Michigan,Lake Whitefish,30,,Benthic invertivore
1959,Michigan,Northern Pike,12,"IL and IN: Northern pike catches reported for Illinois and Indiana except in 1899, 1903, 1917, 1922, 1949, 1959, 1968, 1970 and 1971 when less than 500 pounds taken from Indiana waters, and in 1967 when less than 500 pounds were taken from Illinois waters.",Piscivore
1959,Michigan,Rainbow Smelt,6004,,Planktivore
1959,Michigan,Round Whitefish,9,,Benthic invertivore
1959,Michigan,Suckers,612,,Benthic omnivore
1959,Michigan,Walleye,182,,Piscivore
1959,Michigan,Yellow Perch,1977,,Invertivore
1960,Michigan,Alewife,2370,,Planktivore
1960,Michigan,Bullheads,14,"IL and IN:  Bullhead catches not reported for Indiana and Illinois waters, except when less than 500 pounds was taken in 1967 and 1970 by Illinois and 1,000 pounds taken by Indiana commercial fishers in 1970.",Benthic omnivore
1960,Michigan,Burbot,2,,Piscivore
1960,Michigan,Carp,1415,,Benthic omnivore
1960,Michigan,Channel Catfish,2,IL and IN:  Catfish catches not reported for Illinois and Indiana except in 1954 and 1969-1977 when less than 500 pounds taken from Indiana waters,Benthic omnivore
1960,Michigan,Chubs,12659,,Planktivore
1960,Michigan,Cisco,233,,Planktivore
1960,Michigan,Freshwater Drum,7,,Benthic invertivore
1960,Michigan,Lake Sturgeon,1,"All: Commercial fishing for Lake Sturgeon prohibited in Michigan waters from 1929-1950, and in the waters of other states since 1929.",Benthic invertivore
1960,Michigan,Lake Trout,0,,Piscivore
1960,Michigan,Lake Whitefish,124,,Benthic invertivore
1960,Michigan,Northern Pike,35,"IL and IN: Northern pike catches reported for Illinois and Indiana except in 1899, 1903, 1917, 1922, 1949, 1959, 1968, 1970 and 1971 when less than 500 pounds taken from Indiana waters, and in 1967 when less than 500 pounds were taken from Illinois waters.",Piscivore
1960,Michigan,Rainbow Smelt,3267,,Planktivore
1960,Michigan,Round Whitefish,6,,Benthic invertivore
1960,Michigan,Suckers,767,,Benthic omnivore
1960,Michigan,Walleye,118,,Piscivore
1960,Michigan,Yellow Perch,3285,,Invertivore
1961,Michigan,Alewife,3199,,Planktivore
1961,Michigan,Bullheads,33,"IL and IN:  Bullhead catches not reported for Indiana and Illinois waters, except when less than 500 pounds was taken in 1967 and 1970 by Illinois and 1,000 pounds taken by Indiana commercial fishers in 1970.",Benthic omnivore
1961,Michigan,Burbot,6,,Piscivore
1961,Michigan,Carp,1842,,Benthic omnivore
1961,Michigan,Channel Catfish,0,IL and IN:  Catfish catches not reported for Illinois and Indiana except in 1954 and 1969-1977 when less than 500 pounds taken from Indiana waters,Benthic omnivore
1961,Michigan,Chubs,12133,,Planktivore
1961,Michigan,Cisco,177,,Planktivore
1961,Michigan,Freshwater Drum,2,,Benthic invertivore
1961,Michigan,Lake Sturgeon,2,"All: Commercial fishing for Lake Sturgeon prohibited in Michigan waters from 1929-1950, and in the waters of other states since 1929.",Benthic invertivore
1961,Michigan,Lake Trout,0,,Piscivore
1961,Michigan,Lake Whitefish,395,,Benthic invertivore
1961,Michigan,Northern Pike,51,"IL and IN: Northern pike catches reported for Illinois and Indiana except in 1899, 1903, 1917, 1922, 1949, 1959, 1968, 1970 and 1971 when less than 500 pounds taken from Indiana waters, and in 1967 when less than 500 pounds were taken from Illinois waters.",Piscivore
1961,Michigan,Rainbow Smelt,2153,,Planktivore
1961,Michigan,Round Whitefish,17,,Benthic invertivore
1961,Michigan,Suckers,495,,Benthic omnivore
1961,Michigan,Walleye,97,,Piscivore
1961,Michigan,Yellow Perch,4959,,Invertivore
1962,Michigan,Alewife,4742,,Planktivore
1962,Michigan,Bullheads,42,"IL and IN:  Bullhead catches not reported for Indiana and Illinois waters, except when less than 500 pounds was taken in 1967 and 1970 by Illinois and 1,000 pounds taken by Indiana commercial fishers in 1970.",Benthic omnivore
1962,Michigan,Burbot,0,,Piscivore
1962,Michigan,Carp,1207,,Benthic omnivore
1962,Michigan,Channel Catfish,0,IL and IN:  Catfish catches not reported for Illinois and Indiana except in 1954 and 1969-1977 when less than 500 pounds taken from Indiana waters,Benthic omnivore
1962,Michigan,Chubs,11115,,Planktivore
1962,Michigan,Cisco,116,,Planktivore
1962,Michigan,Freshwater Drum,1,,Benthic invertivore
1962,Michigan,Lake Sturgeon,1,"All: Commercial fishing for Lake Sturgeon prohibited in Michigan waters from 1929-1950, and in the waters of other states since 1929.",Benthic invertivore
1962,Michigan,Lake Trout,0,"1.  MI: Incidental catch only; 2.  WI, IL, and IN: Fishery closed.",Piscivore
1962,Michigan,Lake Whitefish,265,,Benthic invertivore
1962,Michigan,Northern Pike,36,"IL and IN: Northern pike catches reported for Illinois and Indiana except in 1899, 1903, 1917, 1922, 1949, 1959, 1968, 1970 and 1971 when less than 500 pounds taken from Indiana waters, and in 1967 when less than 500 pounds were taken from Illinois waters.",Piscivore
1962,Michigan,Rainbow Smelt,1546,,Planktivore
1962,Michigan,Round Whitefish,12,,Benthic invertivore
1962,Michigan,Suckers,263,,Benthic omnivore
1962,Michigan,Walleye,67,,Piscivore
1962,Michigan,Yellow Perch,4050,,Invertivore
1963,Michigan,Alewife,5396,,Planktivore
1963,Michigan,Bullheads,43,"IL and IN:  Bullhead catches not reported for Indiana and Illinois waters, except when less than 500 pounds was taken in 1967 and 1970 by Illinois and 1,000 pounds taken by Indiana commercial fishers in 1970.",Benthic omnivore
1963,Michigan,Burbot,4,,Piscivore
1963,Michigan,Carp,1278,,Benthic omnivore
1963,Michigan,Channel Catfish,2,IL and IN:  Catfish catches not reported for Illinois and Indiana except in 1954 and 1969-1977 when less than 500 pounds taken from Indiana waters,Benthic omnivore
1963,Michigan,Chubs,7459,,Planktivore
1963,Michigan,Cisco,41,,Planktivore
1963,Michigan,Freshwater Drum,0,,Benthic invertivore
1963,Michigan,Lake Sturgeon,3,"All: Commercial fishing for Lake Sturgeon prohibited in Michigan waters from 1929-1950, and in the waters of other states since 1929.",Benthic invertivore
1963,Michigan,Lake Trout,26,,Piscivore
1963,Michigan,Lake Whitefish,285,,Benthic invertivore
1963,Michigan,Northern Pike,32,"IL and IN: Northern pike catches reported for Illinois and Indiana except in 1899, 1903, 1917, 1922, 1949, 1959, 1968, 1970 and 1971 when less than 500 pounds taken from Indiana waters, and in 1967 when less than 500 pounds were taken from Illinois waters.",Piscivore
1963,Michigan,Rainbow Smelt,1204,,Planktivore
1963,Michigan,Round Whitefish,14,,Benthic invertivore
1963,Michigan,Suckers,299,,Benthic omnivore
1963,Michigan,Walleye,60,,Piscivore
1963,Michigan,Yellow Perch,4873,,Invertivore
1964,Michigan,Alewife,11743,,Planktivore
1964,Michigan,Bullheads,32,"IL and IN:  Bullhead catches not reported for Indiana and Illinois waters, except when less than 500 pounds was taken in 1967 and 1970 by Illinois and 1,000 pounds taken by Indiana commercial fishers in 1970.",Benthic omnivore
1964,Michigan,Burbot,15,,Piscivore
1964,Michigan,Carp,1319,,Benthic omnivore
1964,Michigan,Channel Catfish,0,IL and IN:  Catfish catches not reported for Illinois and Indiana except in 1954 and 1969-1977 when less than 500 pounds taken from Indiana waters,Benthic omnivore
1964,Michigan,Chubs,5172,Grand Totals: Several deaths attributed to botulism in Lake Michigan chubs resulted in a depressed market.,Planktivore
1964,Michigan,Cisco,34,,Planktivore
1964,Michigan,Freshwater Drum,0,,Benthic invertivore
1964,Michigan,Lake Sturgeon,3,"All: Commercial fishing for Lake Sturgeon prohibited in Michigan waters from 1929-1950, and in the waters of other states since 1929.",Benthic invertivore
1964,Michigan,Lake Trout,0,,Piscivore
1964,Michigan,Lake Whitefish,776,,Benthic invertivore
1964,Michigan,Northern Pike,37,"IL and IN: Northern pike catches reported for Illinois and Indiana except in 1899, 1903, 1917, 1922, 1949, 1959, 1968, 1970 and 1971 when less than 500 pounds taken from Indiana waters, and in 1967 when less than 500 pounds were taken from Illinois waters.",Piscivore
1964,Michigan,Rainbow Smelt,969,,Planktivore
1964,Michigan,Round Whitefish,11,,Benthic invertivore
1964,Michigan,Suckers,215,,Benthic omnivore
1964,Michigan,Walleye,35,,Piscivore
1964,Michigan,Yellow Perch,5835,,Invertivore
1965,Michigan,Alewife,14007,,Planktivore
1965,Michigan,Bullheads,18,"IL and IN:  Bullhead catches not reported for Indiana and Illinois waters, except when less than 500 pounds was taken in 1967 and 1970 by Illinois and 1,000 pounds taken by Indiana commercial fishers in 1970.",Benthic omnivore
1965,Michigan,Burbot,12,,Piscivore
1965,Michigan,Carp,2016,,Benthic omnivore
1965,Michigan,Channel Catfish,0,IL and IN:  Catfish catches not reported for Illinois and Indiana except in 1954 and 1969-1977 when less than 500 pounds taken from Indiana waters,Benthic omnivore
1965,Michigan,Chubs,7441,,Planktivore
1965,Michigan,Cisco,47,,Planktivore
1965,Michigan,Freshwater Drum,0,,Benthic invertivore
1965,Michigan,Lake Sturgeon,2,"All: Commercial fishing for Lake Sturgeon prohibited in Michigan waters from 1929-1950, and in the waters of other states since 1929.",Benthic invertivore
1965,Michigan,Lake Trout,0,,Piscivore
1965,Michigan,Lake Whitefish,995,,Benthic invertivore
1965,Michigan,Northern Pike,23,"IL and IN: Northern pike catches reported for Illinois and Indiana except in 1899, 1903, 1917, 1922, 1949, 1959, 1968, 1970 and 1971 when less than 500 pounds taken from Indiana waters, and in 1967 when less than 500 pounds were taken from Illinois waters.",Piscivore
1965,Michigan,Rainbow Smelt,927,,Planktivore
1965,Michigan,Round Whitefish,14,,Benthic invertivore
1965,Michigan,Suckers,168,,Benthic omnivore
1965,Michigan,Walleye,26,,Piscivore
1965,Michigan,Yellow Perch,1296,,Invertivore
1966,Michigan,Alewife,29004,,Planktivore
1966,Michigan,Bullheads,9,"IL and IN:  Bullhead catches not reported for Indiana and Illinois waters, except when less than 500 pounds was taken in 1967 and 1970 by Illinois and 1,000 pounds taken by Indiana commercial fishers in 1970.",Benthic omnivore
1966,Michigan,Burbot,9,,Piscivore
1966,Michigan,Carp,2714,,Benthic omnivore
1966,Michigan,Channel Catfish,0,IL and IN:  Catfish catches not reported for Illinois and Indiana except in 1954 and 1969-1977 when less than 500 pounds taken from Indiana waters,Benthic omnivore
1966,Michigan,Chubs,7227,,Planktivore
1966,Michigan,Cisco,47,,Planktivore
1966,Michigan,Freshwater Drum,0,,Benthic invertivore
1966,Michigan,Lake Sturgeon,2,"All: Commercial fishing for Lake Sturgeon prohibited in Michigan waters from 1929-1950, and in the waters of other states since 1929.",Benthic invertivore
1966,Michigan,Lake Trout,0,,Piscivore
1966,Michigan,Lake Whitefish,1422,,Benthic invertivore
1966,Michigan,Northern Pike,34,"IL and IN: Northern pike catches reported for Illinois and Indiana except in 1899, 1903, 1917, 1922, 1949, 1959, 1968, 1970 and 1971 when less than 500 pounds taken from Indiana waters, and in 1967 when less than 500 pounds were taken from Illinois waters.",Piscivore
1966,Michigan,Rainbow Smelt,1111,,Planktivore
1966,Michigan,Round Whitefish,19,,Benthic invertivore
1966,Michigan,Suckers,404,,Benthic omnivore
1966,Michigan,Walleye,25,,Piscivore
1966,Michigan,Yellow Perch,736,,Invertivore
1967,Michigan,Alewife,41895,,Planktivore
1967,Michigan,Bullheads,10,"IL and IN:  Bullhead catches not reported for Indiana and Illinois waters, except when less than 500 pounds was taken in 1967 and 1970 by Illinois and 1,000 pounds taken by Indiana commercial fishers in 1970.",Benthic omnivore
1967,Michigan,Burbot,31,,Piscivore
1967,Michigan,Carp,2542,,Benthic omnivore
1967,Michigan,Channel Catfish,2,IL and IN:  Catfish catches not reported for Illinois and Indiana except in 1954 and 1969-1977 when less than 500 pounds taken from Indiana waters,Benthic omnivore
1967,Michigan,Chubs,9088,,Planktivore
1967,Michigan,Cisco,30,,Planktivore
1967,Michigan,Coho Salmon,1484,,Piscivore
1967,Michigan,Freshwater Drum,0,,Benthic invertivore
1967,Michigan,Lake Sturgeon,0,"All: Commercial fishing for Lake Sturgeon prohibited in Michigan waters from 1929-1950, and in the waters of other states since 1929.",Benthic invertivore
1967,Michigan,Lake Trout,1,IL: Incidental catch only.,Piscivore
1967,Michigan,Lake Whitefish,876,,Benthic invertivore
1967,Michigan,Northern Pike,35,"IL and IN: Northern pike catches reported for Illinois and Indiana except in 1899, 1903, 1917, 1922, 1949, 1959, 1968, 1970 and 1971 when less than 500 pounds taken from Indiana waters, and in 1967 when less than 500 pounds were taken from Illinois waters.",Piscivore
1967,Michigan,Rainbow Smelt,1224,,Planktivore
1967,Michigan,Round Whitefish,60,,Benthic invertivore
1967,Michigan,Suckers,391,,Benthic omnivore
1967,Michigan,Walleye,16,,Piscivore
1967,Michigan,Yellow Perch,1265,,Invertivore
1968,Michigan,Alewife,27194,,Planktivore
1968,Michigan,Bullheads,21,"IL and IN:  Bullhead catches not reported for Indiana and Illinois waters, except when less than 500 pounds was taken in 1967 and 1970 by Illinois and 1,000 pounds taken by Indiana commercial fishers in 1970.",Benthic omnivore
1968,Michigan,Burbot,59,,Piscivore
1968,Michigan,Carp,2352,,Benthic omnivore
1968,Michigan,Channel Catfish,0,IL and IN:  Catfish catches not reported for Illinois and Indiana except in 1954 and 1969-1977 when less than 500 pounds taken from Indiana waters,Benthic omnivore
1968,Michigan,Chubs,10183,MI Totals: A number of small boat fishers were eliminated from the chub fishery when the fishing of small mesh gill nets was prohibited inside of the 35 fathom contour.,Planktivore
1968,Michigan,Cisco,53,,Planktivore
1968,Michigan,Coho Salmon,1999,,Piscivore
1968,Michigan,Freshwater Drum,0,,Benthic invertivore
1968,Michigan,Lake Sturgeon,2,"All: Commercial fishing for Lake Sturgeon prohibited in Michigan waters from 1929-1950, and in the waters of other states since 1929.",Benthic invertivore
1968,Michigan,Lake Trout,73,,Piscivore
1968,Michigan,Lake Whitefish,893,,Benthic invertivore
1968,Michigan,Northern Pike,30,"IL and IN: Northern pike catches reported for Illinois and Indiana except in 1899, 1903, 1917, 1922, 1949, 1959, 1968, 1970 and 1971 when less than 500 pounds taken from Indiana waters, and in 1967 when less than 500 pounds were taken from Illinois waters.",Piscivore
1968,Michigan,Rainbow Smelt,1789,,Planktivore
1968,Michigan,Round Whitefish,54,,Benthic invertivore
1968,Michigan,Suckers,465,,Benthic omnivore
1968,Michigan,Walleye,10,,Piscivore
1968,Michigan,Yellow Perch,631,,Invertivore
1969,Michigan,Alewife,29248,,Planktivore
1969,Michigan,Bullheads,40,"IL and IN:  Bullhead catches not reported for Indiana and Illinois waters, except when less than 500 pounds was taken in 1967 and 1970 by Illinois and 1,000 pounds taken by Indiana commercial fishers in 1970.",Benthic omnivore
1969,Michigan,Burbot,61,,Piscivore
1969,Michigan,Carp,2119,,Benthic omnivore
1969,Michigan,Channel Catfish,1,,Benthic omnivore
1969,Michigan,Chubs,9095,,Planktivore
1969,Michigan,Cisco,56,,Planktivore
1969,Michigan,Coho Salmon,1144,,Piscivore
1969,Michigan,Freshwater Drum,0,,Benthic invertivore
1969,Michigan,Lake Sturgeon,3,"All: Commercial fishing for Lake Sturgeon prohibited in Michigan waters from 1929-1950, and in the waters of other states since 1929.",Benthic invertivore
1969,Michigan,Lake Trout,82,,Piscivore
1969,Michigan,Lake Whitefish,1388,,Benthic invertivore
1969,Michigan,Northern Pike,33,"IL and IN: Northern pike catches reported for Illinois and Indiana except in 1899, 1903, 1917, 1922, 1949, 1959, 1968, 1970 and 1971 when less than 500 pounds taken from Indiana waters, and in 1967 when less than 500 pounds were taken from Illinois waters.",Piscivore
1969,Michigan,Rainbow Smelt,2481,,Planktivore
1969,Michigan,Round Whitefish,145,,Benthic invertivore
1969,Michigan,Suckers,789,,Benthic omnivore
1969,Michigan,Walleye,14,,Piscivore
1969,Michigan,Yellow Perch,723,,Invertivore
1970,Michigan,Alewife,33461,,Planktivore
1970,Michigan,Bullheads,24,"IL and IN:  Bullhead catches not reported for Indiana and Illinois waters, except when less than 500 pounds was taken in 1967 and 1970 by Illinois and 1,000 pounds taken by Indiana commercial fishers in 1970.",Benthic omnivore
1970,Michigan,Burbot,92,,Piscivore
1970,Michigan,Carp,1935,,Benthic omnivore
1970,Michigan,Channel Catfish,0,,Benthic omnivore
1970,Michigan,Chubs,9645,"MI Totals: Small mesh gill nets were restricted to water over 40 fathoms in depth north of the line extending due west from the Muskegon-Oceana county line, and to water over 30 fathoms in depth south of the line.  In 1972 the location of the line was changed to that running due west from Grand Haven Harbor.",Planktivore
1970,Michigan,Cisco,12,,Planktivore
1970,Michigan,Coho Salmon,2243,"MI: Small mesh gill nets were restricted to water over 40 fathoms in depth north of the line extending due west from the Muskegon-Oceana county line, and to water over 30 fathoms in depth south of that line.  In 1972, the location of the line was changed to due west of Grand Haven Harbor.",Piscivore
1970,Michigan,Freshwater Drum,0,,Benthic invertivore
1970,Michigan,Lake Sturgeon,69,,Benthic invertivore
1970,Michigan,Lake Sturgeon,0,"All: Commercial fishing for Lake Sturgeon prohibited in Michigan waters from 1929-1950, and in the waters of other states since 1929.",Benthic invertivore
1970,Michigan,Lake Trout,86,"MI: Small mesh gill nets were restricted to water over 40 fathoms in depth north of the line extending due west from the Muskegon-Oceana county line, and to water over 30 fathoms in depth south of that line.  In 1972, the location of the line was changed to due west of Grand Haven harbor.",Piscivore
1970,Michigan,Lake Whitefish,1730,,Benthic invertivore
1970,Michigan,Northern Pike,30,"IL and IN: Northern pike catches reported for Illinois and Indiana except in 1899, 1903, 1917, 1922, 1949, 1959, 1968, 1970 and 1971 when less than 500 pounds taken from Indiana waters, and in 1967 when less than 500 pounds were taken from Illinois waters.",Piscivore
1970,Michigan,Rainbow Smelt,1976,,Planktivore
1970,Michigan,Round Whitefish,179,,Benthic invertivore
1970,Michigan,Suckers,969,,Benthic omnivore
1970,Michigan,Walleye,12,,Piscivore
1970,Michigan,Yellow Perch,692,"MI Totals: Small mesh gill nets were restricted to water over 40 fathoms in depth north of the line extending due west from the Muskegon-Oceana county line, and to water over 30 fathoms in depth south of the line.  In 1972, the location of the line was changed to due west of Grand Haven Harbor.",Invertivore
1971,Michigan,Alewife,29654,,Planktivore
1971,Michigan,Bullheads,23,"IL and IN:  Bullhead catches not reported for Indiana and Illinois waters, except when less than 500 pounds was taken in 1967 and 1970 by Illinois and 1,000 pounds taken by Indiana commercial fishers in 1970.",Benthic omnivore
1971,Michigan,Burbot,149,,Piscivore
1971,Michigan,Carp,2464,,Benthic omnivore
1971,Michigan,Channel Catfish,0,,Benthic omnivore
1971,Michigan,Chubs,5713,MI Totals: DDT scare on chubs resulted in reduced sales.,Planktivore
1971,Michigan,Cisco,9,,Planktivore
1971,Michigan,Coho Salmon,5,,Piscivore
1971,Michigan,Freshwater Drum,0,,Benthic invertivore
1971,Michigan,Lake Sturgeon,0,"All: Commercial fishing for Lake Sturgeon prohibited in Michigan waters from 1929-1950, and in the waters of other states since 1929.",Benthic invertivore
1971,Michigan,Lake Trout,74,,Piscivore
1971,Michigan,Lake Whitefish,2895,,Benthic invertivore
1971,Michigan,Northern Pike,29,"IL and IN: Northern pike catches reported for Illinois and Indiana except in 1899, 1903, 1917, 1922, 1949, 1959, 1968, 1970 and 1971 when less than 500 pounds taken from Indiana waters, and in 1967 when less than 500 pounds were taken from Illinois waters.",Piscivore
1971,Michigan,Rainbow Smelt,1344,,Planktivore
1971,Michigan,Round Whitefish,179,,Benthic invertivore
1971,Michigan,Suckers,1387,,Benthic omnivore
1971,Michigan,Walleye,10,,Piscivore
1971,Michigan,Yellow Perch,746,,Invertivore
1972,Michigan,Alewife,31034,,Planktivore
1972,Michigan,Bullheads,12,"IL and IN:  Bullhead catches not reported for Indiana and Illinois waters, except when less than 500 pounds was taken in 1967 and 1970 by Illinois and 1,000 pounds taken by Indiana commercial fishers in 1970.",Benthic omnivore
1972,Michigan,Burbot,94,,Piscivore
1972,Michigan,Carp,1325,,Benthic omnivore
1972,Michigan,Channel Catfish,0,,Benthic omnivore
1972,Michigan,Chubs,5266,,Planktivore
1972,Michigan,Cisco,4,,Planktivore
1972,Michigan,Coho Salmon,2,,Piscivore
1972,Michigan,Freshwater Drum,0,,Benthic invertivore
1972,Michigan,Lake Sturgeon,0,"All: Commercial fishing for Lake Sturgeon prohibited in Michigan waters from 1929-1950, and in the waters of other states since 1929.",Benthic invertivore
1972,Michigan,Lake Trout,74,,Piscivore
1972,Michigan,Lake Whitefish,3504,"MI Totals: MDNR ruling against large mesh gill nets resulted in a conversion to impoundment gear, complete in 1976.",Benthic invertivore
1972,Michigan,Northern Pike,25,"IL and IN: Northern pike catches reported for Illinois and Indiana except in 1899, 1903, 1917, 1922, 1949, 1959, 1968, 1970 and 1971 when less than 500 pounds taken from Indiana waters, and in 1967 when less than 500 pounds were taken from Illinois waters.",Piscivore
1972,Michigan,Rainbow Smelt,705,,Planktivore
1972,Michigan,Round Whitefish,257,,Benthic invertivore
1972,Michigan,Suckers,432,,Benthic omnivore
1972,Michigan,Walleye,6,,Piscivore
1972,Michigan,Yellow Perch,1027,,Invertivore
1973,Michigan,Alewife,36560,,Planktivore
1973,Michigan,Bullheads,33,"IL and IN:  Bullhead catches not reported for Indiana and Illinois waters, except when less than 500 pounds was taken in 1967 and 1970 by Illinois and 1,000 pounds taken by Indiana commercial fishers in 1970.",Benthic omnivore
1973,Michigan,Burbot,157,,Piscivore
1973,Michigan,Carp,3211,,Benthic omnivore
1973,Michigan,Channel Catfish,0,,Benthic omnivore
1973,Michigan,Chubs,4462,,Planktivore
1973,Michigan,Cisco,3,,Planktivore
1973,Michigan,Coho Salmon,0,,Piscivore
1973,Michigan,Freshwater Drum,3,,Benthic invertivore
1973,Michigan,Lake Sturgeon,0,"All: Commercial fishing for Lake Sturgeon prohibited in Michigan waters from 1929-1950, and in the waters of other states since 1929.",Benthic invertivore
1973,Michigan,Lake Trout,43,,Piscivore
1973,Michigan,Lake Whitefish,3575,,Benthic invertivore
1973,Michigan,Northern Pike,30,"IL and IN: Northern pike catches reported for Illinois and Indiana except in 1899, 1903, 1917, 1922, 1949, 1959, 1968, 1970 and 1971 when less than 500 pounds taken from Indiana waters, and in 1967 when less than 500 pounds were taken from Illinois waters.",Piscivore
1973,Michigan,Rainbow Smelt,881,,Planktivore
1973,Michigan,Round Whitefish,291,,Benthic invertivore
1973,Michigan,Suckers,710,,Benthic omnivore
1973,Michigan,Walleye,4,MI: Walleye was awarded sport status and thus protection against commercial fishing.,Piscivore
1973,Michigan,Yellow Perch,749,,Invertivore
1974,Michigan,Alewife,45548,,Planktivore
1974,Michigan,Bullheads,33,"IL and IN:  Bullhead catches not reported for Indiana and Illinois waters, except when less than 500 pounds was taken in 1967 and 1970 by Illinois and 1,000 pounds taken by Indiana commercial fishers in 1970.",Benthic omnivore
1974,Michigan,Burbot,231,"WI 1974: Chubs were included in the 10% incidental catch clause, making it profitable for fishermen to report their Burbotot catch even though they often didn't sell them.",Piscivore
1974,Michigan,Carp,3244,,Benthic omnivore
1974,Michigan,Channel Catfish,2,,Benthic omnivore
1974,Michigan,Chubs,3267,IN: Chubs were included in the 10% incidental catch allowed commercial fisherw before nets needed to be moved.,Planktivore
1974,Michigan,Cisco,6,,Planktivore
1974,Michigan,Coho Salmon,0,IL: Fishery closed.  Salmon protected as a sport fish.,Piscivore
1974,Michigan,Freshwater Drum,2,,Benthic invertivore
1974,Michigan,Lake Sturgeon,0,"All: Commercial fishing for Lake Sturgeon prohibited in Michigan waters from 1929-1950, and in the waters of other states since 1929.",Benthic invertivore
1974,Michigan,Lake Trout,36,"1.  MI: Large mesh gill nets are banned.  Michigan DNR is appealing a lower court order which permanently enjoins the enforcement of the ban in Northen Lake Michigan.  2.  WI: Gill net fishers were, by letter, declared agents of the state and allowed to receive $0.40 per pound as compensation for icing, boxing, selling, and reporting their lake trout catches, provided they fell within incidental catch allowances, 20 August 19743;    IL: Incidental catch prohibited.",Piscivore
1974,Michigan,Lake Whitefish,3406,,Benthic invertivore
1974,Michigan,Northern Pike,23,"IL and IN: Northern pike catches reported for Illinois and Indiana except in 1899, 1903, 1917, 1922, 1949, 1959, 1968, 1970 and 1971 when less than 500 pounds taken from Indiana waters, and in 1967 when less than 500 pounds were taken from Illinois waters.",Piscivore
1974,Michigan,Rainbow Smelt,1747,,Planktivore
1974,Michigan,Round Whitefish,279,,Benthic invertivore
1974,Michigan,Suckers,508,,Benthic omnivore
1974,Michigan,Walleye,6,,Piscivore
1974,Michigan,Yellow Perch,1296,,Invertivore
1975,Michigan,Alewife,35214,,Planktivore
1975,Michigan,Bullheads,73,"IL and IN:  Bullhead catches not reported for Indiana and Illinois waters, except when less than 500 pounds was taken in 1967 and 1970 by Illinois and 1,000 pounds taken by Indiana commercial fishers in 1970.",Benthic omnivore
1975,Michigan,Burbot,274,,Piscivore
1975,Michigan,Carp,2880,,Benthic omnivore
1975,Michigan,Channel Catfish,2,,Benthic omnivore
1975,Michigan,Chubs,925,"1.  MI Totals: A Chub fishing ban, except for assessment purposes, was effected by emergency rule 18 July 1975; 2.  WI Totals: Commercial chub fishers were restricted by emergency order to contract assessment fisheries only in the period 2 June 1975 to 2 October 1975, and for one month beginning 15 December 1975; 3.  IL: Commercial fishing was reduced to three operations with quotas of 10,000 pounds each (1 July 1975).  The reduction was upheld in court, 23 September 1975;  4.  IN: Michigan's restrictions were reflected by reduced tribal catches, a large percentage of which came from Michigan waters.",Planktivore
1975,Michigan,Cisco,3,,Planktivore
1975,Michigan,Coho Salmon,0,IN: Quota system requiring salmonids to be tagged was instituted in mid-year.,Piscivore
1975,Michigan,Freshwater Drum,2,,Benthic invertivore
1975,Michigan,Lake Sturgeon,0,"All: Commercial fishing for Lake Sturgeon prohibited in Michigan waters from 1929-1950, and in the waters of other states since 1929.",Benthic invertivore
1975,Michigan,Lake Trout,38,"1.  WI: Lake trout catches were restricted to fish less than 24"";  2.  IN: Quota system for salmonids requiring that each be tagged became effective in mid-year.",Piscivore
1975,Michigan,Lake Whitefish,3354,,Benthic invertivore
1975,Michigan,Northern Pike,20,"IL and IN: Northern pike catches reported for Illinois and Indiana except in 1899, 1903, 1917, 1922, 1949, 1959, 1968, 1970 and 1971 when less than 500 pounds taken from Indiana waters, and in 1967 when less than 500 pounds were taken from Illinois waters.",Piscivore
1975,Michigan,Rainbow Smelt,1174,,Planktivore
1975,Michigan,Round Whitefish,239,,Benthic invertivore
1975,Michigan,Suckers,341,,Benthic omnivore
1975,Michigan,Walleye,5,,Piscivore
1975,Michigan,Yellow Perch,794,"1.  IL: Commercial fishing was reduced to three fishing operations with quotas of 137,000 pounds each, 1 July 1975.  Annual quota and limited entry supported by courts, 23 September 1975.  The annual quota was further reduced in April of 1975 to 70,000 pounds for each of the three fishers; 2.  IN: In mid-year, the setting of gill nets in less than 25' of water was forbidden.",Invertivore
1976,Michigan,Alewife,39211,,Planktivore
1976,Michigan,Bullheads,120,"IL and IN:  Bullhead catches not reported for Indiana and Illinois waters, except when less than 500 pounds was taken in 1967 and 1970 by Illinois and 1,000 pounds taken by Indiana commercial fishers in 1970.",Benthic omnivore
1976,Michigan,Burbot,160,,Piscivore
1976,Michigan,Carp,748,WI Totals: High levels of PCBs in carp resulted in greatly reduced markets.,Benthic omnivore
1976,Michigan,Channel Catfish,0,,Benthic omnivore
1976,Michigan,Chubs,422,"1.  MI Totals: The ban on chub fishing, except for assessment purposes, was permanentlly established by an administrative rule, 17 August 1976;  2.  WI Totals: The ban on chub fishing became permanent, 1 October 1976.",Planktivore
1976,Michigan,Cisco,2,,Planktivore
1976,Michigan,Coho Salmon,0,,Piscivore
1976,Michigan,Freshwater Drum,1,,Benthic invertivore
1976,Michigan,Lake Sturgeon,0,"All: Commercial fishing for Lake Sturgeon prohibited in Michigan waters from 1929-1950, and in the waters of other states since 1929.",Benthic invertivore
1976,Michigan,Lake Trout,10,WI: Sale of incidental catch halted due to PCB and DDT contamination of fish.,Piscivore
1976,Michigan,Lake Whitefish,4070,,Benthic invertivore
1976,Michigan,Northern Pike,16,"IL and IN: Northern pike catches reported for Illinois and Indiana except in 1899, 1903, 1917, 1922, 1949, 1959, 1968, 1970 and 1971 when less than 500 pounds taken from Indiana waters, and in 1967 when less than 500 pounds were taken from Illinois waters.",Piscivore
1976,Michigan,Rainbow Smelt,2186,,Planktivore
1976,Michigan,Round Whitefish,132,,Benthic invertivore
1976,Michigan,Suckers,426,,Benthic omnivore
1976,Michigan,Walleye,6,,Piscivore
1976,Michigan,Yellow Perch,854,,Invertivore
1977,Michigan,Alewife,48405,WI Totals: Fish meal market expands.,Planktivore
1977,Michigan,Bullheads,118,"IL and IN:  Bullhead catches not reported for Indiana and Illinois waters, except when less than 500 pounds was taken in 1967 and 1970 by Illinois and 1,000 pounds taken by Indiana commercial fishers in 1970.",Benthic omnivore
1977,Michigan,Burbot,238,WI: New markets developed.,Piscivore
1977,Michigan,Carp,527,,Benthic omnivore
1977,Michigan,Channel Catfish,1,,Benthic omnivore
1977,Michigan,Chubs,371,"1.  MI Totals: Sale of chubs was curtailed by the Michigan Department of Agriculture when the fish were found to contain unacceptable levels of dieldrin; assessment fishing dependent upon such sales was, therefore, terminated;  2. WI Totals: Wisconsin DNR contracted for assessment quotas with nine commercial fishers.",Planktivore
1977,Michigan,Cisco,1,,Planktivore
1977,Michigan,Coho Salmon,1,,Piscivore
1977,Michigan,Freshwater Drum,1,,Benthic invertivore
1977,Michigan,Lake Sturgeon,0,"All: Commercial fishing for Lake Sturgeon prohibited in Michigan waters from 1929-1950, and in the waters of other states since 1929.",Benthic invertivore
1977,Michigan,Lake Trout,0,,Piscivore
1977,Michigan,Lake Whitefish,3590,,Benthic invertivore
1977,Michigan,Northern Pike,16,"IL and IN: Northern pike catches reported for Illinois and Indiana except in 1899, 1903, 1917, 1922, 1949, 1959, 1968, 1970 and 1971 when less than 500 pounds taken from Indiana waters, and in 1967 when less than 500 pounds were taken from Illinois waters.",Piscivore
1977,Michigan,Rainbow Smelt,853,,Planktivore
1977,Michigan,Round Whitefish,97,,Benthic invertivore
1977,Michigan,Suckers,270,,Benthic omnivore
1977,Michigan,Walleye,11,,Piscivore
1977,Michigan,Yellow Perch,969,,Invertivore
1978,Michigan,Alewife,43879,,Planktivore
1978,Michigan,Bullheads,112,,Benthic omnivore
1978,Michigan,Burbot,123,,Piscivore
1978,Michigan,Carp,762,,Benthic omnivore
1978,Michigan,Channel Catfish,3,,Benthic omnivore
1978,Michigan,Chubs,397,,Planktivore
1978,Michigan,Cisco,0,,Planktivore
1978,Michigan,Freshwater Drum,1,,Benthic invertivore
1978,Michigan,Lake Sturgeon,0,"All: Commercial fishing for Lake Sturgeon prohibited in Michigan waters from 1929-1950, and in the waters of other states since 1929.",Benthic invertivore
1978,Michigan,Lake Trout,334,,Piscivore
1978,Michigan,Lake Whitefish,4092,,Benthic invertivore
1978,Michigan,Northern Pike,16,"IL and IN: Northern pike catches reported for Illinois and Indiana except in 1899, 1903, 1917, 1922, 1949, 1959, 1968, 1970 and 1971 when less than 500 pounds taken from Indiana waters, and in 1967 when less than 500 pounds were taken from Illinois waters.",Piscivore
1978,Michigan,Pacific Salmon,2,,Piscivore
1978,Michigan,Rainbow Smelt,1372,,Planktivore
1978,Michigan,Round Whitefish,177,,Benthic invertivore
1978,Michigan,Suckers,391,,Benthic omnivore
1978,Michigan,Walleye,6,,Piscivore
1978,Michigan,Yellow Perch,751,,Invertivore
1979,Michigan,Alewife,27504,,Planktivore
1979,Michigan,Bullheads,29,,Benthic omnivore
1979,Michigan,Burbot,98,,Piscivore
1979,Michigan,Carp,452,,Benthic omnivore
1979,Michigan,Channel Catfish,2,,Benthic omnivore
1979,Michigan,Chubs,1219,,Planktivore
1979,Michigan,Cisco,0,,Planktivore
1979,Michigan,Freshwater Drum,5,,Benthic invertivore
1979,Michigan,Lake Sturgeon,0,"All: Commercial fishing for Lake Sturgeon prohibited in Michigan waters from 1929-1950, and in the waters of other states since 1929.",Benthic invertivore
1979,Michigan,Lake Trout,1,,Piscivore
1979,Michigan,Lake Whitefish,3262,,Benthic invertivore
1979,Michigan,Northern Pike,7,"IL and IN: Northern pike catches reported for Illinois and Indiana except in 1899, 1903, 1917, 1922, 1949, 1959, 1968, 1970 and 1971 when less than 500 pounds taken from Indiana waters, and in 1967 when less than 500 pounds were taken from Illinois waters.",Piscivore
1979,Michigan,Pacific Salmon,0,,Piscivore
1979,Michigan,Round Whitefish,70,,Benthic invertivore
1979,Michigan,Suckers,947,,Benthic omnivore
1979,Michigan,Walleye,13,,Piscivore
1979,Michigan,Yellow Perch,1121,,Invertivore
1980,Michigan,Alewife,13512,,Planktivore
1980,Michigan,Bullheads,26,,Benthic omnivore
1980,Michigan,Burbot,91,,Piscivore
1980,Michigan,Carp,159,,Benthic omnivore
1980,Michigan,Channel Catfish,2,,Benthic omnivore
1980,Michigan,Chubs,1475,,Planktivore
1980,Michigan,Cisco,0,,Planktivore
1980,Michigan,Freshwater Drum,1,,Benthic invertivore
1980,Michigan,Lake Sturgeon,0,"All: Commercial fishing for Lake Sturgeon prohibited in Michigan waters from 1929-1950, and in the waters of other states since 1929.",Benthic invertivore
1980,Michigan,Lake Trout,245,,Piscivore
1980,Michigan,Lake Whitefish,4190,,Benthic invertivore
1980,Michigan,Northern Pike,11,"IL and IN: Northern pike catches reported for Illinois and Indiana except in 1899, 1903, 1917, 1922, 1949, 1959, 1968, 1970 and 1971 when less than 500 pounds taken from Indiana waters, and in 1967 when less than 500 pounds were taken from Illinois waters.",Piscivore
1980,Michigan,Pacific Salmon,1,,Piscivore
1980,Michigan,Rainbow Smelt,1567,,Planktivore
1980,Michigan,Rainbow Smelt,975,,Planktivore
1980,Michigan,Round Whitefish,190,,Benthic invertivore
1980,Michigan,Suckers,1357,,Benthic omnivore
1980,Michigan,Walleye,3,,Piscivore
1980,Michigan,Yellow Perch,1066,,Invertivore
1981,Michigan,Alewife,19313,,Planktivore
1981,Michigan,Bullheads,20,,Benthic omnivore
1981,Michigan,Burbot,79,,Piscivore
1981,Michigan,Carp,385,,Benthic omnivore
1981,Michigan,Channel Catfish,1,,Benthic omnivore
1981,Michigan,Chubs,2200,,Planktivore
1981,Michigan,Cisco,0,,Planktivore
1981,Michigan,Freshwater Drum,0,,Benthic invertivore
1981,Michigan,Lake Sturgeon,0,"All: Commercial fishing for Lake Sturgeon prohibited in Michigan waters from 1929-1950, and in the waters of other states since 1929.",Benthic invertivore
1981,Michigan,Lake Trout,399,,Piscivore
1981,Michigan,Lake Whitefish,5784,,Benthic invertivore
1981,Michigan,Northern Pike,8,"IL and IN: Northern pike catches reported for Illinois and Indiana except in 1899, 1903, 1917, 1922, 1949, 1959, 1968, 1970 and 1971 when less than 500 pounds taken from Indiana waters, and in 1967 when less than 500 pounds were taken from Illinois waters.",Piscivore
1981,Michigan,Pacific Salmon,1,,Piscivore
1981,Michigan,Rainbow Smelt,2242,,Planktivore
1981,Michigan,Round Whitefish,214,,Benthic invertivore
1981,Michigan,Suckers,1193,,Benthic omnivore
1981,Michigan,Walleye,5,,Piscivore
1981,Michigan,Yellow Perch,704,,Invertivore
1982,Michigan,Alewife,22160,,Planktivore
1982,Michigan,Bullheads,28,,Benthic omnivore
1982,Michigan,Burbot,118,,Piscivore
1982,Michigan,Carp,637,,Benthic omnivore
1982,Michigan,Channel Catfish,3,,Benthic omnivore
1982,Michigan,Chubs,2880,,Planktivore
1982,Michigan,Cisco,0,,Planktivore
1982,Michigan,Freshwater Drum,0,,Benthic invertivore
1982,Michigan,Lake Sturgeon,0,"All: Commercial fishing for Lake Sturgeon prohibited in Michigan waters from 1929-1950, and in the waters of other states since 1929.",Benthic invertivore
1982,Michigan,Lake Trout,276,,Piscivore
1982,Michigan,Lake Whitefish,5930,,Benthic invertivore
1982,Michigan,Northern Pike,7,"IL and IN: Northern pike catches reported for Illinois and Indiana except in 1899, 1903, 1917, 1922, 1949, 1959, 1968, 1970 and 1971 when less than 500 pounds taken from Indiana waters, and in 1967 when less than 500 pounds were taken from Illinois waters.",Piscivore
1982,Michigan,Pacific Salmon,1,,Piscivore
1982,Michigan,Rainbow Smelt,1856,,Planktivore
1982,Michigan,Round Whitefish,230,,Benthic invertivore
1982,Michigan,Suckers,1051,,Benthic omnivore
1982,Michigan,Walleye,2,,Piscivore
1982,Michigan,Yellow Perch,1239,,Invertivore
1983,Michigan,Alewife,25182,,Planktivore
1983,Michigan,Bullheads,30,,Benthic omnivore
1983,Michigan,Burbot,63,,Piscivore
1983,Michigan,Carp,1043,,Benthic omnivore
1983,Michigan,Channel Catfish,6,,Benthic omnivore
1983,Michigan,Chubs,3579,,Planktivore
1983,Michigan,Cisco,0,,Planktivore
1983,Michigan,Freshwater Drum,1,,Benthic invertivore
1983,Michigan,Lake Sturgeon,0,"All: Commercial fishing for Lake Sturgeon prohibited in Michigan waters from 1929-1950, and in the waters of other states since 1929.",Benthic invertivore
1983,Michigan,Lake Trout,322,,Piscivore
1983,Michigan,Lake Whitefish,6897,,Benthic invertivore
1983,Michigan,Northern Pike,6,"IL and IN: Northern pike catches reported for Illinois and Indiana except in 1899, 1903, 1917, 1922, 1949, 1959, 1968, 1970 and 1971 when less than 500 pounds taken from Indiana waters, and in 1967 when less than 500 pounds were taken from Illinois waters.",Piscivore
1983,Michigan,Pacific Salmon,3,,Piscivore
1983,Michigan,Rainbow Smelt,7127,,Planktivore
1983,Michigan,Round Whitefish,210,,Benthic invertivore
1983,Michigan,Suckers,2369,,Benthic omnivore
1983,Michigan,Walleye,3,,Piscivore
1983,Michigan,Yellow Perch,997,,Invertivore
1984,Michigan,Alewife,24345,,Planktivore
1984,Michigan,Bullheads,3,,Benthic omnivore
1984,Michigan,Burbot,108,,Piscivore
1984,Michigan,Carp,1569,,Benthic omnivore
1984,Michigan,Channel Catfish,7,,Benthic omnivore
1984,Michigan,Chubs,3061,,Planktivore
1984,Michigan,Cisco,0,,Planktivore
1984,Michigan,Freshwater Drum,2,,Benthic invertivore
1984,Michigan,Lake Sturgeon,0,"All: Commercial fishing for Lake Sturgeon prohibited in Michigan waters from 1929-1950, and in the waters of other states since 1929.",Benthic invertivore
1984,Michigan,Lake Trout,344,,Piscivore
1984,Michigan,Lake Whitefish,5414,,Benthic invertivore
1984,Michigan,Northern Pike,5,"IL and IN: Northern pike catches reported for Illinois and Indiana except in 1899, 1903, 1917, 1922, 1949, 1959, 1968, 1970 and 1971 when less than 500 pounds taken from Indiana waters, and in 1967 when less than 500 pounds were taken from Illinois waters.",Piscivore
1984,Michigan,Pacific Salmon,5,,Piscivore
1984,Michigan,Rainbow Smelt,2395,,Planktivore
1984,Michigan,Round Whitefish,312,,Benthic invertivore
1984,Michigan,Suckers,1882,,Benthic omnivore
1984,Michigan,Walleye,24,,Piscivore
1984,Michigan,Yellow Perch,1861,,Invertivore
1985,Michigan,Alewife,19216,,Planktivore
1985,Michigan,Bullheads,15,,Benthic omnivore
1985,Michigan,Burbot,45,,Piscivore
1985,Michigan,Carp,8,,Benthic omnivore
1985,Michigan,Channel Catfish,6,,Benthic omnivore
1985,Michigan,Chubs,2980,,Planktivore
1985,Michigan,Cisco,0,,Planktivore
1985,Michigan,Freshwater Drum,10,,Benthic invertivore
1985,Michigan,Lake Sturgeon,0,"All: Commercial fishing for Lake Sturgeon prohibited in Michigan waters from 1929-1950, and in the waters of other states since 1929.",Benthic invertivore
1985,Michigan,Lake Trout,514,,Piscivore
1985,Michigan,Lake Whitefish,6101,,Benthic invertivore
1985,Michigan,Northern Pike,11,"IL and IN: Northern pike catches reported for Illinois and Indiana except in 1899, 1903, 1917, 1922, 1949, 1959, 1968, 1970 and 1971 when less than 500 pounds taken from Indiana waters, and in 1967 when less than 500 pounds were taken from Illinois waters.",Piscivore
1985,Michigan,Pacific Salmon,5,,Piscivore
1985,Michigan,Rainbow Smelt,3600,,Planktivore
1985,Michigan,Round Whitefish,230,,Benthic invertivore
1985,Michigan,Suckers,883,,Benthic omnivore
1985,Michigan,Walleye,7,,Piscivore
1985,Michigan,Yellow Perch,1784,,Invertivore
1986,Michigan,Alewife,14476,,Planktivore
1986,Michigan,Bullheads,4,,Benthic omnivore
1986,Michigan,Burbot,94,,Piscivore
1986,Michigan,Carp,1,,Benthic omnivore
1986,Michigan,Channel Catfish,3,,Benthic omnivore
1986,Michigan,Chubs,3214,,Planktivore
1986,Michigan,Cisco,0,,Planktivore
1986,Michigan,Freshwater Drum,2,,Benthic invertivore
1986,Michigan,Lake Sturgeon,0,"All: Commercial fishing for Lake Sturgeon prohibited in Michigan waters from 1929-1950, and in the waters of other states since 1929.",Benthic invertivore
1986,Michigan,Lake Trout,235,,Piscivore
1986,Michigan,Lake Whitefish,5654,,Benthic invertivore
1986,Michigan,Northern Pike,6,"IL and IN: Northern pike catches reported for Illinois and Indiana except in 1899, 1903, 1917, 1922, 1949, 1959, 1968, 1970 and 1971 when less than 500 pounds taken from Indiana waters, and in 1967 when less than 500 pounds were taken from Illinois waters.",Piscivore
1986,Michigan,Pacific Salmon,6,,Piscivore
1986,Michigan,Rainbow Smelt,3600,,Planktivore
1986,Michigan,Round Whitefish,304,,Benthic invertivore
1986,Michigan,Suckers,853,,Benthic omnivore
1986,Michigan,Walleye,2,,Piscivore
1986,Michigan,Yellow Perch,2465,,Invertivore
1987,Michigan,Alewife,10707,,Planktivore
1987,Michigan,Bullheads,11,,Benthic omnivore
1987,Michigan,Burbot,65,,Piscivore
1987,Michigan,Carp,1,,Benthic omnivore
1987,Michigan,Channel Catfish,6,,Benthic omnivore
1987,Michigan,Chubs,4037,,Planktivore
1987,Michigan,Cisco,0,,Planktivore
1987,Michigan,Freshwater Drum,4,,Benthic invertivore
1987,Michigan,Lake Sturgeon,0,"All: Commercial fishing for Lake Sturgeon prohibited in Michigan waters from 1929-1950, and in the waters of other states since 1929.",Benthic invertivore
1987,Michigan,Lake Trout,231,,Piscivore
1987,Michigan,Lake Whitefish,6180,,Benthic invertivore
1987,Michigan,Northern Pike,7,"IL and IN: Northern pike catches reported for Illinois and Indiana except in 1899, 1903, 1917, 1922, 1949, 1959, 1968, 1970 and 1971 when less than 500 pounds taken from Indiana waters, and in 1967 when less than 500 pounds were taken from Illinois waters.",Piscivore
1987,Michigan,Pacific Salmon,9,,Piscivore
1987,Michigan,Rainbow Smelt,2700,,Planktivore
1987,Michigan,Round Whitefish,272,,Benthic invertivore
1987,Michigan,Suckers,1307,,Benthic omnivore
1987,Michigan,Walleye,0,,Piscivore
1987,Michigan,Yellow Perch,2577,,Invertivore
1988,Michigan,Alewife,10035,,Planktivore
1988,Michigan,Bullheads,17,,Benthic omnivore
1988,Michigan,Burbot,134,,Piscivore
1988,Michigan,Carp,2,,Benthic omnivore
1988,Michigan,Channel Catfish,8,,Benthic omnivore
1988,Michigan,Chubs,3026,,Planktivore
1988,Michigan,Cisco,9,,Planktivore
1988,Michigan,Freshwater Drum,7,,Benthic invertivore
1988,Michigan,Lake Sturgeon,0,"All: Commercial fishing for Lake Sturgeon prohibited in Michigan waters from 1929-1950, and in the waters of other states since 1929.",Benthic invertivore
1988,Michigan,Lake Trout,284,,Piscivore
1988,Michigan,Lake Whitefish,5288,,Benthic invertivore
1988,Michigan,Northern Pike,6,"IL and IN: Northern pike catches reported for Illinois and Indiana except in 1899, 1903, 1917, 1922, 1949, 1959, 1968, 1970 and 1971 when less than 500 pounds taken from Indiana waters, and in 1967 when less than 500 pounds were taken from Illinois waters.",Piscivore
1988,Michigan,Pacific Salmon,0,,Piscivore
1988,Michigan,Rainbow Smelt,2691,,Planktivore
1988,Michigan,Round Whitefish,223,,Benthic invertivore
1988,Michigan,Suckers,732,,Benthic omnivore
1988,Michigan,Walleye,1,,Piscivore
1988,Michigan,Yellow Perch,2558,,Invertivore
1989,Michigan,Alewife,14142,,Planktivore
1989,Michigan,Bullheads,6,,Benthic omnivore
1989,Michigan,Burbot,92,,Piscivore
1989,Michigan,Carp,2,,Benthic omnivore
1989,Michigan,Channel Catfish,5,,Benthic omnivore
1989,Michigan,Chubs,3254,,Planktivore
1989,Michigan,Cisco,0,,Planktivore
1989,Michigan,Freshwater Drum,4,,Benthic invertivore
1989,Michigan,Lake Sturgeon,0,"All: Commercial fishing for Lake Sturgeon prohibited in Michigan waters from 1929-1950, and in the waters of other states since 1929.",Benthic invertivore
1989,Michigan,Lake Trout,341,,Piscivore
1989,Michigan,Lake Whitefish,5362,,Benthic invertivore
1989,Michigan,Northern Pike,1,"IL and IN: Northern pike catches reported for Illinois and Indiana except in 1899, 1903, 1917, 1922, 1949, 1959, 1968, 1970 and 1971 when less than 500 pounds taken from Indiana waters, and in 1967 when less than 500 pounds were taken from Illinois waters.",Piscivore
1989,Michigan,Pacific Salmon,53,,Piscivore
1989,Michigan,Rainbow Smelt,2890,,Planktivore
1989,Michigan,Round Whitefish,136,,Benthic invertivore
1989,Michigan,Suckers,2771,,Benthic omnivore
1989,Michigan,Walleye,5,,Piscivore
1989,Michigan,Yellow Perch,1332,,Invertivore
1990,Michigan,Alewife,10712,,Planktivore
1990,Michigan,Bullheads,8,,Benthic omnivore
1990,Michigan,Burbot,63,,Piscivore
1990,Michigan,Carp,0,,Benthic omnivore
1990,Michigan,Channel Catfish,8,,Benthic omnivore
1990,Michigan,Chubs,3572,,Planktivore
1990,Michigan,Cisco,0,,Planktivore
1990,Michigan,Freshwater Drum,10,,Benthic invertivore
1990,Michigan,Lake Sturgeon,0,"All: Commercial fishing for Lake Sturgeon prohibited in Michigan waters from 1929-1950, and in the waters of other states since 1929.",Benthic invertivore
1990,Michigan,Lake Trout,459,,Piscivore
1990,Michigan,Lake Whitefish,5103,,Benthic invertivore
1990,Michigan,Northern Pike,0,"IL and IN: Northern pike catches reported for Illinois and Indiana except in 1899, 1903, 1917, 1922, 1949, 1959, 1968, 1970 and 1971 when less than 500 pounds taken from Indiana waters, and in 1967 when less than 500 pounds were taken from Illinois waters.",Piscivore
1990,Michigan,Pacific Salmon,18,,Piscivore
1990,Michigan,Rainbow Smelt,3077,,Planktivore
1990,Michigan,Round Whitefish,203,,Benthic invertivore
1990,Michigan,Suckers,412,,Benthic omnivore
1990,Michigan,Walleye,1,,Piscivore
1990,Michigan,Yellow Perch,1680,,Invertivore
1991,Michigan,Alewife,38.358,,Planktivore
1991,Michigan,Bullheads,5,,Benthic omnivore
1991,Michigan,Burbot,66.41,,Piscivore
1991,Michigan,Carp,1,,Benthic omnivore
1991,Michigan,Channel Catfish,3.332,,Benthic omnivore
1991,Michigan,Chubs,3287.861,,Planktivore
1991,Michigan,Cisco,4,,Planktivore
1991,Michigan,Freshwater Drum,7,,Benthic invertivore
1991,Michigan,Lake Sturgeon,0,"All: Commercial fishing for Lake Sturgeon prohibited in Michigan waters from 1929-1950, and in the waters of other states since 1929.",Benthic invertivore
1991,Michigan,Lake Trout,238,,Piscivore
1991,Michigan,Lake Whitefish,5989.262,,Benthic invertivore
1991,Michigan,Northern Pike,0,"IL and IN: Northern pike catches reported for Illinois and Indiana except in 1899, 1903, 1917, 1922, 1949, 1959, 1968, 1970 and 1971 when less than 500 pounds taken from Indiana waters, and in 1967 when less than 500 pounds were taken from Illinois waters.",Piscivore
1991,Michigan,Pacific Salmon,14,,Piscivore
1991,Michigan,Rainbow Smelt,3529.728,,Planktivore
1991,Michigan,Round Whitefish,129.418,,Benthic invertivore
1991,Michigan,Suckers,1007.073,,Benthic omnivore
1991,Michigan,Walleye,2,,Piscivore
1991,Michigan,White Bass,3.594,,Piscivore
1991,Michigan,White Perch,0.003,,Invertivore
1991,Michigan,Yellow Perch,2319.889,,Invertivore
1992,Michigan,Alewife,130.5,,Planktivore
1992,Michigan,Bullheads,0,,Benthic omnivore
1992,Michigan,Burbot,114.577,,Piscivore
1992,Michigan,Carp,2,,Benthic omnivore
1992,Michigan,Channel Catfish,9.055,,Benthic omnivore
1992,Michigan,Chinook Salmon,7,,Piscivore
1992,Michigan,Chubs,4092.544,,Planktivore
1992,Michigan,Cisco,0,,Planktivore
1992,Michigan,Coho Salmon,1,,Piscivore
1992,Michigan,Freshwater Drum,2,,Benthic invertivore
1992,Michigan,Lake Sturgeon,0,"All: Commercial fishing for Lake Sturgeon prohibited in Michigan waters from 1929-1950, and in the waters of other states since 1929.",Benthic invertivore
1992,Michigan,Lake Trout,303,,Piscivore
1992,Michigan,Lake Whitefish,7298.619,,Benthic invertivore
1992,Michigan,Northern Pike,0,"IL and IN: Northern pike catches reported for Illinois and Indiana except in 1899, 1903, 1917, 1922, 1949, 1959, 1968, 1970 and 1971 when less than 500 pounds taken from Indiana waters, and in 1967 when less than 500 pounds were taken from Illinois waters.",Piscivore
1992,Michigan,Rainbow Smelt,3595.459,,Planktivore
1992,Michigan,Round Whitefish,245.373,,Benthic invertivore
1992,Michigan,Suckers,1357.894,,Benthic omnivore
1992,Michigan,Walleye,3,,Piscivore
1992,Michigan,White Bass,1.177,,Piscivore
1992,Michigan,White Perch,0.598,,Invertivore
1992,Michigan,Yellow Perch,2493.074,,Invertivore
1993,Michigan,Alewife,7,,Planktivore
1993,Michigan,Bullheads,2,,Benthic omnivore
1993,Michigan,Burbot,78,,Piscivore
1993,Michigan,Carp,0,,Benthic omnivore
1993,Michigan,Channel Catfish,17,,Benthic omnivore
1993,Michigan,Chinook Salmon,6,,Piscivore
1993,Michigan,Chubs,4906,,Planktivore
1993,Michigan,Cisco,1,,Planktivore
1993,Michigan,Coho Salmon,0,,Piscivore
1993,Michigan,Freshwater Drum,1,,Benthic invertivore
1993,Michigan,Lake Sturgeon,0,"All: Commercial fishing for Lake Sturgeon prohibited in Michigan waters from 1929-1950, and in the waters of other states since 1929.",Benthic invertivore
1993,Michigan,Lake Trout,338,,Piscivore
1993,Michigan,Lake Whitefish,8341,,Benthic invertivore
1993,Michigan,Northern Pike,0,"IL and IN: Northern pike catches reported for Illinois and Indiana except in 1899, 1903, 1917, 1922, 1949, 1959, 1968, 1970 and 1971 when less than 500 pounds taken from Indiana waters, and in 1967 when less than 500 pounds were taken from Illinois waters.",Piscivore
1993,Michigan,Rainbow Smelt,2491,,Planktivore
1993,Michigan,Round Whitefish,209.971,,Benthic invertivore
1993,Michigan,Suckers,301,,Benthic omnivore
1993,Michigan,Walleye,4,,Piscivore
1993,Michigan,Yellow Perch,2503,,Invertivore
1994,Michigan,Alewife,9,,Planktivore
1994,Michigan,Bullheads,1,,Benthic omnivore
1994,Michigan,Burbot,51,,Piscivore
1994,Michigan,Carp,0,,Benthic omnivore
1994,Michigan,Channel Catfish,5,,Benthic omnivore
1994,Michigan,Chinook Salmon,43,,Piscivore
1994,Michigan,Chubs,4563,,Planktivore
1994,Michigan,Cisco,0,,Planktivore
1994,Michigan,Coho Salmon,0,,Piscivore
1994,Michigan,Freshwater Drum,1,,Benthic invertivore
1994,Michigan,Lake Sturgeon,0,"All: Commercial fishing for Lake Sturgeon prohibited in Michigan waters from 1929-1950, and in the waters of other states since 1929.",Benthic invertivore
1994,Michigan,Lake Trout,513,,Piscivore
1994,Michigan,Lake Whitefish,6948,,Benthic invertivore
1994,Michigan,Northern Pike,0,"IL and IN: Northern pike catches reported for Illinois and Indiana except in 1899, 1903, 1917, 1922, 1949, 1959, 1968, 1970 and 1971 when less than 500 pounds taken from Indiana waters, and in 1967 when less than 500 pounds were taken from Illinois waters.",Piscivore
1994,Michigan,Rainbow Smelt,2050,,Planktivore
1994,Michigan,Round Whitefish,169,,Benthic invertivore
1994,Michigan,Suckers,926,,Benthic omnivore
1994,Michigan,Walleye,3,,Piscivore
1994,Michigan,Yellow Perch,1851,,Invertivore
1995,Michigan,Alewife,0,,Planktivore
1995,Michigan,Bullheads,0,,Benthic omnivore
1995,Michigan,Burbot,45,,Piscivore
1995,Michigan,Carp,1,,Benthic omnivore
1995,Michigan,Channel Catfish,1,,Benthic omnivore
1995,Michigan,Chinook Salmon,57,,Piscivore
1995,Michigan,Chubs,3675,,Planktivore
1995,Michigan,Cisco,0,,Planktivore
1995,Michigan,Coho Salmon,0,,Piscivore
1995,Michigan,Freshwater Drum,0,,Benthic invertivore
1995,Michigan,Lake Sturgeon,0,"All: Commercial fishing for Lake Sturgeon prohibited in Michigan waters from 1929-1950, and in the waters of other states since 1929.",Benthic invertivore
1995,Michigan,Lake Trout,437,,Piscivore
1995,Michigan,Lake Whitefish,7361,,Benthic invertivore
1995,Michigan,Northern Pike,0,"IL and IN: Northern pike catches reported for Illinois and Indiana except in 1899, 1903, 1917, 1922, 1949, 1959, 1968, 1970 and 1971 when less than 500 pounds taken from Indiana waters, and in 1967 when less than 500 pounds were taken from Illinois waters.",Piscivore
1995,Michigan,Rainbow Smelt,1422,,Planktivore
1995,Michigan,Round Whitefish,96,,Benthic invertivore
1995,Michigan,Suckers,619,,Benthic omnivore
1995,Michigan,Walleye,0,,Piscivore
1995,Michigan,Yellow Perch,879,,Invertivore
1996,Michigan,Alewife,0,,Planktivore
1996,Michigan,Bullheads,0,,Benthic omnivore
1996,Michigan,Burbot,27,,Piscivore
1996,Michigan,Carp,0,,Benthic omnivore
1996,Michigan,Channel Catfish,0,,Benthic omnivore
1996,Michigan,Chinook Salmon,47,,Piscivore
1996,Michigan,Chubs,3508,,Planktivore
1996,Michigan,Cisco,0,,Planktivore
1996,Michigan,Coho Salmon,0,,Piscivore
1996,Michigan,Freshwater Drum,4,,Benthic invertivore
1996,Michigan,Lake Sturgeon,0,"All: Commercial fishing for Lake Sturgeon prohibited in Michigan waters from 1929-1950, and in the waters of other states since 1929.",Benthic invertivore
1996,Michigan,Lake Trout,748,,Piscivore
1996,Michigan,Lake Whitefish,7934,,Benthic invertivore
1996,Michigan,Northern Pike,0,"IL and IN: Northern pike catches reported for Illinois and Indiana except in 1899, 1903, 1917, 1922, 1949, 1959, 1968, 1970 and 1971 when less than 500 pounds taken from Indiana waters, and in 1967 when less than 500 pounds were taken from Illinois waters.",Piscivore
1996,Michigan,Rainbow Smelt,891,,Planktivore
1996,Michigan,Round Whitefish,184,,Benthic invertivore
1996,Michigan,Suckers,774,,Benthic omnivore
1996,Michigan,Walleye,3,,Piscivore
1996,Michigan,Yellow Perch,526,,Invertivore
1997,Michigan,Alewife,4,,Planktivore
1997,Michigan,Bullheads,0,,Benthic omnivore
1997,Michigan,Burbot,45,,Piscivore
1997,Michigan,Carp,0,,Benthic omnivore
1997,Michigan,Channel Catfish,1,,Benthic omnivore
1997,Michigan,Chinook Salmon,29,,Piscivore
1997,Michigan,Chubs,4535,,Planktivore
1997,Michigan,Cisco,0,,Planktivore
1997,Michigan,Coho Salmon,0,,Piscivore
1997,Michigan,Freshwater Drum,1,,Benthic invertivore
1997,Michigan,Gizzard Shad,26,,Planktivore
1997,Michigan,Lake Sturgeon,0,,Benthic invertivore
1997,Michigan,Lake Trout,807,,Piscivore
1997,Michigan,Lake Whitefish,7596,,Benthic invertivore
1997,Michigan,Northern Pike,0,,Piscivore
1997,Michigan,Rainbow Smelt,663,,Planktivore
1997,Michigan,Round Whitefish,197,,Benthic invertivore
1997,Michigan,Suckers,504,,Benthic omnivore
1997,Michigan,Walleye,9,,Piscivore
1997,Michigan,White Bass,5,,Piscivore
1997,Michigan,White Perch,1,,Invertivore
1997,Michigan,Yellow Perch,137,,Invertivore
1998,Michigan,Alewife,50,,Planktivore
1998,Michigan,Bullheads,0,,Benthic omnivore
1998,Michigan,Burbot,47,,Piscivore
1998,Michigan,Carp,0,,Benthic omnivore
1998,Michigan,Channel Catfish,0,,Benthic omnivore
1998,Michigan,Chinook Salmon,27,,Piscivore
1998,Michigan,Chubs,3316,,Planktivore
1998,Michigan,Cisco,0,,Planktivore
1998,Michigan,Coho Salmon,0,,Piscivore
1998,Michigan,Freshwater Drum,0,,Benthic invertivore
1998,Michigan,Gizzard Shad,12,,Planktivore
1998,Michigan,Lake Sturgeon,0,,Benthic invertivore
1998,Michigan,Lake Trout,889,,Piscivore
1998,Michigan,Lake Whitefish,7299,,Benthic invertivore
1998,Michigan,Northern Pike,0,,Piscivore
1998,Michigan,Rainbow Smelt,701,,Planktivore
1998,Michigan,Round Whitefish,128,,Benthic invertivore
1998,Michigan,Suckers,518,,Benthic omnivore
1998,Michigan,Walleye,2,,Piscivore
1998,Michigan,White Bass,0,,Piscivore
1998,Michigan,White Perch,0,,Invertivore
1998,Michigan,Yellow Perch,207,,Invertivore
1999,Michigan,Alewife,15,,Planktivore
1999,Michigan,Bullheads,0,,Benthic omnivore
1999,Michigan,Burbot,32,,Piscivore
1999,Michigan,Carp,0,,Benthic omnivore
1999,Michigan,Channel Catfish,1,,Benthic omnivore
1999,Michigan,Chinook Salmon,8,,Piscivore
1999,Michigan,Chubs,2073,,Planktivore
1999,Michigan,Cisco,1,,Planktivore
1999,Michigan,Coho Salmon,0,,Piscivore
1999,Michigan,Freshwater Drum,0,,Benthic invertivore
1999,Michigan,Gizzard Shad,9,,Planktivore
1999,Michigan,Lake Sturgeon,0,,Benthic invertivore
1999,Michigan,Lake Trout,980,,Piscivore
1999,Michigan,Lake Whitefish,6669,,Benthic invertivore
1999,Michigan,Northern Pike,0,,Piscivore
1999,Michigan,Rainbow Smelt,1336,,Planktivore
1999,Michigan,Round Whitefish,83,,Benthic invertivore
1999,Michigan,Suckers,46,,Benthic omnivore
1999,Michigan,Walleye,1,,Piscivore
1999,Michigan,White Bass,0,,Piscivore
1999,Michigan,White Perch,0,,Invertivore
1999,Michigan,Yellow Perch,177,,Invertivore
2000,Michigan,Alewife,47,,Planktivore
2000,Michigan,Bullheads,0,,Benthic omnivore
2000,Michigan,Burbot,13,,Piscivore
2000,Michigan,Carp,0,,Benthic omnivore
2000,Michigan,Channel Catfish,0.088,,Benthic omnivore
2000,Michigan,Chinook Salmon,34766.921,,Piscivore
2000,Michigan,Chubs,1533,,Planktivore
2000,Michigan,Cisco,0.221,,Planktivore
2000,Michigan,Coho Salmon,0,,Piscivore
2000,Michigan,Freshwater Drum,0,,Benthic invertivore
2000,Michigan,Gizzard Shad,5,,Planktivore
2000,Michigan,Lake Trout,622.293,,Piscivore
2000,Michigan,Lake Whitefish,4794,,Benthic invertivore
2000,Michigan,Pacific Salmon,34.778,"For U.S. data, Chinook salmon.",Piscivore
2000,Michigan,Rainbow Smelt,387,,Planktivore
2000,Michigan,Round Whitefish,26.812,,Benthic invertivore
2000,Michigan,Suckers,8.217,,Benthic omnivore
2000,Michigan,Walleye,12.718,,Piscivore
2000,Michigan,White Bass,0,,Piscivore
2000,Michigan,White Perch,0,,Invertivore
2000,Michigan,Yellow Perch,57.582,,Invertivore
2001,Michigan,Alewife,106,,Planktivore
2001,Michigan,Buffalo,0,,Benthic omnivore
2001,Michigan,Bullheads,0,,Benthic omnivore
2001,Michigan,Burbot,17,,Piscivore
2001,Michigan,Carp,0,,Benthic omnivore
2001,Michigan,Channel Catfish,0.043,,Benthic omnivore
2001,Michigan,Chinook Salmon,29112.07,,Piscivore
2001,Michigan,Chubs,1717,,Planktivore
2001,Michigan,Cisco,0.109,,Planktivore
2001,Michigan,Coho Salmon,0,,Piscivore
2001,Michigan,Freshwater Drum,1,,Benthic invertivore
2001,Michigan,Gizzard Shad,6,,Planktivore
2001,Michigan,Lake Trout,491.093,,Piscivore
2001,Michigan,Lake Whitefish,4610,,Benthic invertivore
2001,Michigan,Pacific Salmon,29.112,"For U.S. data, Chinook salmon.",Piscivore
2001,Michigan,Rainbow Smelt,328,,Planktivore
2001,Michigan,Round Whitefish,10.296,,Benthic invertivore
2001,Michigan,Suckers,8.53,,Benthic omnivore
2001,Michigan,Walleye,12.861,,Piscivore
2001,Michigan,White Bass,1,,Piscivore
2001,Michigan,White Perch,2,,Invertivore
2001,Michigan,Yellow Perch,38.987,,Invertivore
2002,Michigan,Alewife,197,,Planktivore
2002,Michigan,Bullheads,0,,Benthic omnivore
2002,Michigan,Burbot,12.352,,Piscivore
2002,Michigan,Carp,0,,Benthic omnivore
2002,Michigan,Channel Catfish,0.672,,Benthic omnivore
2002,Michigan,Chinook Salmon,15747.38,,Piscivore
2002,Michigan,Chubs,1999,,Planktivore
2002,Michigan,Cisco,0.394,,Planktivore
2002,Michigan,Coho Salmon,0,,Piscivore
2002,Michigan,Freshwater Drum,0,,Benthic invertivore
2002,Michigan,Gizzard Shad,13,,Planktivore
2002,Michigan,Lake Trout,290.329,,Piscivore
2002,Michigan,Lake Whitefish,3874,,Benthic invertivore
2002,Michigan,Pacific Salmon,15.747,"For U.S. data, Chinook salmon.",Piscivore
2002,Michigan,Rainbow Smelt,452,,Planktivore
2002,Michigan,Round Whitefish,8.465,,Benthic invertivore
2002,Michigan,Suckers,2.367,,Benthic omnivore
2002,Michigan,Walleye,15.235,,Piscivore
2002,Michigan,White Perch,1,,Invertivore
2002,Michigan,Yellow Perch,19.79,,Invertivore
2003,Michigan,Alewife,96,,Planktivore
2003,Michigan,Bullheads,0,,Benthic omnivore
2003,Michigan,Burbot,20,,Piscivore
2003,Michigan,Carp,0,,Benthic omnivore
2003,Michigan,Channel Catfish,0.097,,Benthic omnivore
2003,Michigan,Chinook Salmon,3095.047,,Piscivore
2003,Michigan,Chubs,1871,,Planktivore
2003,Michigan,Cisco,0.156,,Planktivore
2003,Michigan,Coho Salmon,0,,Piscivore
2003,Michigan,Freshwater Drum,0,,Benthic invertivore
2003,Michigan,Gizzard Shad,5,,Planktivore
2003,Michigan,Lake Trout,190.101,,Piscivore
2003,Michigan,Lake Whitefish,3959,,Benthic invertivore
2003,Michigan,Pacific Salmon,3.095,"For U.S. data, Chinook salmon.",Piscivore
2003,Michigan,Rainbow Smelt,185,,Planktivore
2003,Michigan,Round Whitefish,13.601,,Benthic invertivore
2003,Michigan,Suckers,125.345,,Benthic omnivore
2003,Michigan,Walleye,7.233,,Piscivore
2003,Michigan,White Bass,0,,Piscivore
2003,Michigan,White Perch,12,,Invertivore
2003,Michigan,Yellow Perch,19.249,,Invertivore
2004,Michigan,Alewife,63.001,,Planktivore
2004,Michigan,Bullheads,0,,Benthic omnivore
2004,Michigan,Burbot,11,,Piscivore
2004,Michigan,Carp,0,,Benthic omnivore
2004,Michigan,Channel Catfish,0.012,,Benthic omnivore
2004,Michigan,Chinook Salmon,1307.096,,Piscivore
2004,Michigan,Chubs,1675,,Planktivore
2004,Michigan,Cisco,0.032,,Planktivore
2004,Michigan,Coho Salmon,0.005,,Piscivore
2004,Michigan,Freshwater Drum,0,,Benthic invertivore
2004,Michigan,Gizzard Shad,0,,Planktivore
2004,Michigan,Lake Trout,169.916,,Piscivore
2004,Michigan,Lake Whitefish,4022,,Benthic invertivore
2004,Michigan,Pacific Salmon,1.312,"For U.S. data, Chinook and Coho salmon.",Piscivore
2004,Michigan,Rainbow Smelt,415,,Planktivore
2004,Michigan,Round Whitefish,13.436,,Benthic invertivore
2004,Michigan,Suckers,2.511,,Benthic omnivore
2004,Michigan,Walleye,8.315,,Piscivore
2004,Michigan,White Bass,0,,Piscivore
2004,Michigan,White Perch,2,,Invertivore
2004,Michigan,Yellow Perch,18.481,,Invertivore
2005,Michigan,Alewife,43,,Planktivore
2005,Michigan,Bullheads,0,,Benthic omnivore
2005,Michigan,Burbot,14.134,,Piscivore
2005,Michigan,Carp,0,,Benthic omnivore
2005,Michigan,Channel Catfish,0.067,,Benthic omnivore
2005,Michigan,Chinook Salmon,5341.486,,Piscivore
2005,Michigan,Chubs,1810,,Planktivore
2005,Michigan,Cisco,,,Planktivore
2005,Michigan,Coho Salmon,0,,Piscivore
2005,Michigan,Freshwater Drum,2,,Benthic invertivore
2005,Michigan,Gizzard Shad,0,,Planktivore
2005,Michigan,Lake Trout,223.222,,Piscivore
2005,Michigan,Lake Whitefish,4506,,Benthic invertivore
2005,Michigan,Pacific Salmon,5.341,"For U.S. data, Chinook salmon.",Piscivore
2005,Michigan,Rainbow Smelt,676,,Planktivore
2005,Michigan,Round Whitefish,13.635,,Benthic invertivore
2005,Michigan,Suckers,24.848,,Benthic omnivore
2005,Michigan,Walleye,6.043,,Piscivore
2005,Michigan,White Bass,0,,Piscivore
2005,Michigan,White Perch,1,,Invertivore
2005,Michigan,Yellow Perch,23.144,,Invertivore
2006,Michigan,Alewife,28,,Planktivore
2006,Michigan,Bullheads,0,,Benthic omnivore
2006,Michigan,Burbot,13.016,,Piscivore
2006,Michigan,Carp,0,,Benthic omnivore
2006,Michigan,Channel Catfish,1.041,,Benthic omnivore
2006,Michigan,Chinook Salmon,5623.043,,Piscivore
2006,Michigan,Chubs,1159,,Planktivore
2006,Michigan,Cisco,,,Planktivore
2006,Michigan,Coho Salmon,0.007,,Piscivore
2006,Michigan,Freshwater Drum,0,,Benthic invertivore
2006,Michigan,Gizzard Shad,0,,Planktivore
2006,Michigan,Lake Trout,237.664,,Piscivore
2006,Michigan,Lake Whitefish,4980,,Benthic invertivore
2006,Michigan,Pacific Salmon,5.63,"For U.S. data, Chinook and Coho salmon.",Piscivore
2006,Michigan,Rainbow Smelt,837,,Planktivore
2006,Michigan,Round Whitefish,0.889,,Benthic invertivore
2006,Michigan,Suckers,1.02,,Benthic omnivore
2006,Michigan,Walleye,2.536,,Piscivore
2006,Michigan,White Bass,1,,Piscivore
2006,Michigan,White Perch,0,,Invertivore
2006,Michigan,Yellow Perch,90.295,,Invertivore
2007,Michigan,Alewife,20,,Planktivore
2007,Michigan,Bullheads,1,,Benthic omnivore
2007,Michigan,Burbot,11,,Piscivore
2007,Michigan,Carp,0,,Benthic omnivore
2007,Michigan,Channel Catfish,0.043,,Benthic omnivore
2007,Michigan,Chinook Salmon,3892.64,,Piscivore
2007,Michigan,Chubs,685,,Planktivore
2007,Michigan,Cisco,0.435,,Planktivore
2007,Michigan,Coho Salmon,0,,Piscivore
2007,Michigan,Freshwater Drum,0,,Benthic invertivore
2007,Michigan,Gizzard Shad,0,,Planktivore
2007,Michigan,Lake Trout,270.414,,Piscivore
2007,Michigan,Lake Whitefish,4640,,Benthic invertivore
2007,Michigan,Pacific Salmon,3.893,,Piscivore
2007,Michigan,Rainbow Smelt,429,,Planktivore
2007,Michigan,Round Whitefish,1.819,,Benthic invertivore
2007,Michigan,Suckers,0.008,,Benthic omnivore
2007,Michigan,Walleye,7.358,,Piscivore
2007,Michigan,White Bass,0,,Piscivore
2007,Michigan,White Perch,1,,Invertivore
2007,Michigan,Yellow Perch,66.096,,Invertivore
2008,Michigan,Alewife,31,,Planktivore
2008,Michigan,Bullheads,1,,Benthic omnivore
2008,Michigan,Burbot,11,,Piscivore
2008,Michigan,Carp,0.444,,Benthic omnivore
2008,Michigan,Channel Catfish,0.011,,Benthic omnivore
2008,Michigan,Chinook Salmon,5491.864,,Piscivore
2008,Michigan,Chubs,459,,Planktivore
2008,Michigan,Cisco,0.23,,Planktivore
2008,Michigan,Coho Salmon,0,,Piscivore
2008,Michigan,Freshwater Drum,3,,Benthic invertivore
2008,Michigan,Gizzard Shad,1,,Planktivore
2008,Michigan,Lake Trout,348.372,,Piscivore
2008,Michigan,Lake Whitefish,4802,,Benthic invertivore
2008,Michigan,Pacific Salmon,5.492,,Piscivore
2008,Michigan,Rainbow Smelt,191,,Planktivore
2008,Michigan,Round Whitefish,4.62,,Benthic invertivore
2008,Michigan,Suckers,3.95,,Benthic omnivore
2008,Michigan,Walleye,6.856,,Piscivore
2008,Michigan,White Bass,1,,Piscivore
2008,Michigan,White Perch,2,,Invertivore
2008,Michigan,Yellow Perch,69.303,,Invertivore
2009,Michigan,Alewife,5,,Planktivore
2009,Michigan,Bullheads,0,,Benthic omnivore
2009,Michigan,Burbot,12,,Piscivore
2009,Michigan,Carp,0,,Benthic omnivore
2009,Michigan,Channel Catfish,0.018,,Benthic omnivore
2009,Michigan,Chinook Salmon,3072.871,,Piscivore
2009,Michigan,Chubs,308,,Planktivore
2009,Michigan,Cisco,0.815,,Planktivore
2009,Michigan,Coho Salmon,0,,Piscivore
2009,Michigan,Freshwater Drum,1,,Benthic invertivore
2009,Michigan,Gizzard Shad,0,,Planktivore
2009,Michigan,Lake Trout,391.213,,Piscivore
2009,Michigan,Lake Whitefish,5563,,Benthic invertivore
2009,Michigan,Pacific Salmon,3.073,,Piscivore
2009,Michigan,Rainbow Smelt,45,,Planktivore
2009,Michigan,Round Whitefish,8.933,,Benthic invertivore
2009,Michigan,Suckers,2.418,,Benthic omnivore
2009,Michigan,Walleye,11.117,,Piscivore
2009,Michigan,White Bass,0,,Piscivore
2009,Michigan,White Perch,1,,Invertivore
2009,Michigan,Yellow Perch,62.776,,Invertivore
2010,Michigan,Alewife,16,,Planktivore
2010,Michigan,Bullheads,0,,Benthic omnivore
2010,Michigan,Burbot,12,,Piscivore
2010,Michigan,Carp,0,,Benthic omnivore
2010,Michigan,Channel Catfish,0.06,,Benthic omnivore
2010,Michigan,Chinook Salmon,2382.299,,Piscivore
2010,Michigan,Chubs,159,,Planktivore
2010,Michigan,Cisco,0.047,,Planktivore
2010,Michigan,Coho Salmon,0,,Piscivore
2010,Michigan,Freshwater Drum,2,,Benthic invertivore
2010,Michigan,Gizzard Shad,0,,Planktivore
2010,Michigan,Lake Trout,425.699,,Piscivore
2010,Michigan,Lake Whitefish,5295,,Benthic invertivore
2010,Michigan,Pacific Salmon,2.382,,Piscivore
2010,Michigan,Rainbow Smelt,323,,Planktivore
2010,Michigan,Round Whitefish,6.687,,Benthic invertivore
2010,Michigan,Suckers,5.699,,Benthic omnivore
2010,Michigan,Walleye,9.447,,Piscivore
2010,Michigan,White Bass,1,,Piscivore
2010,Michigan,White Perch,1,,Invertivore
2010,Michigan,Yellow Perch,76.353,,Invertivore
2011,Michigan,Alewife,0,,Planktivore
2011,Michigan,Bullheads,0,,Benthic omnivore
2011,Michigan,Burbot,18.17,,Piscivore
2011,Michigan,Carp,0.035,,Benthic omnivore
2011,Michigan,Channel Catfish,1,,Benthic omnivore
2011,Michigan,Chinook Salmon,6661.742,,Piscivore
2011,Michigan,Chubs,103,,Planktivore
2011,Michigan,Cisco,0.04,,Planktivore
2011,Michigan,Coho Salmon,0.398,,Piscivore
2011,Michigan,Freshwater Drum,,,Benthic invertivore
2011,Michigan,Gizzard Shad,0,,Planktivore
2011,Michigan,Lake Trout,487.755,,Piscivore
2011,Michigan,Lake Whitefish,5008,,Benthic invertivore
2011,Michigan,Pacific Salmon,7.059,,Piscivore
2011,Michigan,Rainbow Smelt,267,,Planktivore
2011,Michigan,Round Whitefish,10.164,,Benthic invertivore
2011,Michigan,Suckers,1.942,,Benthic omnivore
2011,Michigan,Walleye,9.274,,Piscivore
2011,Michigan,White Bass,0,,Piscivore
2011,Michigan,White Perch,1,,Invertivore
2011,Michigan,Yellow Perch,50.789,,Invertivore
2012,Michigan,Alewife,42,,Planktivore
2012,Michigan,Bullheads,0,,Benthic omnivore
2012,Michigan,Burbot,12,,Piscivore
2012,Michigan,Carp,0.003,,Benthic omnivore
2012,Michigan,Channel Catfish,1,,Benthic omnivore
2012,Michigan,Chinook Salmon,3426.836,,Piscivore
2012,Michigan,Chubs,26.912,,Planktivore
2012,Michigan,Cisco,0.528,,Planktivore
2012,Michigan,Coho Salmon,0,,Piscivore
2012,Michigan,Freshwater Drum,3,,Benthic invertivore
2012,Michigan,Gizzard Shad,0,,Planktivore
2012,Michigan,Lake Trout,506.513,,Piscivore
2012,Michigan,Lake Whitefish,5014,,Benthic invertivore
2012,Michigan,Pacific Salmon,3.427,,Piscivore
2012,Michigan,Rainbow Smelt,32,,Planktivore
2012,Michigan,Round Whitefish,4.127,,Benthic invertivore
2012,Michigan,Suckers,2.293,,Benthic omnivore
2012,Michigan,Walleye,9.148,,Piscivore
2012,Michigan,White Bass,0,,Piscivore
2012,Michigan,White Perch,0,,Invertivore
2012,Michigan,Yellow Perch,66.672,,Invertivore
2013,Michigan,Alewife,5.565,,Planktivore
2013,Michigan,Bullheads,0,,Benthic omnivore
2013,Michigan,Burbot,11.751,,Piscivore
2013,Michigan,Carp,0.122,,Benthic omnivore
2013,Michigan,Channel Catfish,0.408,,Benthic omnivore
2013,Michigan,Chinook Salmon,3083.47,,Piscivore
2013,Michigan,Chubs,24.576,,Planktivore
2013,Michigan,Cisco,2.227,,Planktivore
2013,Michigan,Coho Salmon,0.093,,Piscivore
2013,Michigan,Freshwater Drum,0.017,,Benthic invertivore
2013,Michigan,Gizzard Shad,0,,Planktivore
2013,Michigan,Lake Trout,657.864,,Piscivore
2013,Michigan,Lake Whitefish,3937.745,,Benthic invertivore
2013,Michigan,Pacific Salmon,3.177,,Piscivore
2013,Michigan,Rainbow Smelt,1.956,,Planktivore
2013,Michigan,Round Whitefish,2.345,,Benthic invertivore
2013,Michigan,Suckers,3.546,,Benthic omnivore
2013,Michigan,Walleye,10.418,,Piscivore
2013,Michigan,White Bass,0.098,,Piscivore
2013,Michigan,White Perch,0.54,,Invertivore
2013,Michigan,Yellow Perch,91.134,,Invertivore
2014,Michigan,Alewife,0,,Planktivore
2014,Michigan,Bullheads,0.008,,Benthic omnivore
2014,Michigan,Burbot,10.536,,Piscivore
2014,Michigan,Carp,0.127,,Benthic omnivore
2014,Michigan,Channel Catfish,0.483,,Benthic omnivore
2014,Michigan,Chinook Salmon,584.28,,Piscivore
2014,Michigan,Chubs,42.848,,Planktivore
2014,Michigan,Cisco,0.863,,Planktivore
2014,Michigan,Coho Salmon,0.013,,Piscivore
2014,Michigan,Freshwater Drum,20.032,,Benthic invertivore
2014,Michigan,Gizzard Shad,0,,Planktivore
2014,Michigan,Lake Trout,668.876,,Piscivore
2014,Michigan,Lake Whitefish,3615.788,,Benthic invertivore
2014,Michigan,Pacific Salmon,0.6,,Piscivore
2014,Michigan,Rainbow Smelt,0.08,,Planktivore
2014,Michigan,Round Whitefish,4.113,,Benthic invertivore
2014,Michigan,Suckers,13.39,,Benthic omnivore
2014,Michigan,Walleye,7.307,,Piscivore
2014,Michigan,White Bass,0.017,,Piscivore
2014,Michigan,White Perch,0.046,,Invertivore
2014,Michigan,Yellow Perch,46.897,,Invertivore
2015,Michigan,Alewife,6.526,,Planktivore
2015,Michigan,Bullheads,,,Benthic omnivore
2015,Michigan,Burbot,11.65,,Piscivore
2015,Michigan,Carp,0.015,,Benthic omnivore
2015,Michigan,Channel Catfish,0.567,,Benthic omnivore
2015,Michigan,Chinook Salmon,286.21,,Piscivore
2015,Michigan,Chubs,94.148,,Planktivore
2015,Michigan,Cisco,6.894,,Planktivore
2015,Michigan,Coho Salmon,0.004,,Piscivore
2015,Michigan,Freshwater Drum,0.072,,Benthic invertivore
2015,Michigan,Gizzard Shad,0,,Planktivore
2015,Michigan,Lake Trout,508.642,,Piscivore
2015,Michigan,Lake Whitefish,3276.399,,Benthic invertivore
2015,Michigan,Pacific Salmon,0.29,,Piscivore
2015,Michigan,Rainbow Smelt,0.482,,Planktivore
2015,Michigan,Round Whitefish,5.218,,Benthic invertivore
2015,Michigan,Suckers,15.375,,Benthic omnivore
2015,Michigan,Walleye,5.41,,Piscivore
2015,Michigan,White Bass,0.195,,Piscivore
2015,Michigan,White Perch,0.008,,Invertivore
2015,Michigan,Yellow Perch,55.098,,Invertivore
2016,Michigan,Alewife,3.33,,Planktivore
2016,Michigan,Bullheads,0.21,,Benthic omnivore
2016,Michigan,Burbot,11.377,,Piscivore
2016,Michigan,Carp,0,,Benthic omnivore
2016,Michigan,Channel Catfish,0.259,,Benthic omnivore
2016,Michigan,Chinook Salmon,3064.23,,Piscivore
2016,Michigan,Chubs,75.263,,Planktivore
2016,Michigan,Cisco,4.721,,Planktivore
2016,Michigan,Coho Salmon,0,,Piscivore
2016,Michigan,Freshwater Drum,0.099,,Benthic invertivore
2016,Michigan,Gizzard Shad,0,,Planktivore
2016,Michigan,Lake Trout,659.037,,Piscivore
2016,Michigan,Lake Whitefish,3072.907,,Benthic invertivore
2016,Michigan,Pacific Salmon,3.064,,Piscivore
2016,Michigan,Rainbow Smelt,0.037,,Planktivore
2016,Michigan,Round Whitefish,4.131,,Benthic invertivore
2016,Michigan,Suckers,21.353,,Benthic omnivore
2016,Michigan,Walleye,7.142,,Piscivore
2016,Michigan,White Bass,0.021,,Piscivore
2016,Michigan,White Perch,0.454,,Invertivore
2016,Michigan,Yellow Perch,36.956,,Invertivore
2017,Michigan,Alewife,0,,Planktivore
2017,Michigan,Bullheads,,,Benthic omnivore
2017,Michigan,Burbot,12.763,,Piscivore
2017,Michigan,Carp,0.011,,Benthic omnivore
2017,Michigan,Channel Catfish,0.077,,Benthic omnivore
2017,Michigan,Chinook Salmon,7374.17,,Piscivore
2017,Michigan,Chubs,21.221,,Planktivore
2017,Michigan,Cisco,4.973,,Planktivore
2017,Michigan,Coho Salmon,0.064,,Piscivore
2017,Michigan,Freshwater Drum,0.135,,Benthic invertivore
2017,Michigan,Gizzard Shad,0,,Planktivore
2017,Michigan,Lake Trout,672.07,,Piscivore
2017,Michigan,Lake Whitefish,2898.419,,Benthic invertivore
2017,Michigan,Pacific Salmon,7.438,,Piscivore
2017,Michigan,Rainbow Smelt,0.059,,Planktivore
2017,Michigan,Round Whitefish,6.49,,Benthic invertivore
2017,Michigan,Suckers,16.862,,Benthic omnivore
2017,Michigan,Walleye,3.508,,Piscivore
2017,Michigan,White Bass,0.024,,Piscivore
2017,Michigan,White Perch,0.756,,Invertivore
2017,Michigan,Yellow Perch,52.771,,Invertivore
2018,Michigan,Alewife,0,,Planktivore
2018,Michigan,Bullheads,0.133,,Benthic omnivore
2018,Michigan,Burbot,10.673,,Piscivore
2018,Michigan,Carp,0,,Benthic omnivore
2018,Michigan,Channel Catfish,0.111,,Benthic omnivore
2018,Michigan,Chinook Salmon,2388.23,,Piscivore
2018,Michigan,Chubs,11.507,,Planktivore
2018,Michigan,Cisco,3.735,,Planktivore
2018,Michigan,Coho Salmon,0.007,,Piscivore
2018,Michigan,Freshwater Drum,0.149,,Benthic invertivore
2018,Michigan,Gizzard Shad,0.007,,Planktivore
2018,Michigan,Lake Trout,591.682,,Piscivore
2018,Michigan,Lake Whitefish,2931.662,,Benthic invertivore
2018,Michigan,Pacific Salmon,2.395,,Piscivore
2018,Michigan,Rainbow Smelt,17.815,,Planktivore
2018,Michigan,Round Whitefish,1.923,,Benthic invertivore
2018,Michigan,Suckers,5.355,,Benthic omnivore
2018,Michigan,Walleye,6.092,,Piscivore
2018,Michigan,White Bass,0.335,,Piscivore
2018,Michigan,White Perch,0.185,,Invertivore
2018,Michigan,Yellow Perch,40.259,,Invertivore
2019,Michigan,Alewife,0,,Planktivore
2019,Michigan,Bullheads,,,Benthic omnivore
2019,Michigan,Burbot,8.61,,Piscivore
2019,Michigan,Carp,0.058,,Benthic omnivore
2019,Michigan,Channel Catfish,0.058,,Benthic omnivore
2019,Michigan,Chinook Salmon,2908.1,,Piscivore
2019,Michigan,Chubs,0.918,,Planktivore
2019,Michigan,Cisco,2.527,,Planktivore
2019,Michigan,Coho Salmon,0,,Piscivore
2019,Michigan,Freshwater Drum,0.009,,Benthic invertivore
2019,Michigan,Gizzard Shad,,,Planktivore
2019,Michigan,Lake Trout,581.85,,Piscivore
2019,Michigan,Lake Whitefish,2612.21,,Benthic invertivore
2019,Michigan,Pacific Salmon,2.908,,Piscivore
2019,Michigan,Rainbow Smelt,21.935,,Planktivore
2019,Michigan,Round Whitefish,2.383,,Benthic invertivore
2019,Michigan,Suckers,5.761,,Benthic omnivore
2019,Michigan,Walleye,5.481,,Piscivore
2019,Michigan,White Bass,0.043,,Piscivore
2019,Michigan,White Perch,0.286,,Invertivore
2019,Michigan,Yellow Perch,41.738,,Invertivore
2020,Michigan,Alewife,0,,Planktivore
2020,Michigan,Bullheads,0.008,,Benthic omnivore
2020,Michigan,Burbot,7.388,,Piscivore
2020,Michigan,Carp,0.037,,Benthic omnivore
2020,Michigan,Channel Catfish,0.113,,Benthic omnivore
2020,Michigan,Chinook Salmon,6182.51,,Piscivore
2020,Michigan,Chubs,3.662,,Planktivore
2020,Michigan,Cisco,1.519,,Planktivore
2020,Michigan,Coho Salmon,0,,Piscivore
2020,Michigan,Freshwater Drum,0.004,,Benthic invertivore
2020,Michigan,Gizzard Shad,,,Planktivore
2020,Michigan,Lake Trout,527.459,,Piscivore
2020,Michigan,Lake Whitefish,2141.532,,Benthic invertivore
2020,Michigan,Pacific Salmon,6.183,,Piscivore
2020,Michigan,Rainbow Smelt,0.01,,Planktivore
2020,Michigan,Round Whitefish,2.686,,Benthic invertivore
2020,Michigan,Suckers,6.819,,Benthic omnivore
2020,Michigan,Walleye,4.177,,Piscivore
2020,Michigan,White Bass,0.022,,Piscivore
2020,Michigan,White Perch,0.303,,Invertivore
2020,Michigan,Yellow Perch,49.291,,Invertivore
1867,Ontario,Cisco and Chubs,312,,Planktivore
1867,Ontario,Lake Trout,382,,Piscivore
1867,Ontario,Lake Whitefish,941,,Benthic invertivore
1867,Ontario,Walleye and Blue Pike,37,,Piscivore
1868,Ontario,Cisco and Chubs,353,,Planktivore
1868,Ontario,Lake Trout,613,,Piscivore
1868,Ontario,Lake Whitefish,1156,,Benthic invertivore
1868,Ontario,Walleye and Blue Pike,41,,Piscivore
1868,Ontario,Yellow Perch,1,,Invertivore
1869,Ontario,Cisco and Chubs,426,,Planktivore
1869,Ontario,Lake Trout,406,,Piscivore
1869,Ontario,Lake Whitefish,659,,Benthic invertivore
1869,Ontario,Walleye and Blue Pike,9,,Piscivore
1869,Ontario,Yellow Perch,2,,Invertivore
1870,Ontario,Cisco and Chubs,443,,Planktivore
1870,Ontario,Lake Trout,264,,Piscivore
1870,Ontario,Lake Whitefish,622,,Benthic invertivore
1870,Ontario,Walleye and Blue Pike,26,,Piscivore
1870,Ontario,Yellow Perch,10,,Invertivore
1871,Ontario,Cisco and Chubs,638,,Planktivore
1871,Ontario,Lake Trout,306,,Piscivore
1871,Ontario,Lake Whitefish,572,,Benthic invertivore
1871,Ontario,Walleye and Blue Pike,9,,Piscivore
1871,Ontario,Yellow Perch,,,Invertivore
1872,Ontario,Cisco and Chubs,769,,Planktivore
1872,Ontario,Lake Trout,187,,Piscivore
1872,Ontario,Lake Whitefish,492,,Benthic invertivore
1872,Ontario,Walleye and Blue Pike,25,,Piscivore
1872,Ontario,Yellow Perch,,,Invertivore
1873,Ontario,Cisco and Chubs,717,,Planktivore
1873,Ontario,Lake Trout,241,,Piscivore
1873,Ontario,Lake Whitefish,823,,Benthic invertivore
1873,Ontario,Northern Pike,109,,Piscivore
1873,Ontario,Walleye and Blue Pike,49,,Piscivore
1873,Ontario,Yellow Perch,,,Invertivore
1874,Ontario,Cisco and Chubs,384,,Planktivore
1874,Ontario,Lake Trout,118,,Piscivore
1874,Ontario,Lake Whitefish,464,,Benthic invertivore
1874,Ontario,Northern Pike,125,,Piscivore
1874,Ontario,Walleye and Blue Pike,45,,Piscivore
1874,Ontario,Yellow Perch,,,Invertivore
1875,Ontario,Cisco and Chubs,480,,Planktivore
1875,Ontario,Lake Trout,325,,Piscivore
1875,Ontario,Lake Whitefish,807,,Benthic invertivore
1875,Ontario,Northern Pike,84,,Piscivore
1875,Ontario,Walleye and Blue Pike,82,,Piscivore
1875,Ontario,Yellow Perch,,,Invertivore
1876,Ontario,Cisco and Chubs,665,,Planktivore
1876,Ontario,Lake Trout,378,,Piscivore
1876,Ontario,Lake Whitefish,535,,Benthic invertivore
1876,Ontario,Northern Pike,53,,Piscivore
1876,Ontario,Walleye and Blue Pike,85,,Piscivore
1876,Ontario,Yellow Perch,,,Invertivore
1877,Ontario,Cisco and Chubs,781,,Planktivore
1877,Ontario,Lake Trout,401,,Piscivore
1877,Ontario,Lake Whitefish,506,,Benthic invertivore
1877,Ontario,Northern Pike,99,,Piscivore
1877,Ontario,Walleye and Blue Pike,133,,Piscivore
1877,Ontario,Yellow Perch,,,Invertivore
1878,Ontario,Cisco and Chubs,387,,Planktivore
1878,Ontario,Lake Trout,362,,Piscivore
1878,Ontario,Lake Whitefish,777,,Benthic invertivore
1878,Ontario,Northern Pike,82,,Piscivore
1878,Ontario,Walleye and Blue Pike,45,,Piscivore
1878,Ontario,Yellow Perch,,,Invertivore
1879,Ontario,Cisco and Chubs,924,,Planktivore
1879,Ontario,Lake Sturgeon,546,,Benthic invertivore
1879,Ontario,Lake Trout,1008,,Piscivore
1879,Ontario,Lake Whitefish,1851,,Benthic invertivore
1879,Ontario,Northern Pike,81,,Piscivore
1879,Ontario,Walleye and Blue Pike,103,,Piscivore
1879,Ontario,Yellow Perch,,,Invertivore
1880,Ontario,Cisco and Chubs,206,,Planktivore
1880,Ontario,Lake Sturgeon,16,,Benthic invertivore
1880,Ontario,Lake Trout,250,,Piscivore
1880,Ontario,Lake Whitefish,799,,Benthic invertivore
1880,Ontario,Northern Pike,80,,Piscivore
1880,Ontario,Walleye and Blue Pike,105,,Piscivore
1880,Ontario,Yellow Perch,,,Invertivore
1881,Ontario,Cisco and Chubs,317,,Planktivore
1881,Ontario,Lake Sturgeon,12,,Benthic invertivore
1881,Ontario,Lake Trout,382,,Piscivore
1881,Ontario,Lake Whitefish,695,,Benthic invertivore
1881,Ontario,Northern Pike,156,,Piscivore
1881,Ontario,Walleye and Blue Pike,122,,Piscivore
1881,Ontario,Yellow Perch,1,,Invertivore
1882,Ontario,Cisco and Chubs,331,,Planktivore
1882,Ontario,Lake Sturgeon,103,,Benthic invertivore
1882,Ontario,Lake Trout,251,,Piscivore
1882,Ontario,Lake Whitefish,307,,Benthic invertivore
1882,Ontario,Northern Pike,123,,Piscivore
1882,Ontario,Walleye and Blue Pike,104,,Piscivore
1882,Ontario,Yellow Perch,,,Invertivore
1883,Ontario,Cisco and Chubs,449,,Planktivore
1883,Ontario,Lake Sturgeon,73,,Benthic invertivore
1883,Ontario,Lake Trout,317,,Piscivore
1883,Ontario,Lake Whitefish,131,,Benthic invertivore
1883,Ontario,Northern Pike,309,,Piscivore
1883,Ontario,Walleye and Blue Pike,114,,Piscivore
1883,Ontario,Yellow Perch,,,Invertivore
1884,Ontario,Amercian Eel,6,,Benthic invertivore
1884,Ontario,Cisco and Chubs,1417,,Planktivore
1884,Ontario,Lake Sturgeon,75,,Benthic invertivore
1884,Ontario,Lake Trout,377,,Piscivore
1884,Ontario,Lake Whitefish,184,,Benthic invertivore
1884,Ontario,Northern Pike,68,,Piscivore
1884,Ontario,Walleye and Blue Pike,113,,Piscivore
1884,Ontario,Yellow Perch,,,Invertivore
1885,Ontario,Amercian Eel,70,,Benthic invertivore
1885,Ontario,Channel Catfish and Bullheads,442,,Benthic omnivore
1885,Ontario,Cisco and Chubs,1901,,Planktivore
1885,Ontario,Lake Sturgeon,441,,Benthic invertivore
1885,Ontario,Lake Trout,329,,Piscivore
1885,Ontario,Lake Whitefish,452,,Benthic invertivore
1885,Ontario,Northern Pike,238,,Piscivore
1885,Ontario,Walleye and Blue Pike,473,,Piscivore
1885,Ontario,Yellow Perch,,,Invertivore
1886,Ontario,Amercian Eel,19,,Benthic invertivore
1886,Ontario,Channel Catfish and Bullheads,,,Benthic omnivore
1886,Ontario,Cisco and Chubs,1119,,Planktivore
1886,Ontario,Lake Sturgeon,22,,Benthic invertivore
1886,Ontario,Lake Trout,236,,Piscivore
1886,Ontario,Lake Whitefish,236,,Benthic invertivore
1886,Ontario,Northern Pike,146,,Piscivore
1886,Ontario,Walleye and Blue Pike,49,,Piscivore
1886,Ontario,Yellow Perch,,,Invertivore
1887,Ontario,Amercian Eel,14,,Benthic invertivore
1887,Ontario,Channel Catfish and Bullheads,,,Benthic omnivore
1887,Ontario,Cisco and Chubs,1480,,Planktivore
1887,Ontario,Lake Sturgeon,20,,Benthic invertivore
1887,Ontario,Lake Trout,117,,Piscivore
1887,Ontario,Lake Whitefish,404,,Benthic invertivore
1887,Ontario,Northern Pike,252,,Piscivore
1887,Ontario,Walleye and Blue Pike,148,,Piscivore
1887,Ontario,Yellow Perch,,,Invertivore
1888,Ontario,Amercian Eel,9,,Benthic invertivore
1888,Ontario,Channel Catfish and Bullheads,,,Benthic omnivore
1888,Ontario,Cisco and Chubs,2995,,Planktivore
1888,Ontario,Lake Sturgeon,23,,Benthic invertivore
1888,Ontario,Lake Trout,97,,Piscivore
1888,Ontario,Lake Whitefish,329,,Benthic invertivore
1888,Ontario,Northern Pike,149,,Piscivore
1888,Ontario,Walleye and Blue Pike,148,,Piscivore
1888,Ontario,Yellow Perch,,,Invertivore
1889,Ontario,Amercian Eel,14,,Benthic invertivore
1889,Ontario,Channel Catfish and Bullheads,167,,Benthic omnivore
1889,Ontario,Cisco and Chubs,5016,,Planktivore
1889,Ontario,Lake Sturgeon,259,,Benthic invertivore
1889,Ontario,Lake Trout,134,,Piscivore
1889,Ontario,Lake Whitefish,470,,Benthic invertivore
1889,Ontario,Northern Pike,216,,Piscivore
1889,Ontario,Suckers,74,,Benthic omnivore
1889,Ontario,Walleye and Blue Pike,354,,Piscivore
1889,Ontario,Yellow Perch,85,,Invertivore
1890,Ontario,Amercian Eel,276,,Benthic invertivore
1890,Ontario,Channel Catfish and Bullheads,472,,Benthic omnivore
1890,Ontario,Cisco and Chubs,3084,,Planktivore
1890,Ontario,Lake Sturgeon,581,,Benthic invertivore
1890,Ontario,Lake Trout,146,,Piscivore
1890,Ontario,Lake Whitefish,553,,Benthic invertivore
1890,Ontario,Northern Pike,320,,Piscivore
1890,Ontario,Suckers,279,,Benthic omnivore
1890,Ontario,Walleye and Blue Pike,435,,Piscivore
1890,Ontario,Yellow Perch,359,,Invertivore
1891,Ontario,Amercian Eel,21,,Benthic invertivore
1891,Ontario,Channel Catfish and Bullheads,,,Benthic omnivore
1891,Ontario,Cisco and Chubs,2274,,Planktivore
1891,Ontario,Lake Sturgeon,36,,Benthic invertivore
1891,Ontario,Lake Trout,169,,Piscivore
1891,Ontario,Lake Whitefish,602,,Benthic invertivore
1891,Ontario,Northern Pike,235,,Piscivore
1891,Ontario,Suckers,,,Benthic omnivore
1891,Ontario,Walleye and Blue Pike,100,,Piscivore
1891,Ontario,Yellow Perch,,,Invertivore
1892,Ontario,Amercian Eel,44,,Benthic invertivore
1892,Ontario,Channel Catfish and Bullheads,,,Benthic omnivore
1892,Ontario,Cisco and Chubs,2001,,Planktivore
1892,Ontario,Lake Sturgeon,29,,Benthic invertivore
1892,Ontario,Lake Trout,195,,Piscivore
1892,Ontario,Lake Whitefish,472,,Benthic invertivore
1892,Ontario,Northern Pike,330,,Piscivore
1892,Ontario,Suckers,,,Benthic omnivore
1892,Ontario,Walleye and Blue Pike,173,,Piscivore
1892,Ontario,Yellow Perch,,,Invertivore
1893,Ontario,Amercian Eel,68,,Benthic invertivore
1893,Ontario,Channel Catfish and Bullheads,70,,Benthic omnivore
1893,Ontario,Cisco and Chubs,1963,,Planktivore
1893,Ontario,Lake Sturgeon,160,,Benthic invertivore
1893,Ontario,Lake Trout,246,,Piscivore
1893,Ontario,Lake Whitefish,415,,Benthic invertivore
1893,Ontario,Northern Pike,276,,Piscivore
1893,Ontario,Suckers,48,,Benthic omnivore
1893,Ontario,Walleye and Blue Pike,447,,Piscivore
1893,Ontario,Yellow Perch,131,,Invertivore
1894,Ontario,Amercian Eel,78,,Benthic invertivore
1894,Ontario,Channel Catfish and Bullheads,,,Benthic omnivore
1894,Ontario,Cisco and Chubs,852,,Planktivore
1894,Ontario,Lake Sturgeon,40,,Benthic invertivore
1894,Ontario,Lake Trout,161,,Piscivore
1894,Ontario,Lake Whitefish,220,,Benthic invertivore
1894,Ontario,Northern Pike,276,,Piscivore
1894,Ontario,Suckers,,,Benthic omnivore
1894,Ontario,Walleye and Blue Pike,208,,Piscivore
1894,Ontario,Yellow Perch,185,,Invertivore
1895,Ontario,Amercian Eel,59,,Benthic invertivore
1895,Ontario,Channel Catfish and Bullheads,,,Benthic omnivore
1895,Ontario,Cisco and Chubs,1407,,Planktivore
1895,Ontario,Lake Sturgeon,38,,Benthic invertivore
1895,Ontario,Lake Trout,106,,Piscivore
1895,Ontario,Lake Whitefish,127,,Benthic invertivore
1895,Ontario,Northern Pike,511,,Piscivore
1895,Ontario,Suckers,,,Benthic omnivore
1895,Ontario,Walleye and Blue Pike,211,,Piscivore
1895,Ontario,Yellow Perch,242,,Invertivore
1896,Ontario,Amercian Eel,72,,Benthic invertivore
1896,Ontario,Channel Catfish and Bullheads,245,,Benthic omnivore
1896,Ontario,Cisco and Chubs,1514,,Planktivore
1896,Ontario,Lake Sturgeon,42,,Benthic invertivore
1896,Ontario,Lake Trout,161,,Piscivore
1896,Ontario,Lake Whitefish,171,,Benthic invertivore
1896,Ontario,Northern Pike,486,,Piscivore
1896,Ontario,Suckers,,,Benthic omnivore
1896,Ontario,Walleye and Blue Pike,239,,Piscivore
1896,Ontario,Yellow Perch,373,,Invertivore
1897,Ontario,Amercian Eel,98,,Benthic invertivore
1897,Ontario,Blue Pike,49,,Piscivore
1897,Ontario,Burbot,2,,Piscivore
1897,Ontario,Channel Catfish and Bullheads,125,,Benthic omnivore
1897,Ontario,Cisco and Chubs,1380,,Planktivore
1897,Ontario,Lake Sturgeon,144,,Benthic invertivore
1897,Ontario,Lake Trout,157,,Piscivore
1897,Ontario,Lake Whitefish,475,,Benthic invertivore
1897,Ontario,Northern Pike,374,,Piscivore
1897,Ontario,Suckers,53,,Benthic omnivore
1897,Ontario,Sunfish,18,,Invertivore
1897,Ontario,Walleye,5,,Piscivore
1897,Ontario,Walleye and Blue Pike,230,,Piscivore
1897,Ontario,Yellow Perch,169,,Invertivore
1898,Ontario,Amercian Eel,42,,Benthic invertivore
1898,Ontario,Blue Pike,,,Piscivore
1898,Ontario,Burbot,0,,Piscivore
1898,Ontario,Channel Catfish and Bullheads,207,,Benthic omnivore
1898,Ontario,Cisco and Chubs,1667,,Planktivore
1898,Ontario,Lake Sturgeon,47,,Benthic invertivore
1898,Ontario,Lake Trout,102,,Piscivore
1898,Ontario,Lake Whitefish,411,,Benthic invertivore
1898,Ontario,Northern Pike,236,,Piscivore
1898,Ontario,Suckers,,,Benthic omnivore
1898,Ontario,Sunfish,,,Invertivore
1898,Ontario,Walleye,,,Piscivore
1898,Ontario,Walleye and Blue Pike,156,,Piscivore
1898,Ontario,Yellow Perch,219,,Invertivore
1899,Ontario,Amercian Eel,159,,Benthic invertivore
1899,Ontario,Blue Pike,187,,Piscivore
1899,Ontario,Burbot,0,,Piscivore
1899,Ontario,Carp,1,,Benthic omnivore
1899,Ontario,Channel Catfish and Bullheads,658,,Benthic omnivore
1899,Ontario,Cisco and Chubs,1408,,Planktivore
1899,Ontario,Lake Sturgeon,172,,Benthic invertivore
1899,Ontario,Lake Trout,119,,Piscivore
1899,Ontario,Lake Whitefish,422,,Benthic invertivore
1899,Ontario,Northern Pike,411,,Piscivore
1899,Ontario,Suckers,264,,Benthic omnivore
1899,Ontario,Sunfish,148,,Invertivore
1899,Ontario,Walleye,10,,Piscivore
1899,Ontario,Walleye and Blue Pike,332,,Piscivore
1899,Ontario,Yellow Perch,635,,Invertivore
1900,Ontario,Amercian Eel,40,,Benthic invertivore
1900,Ontario,Blue Pike,,,Piscivore
1900,Ontario,Burbot,0,,Piscivore
1900,Ontario,Carp,,,Benthic omnivore
1900,Ontario,Channel Catfish and Bullheads,167,,Benthic omnivore
1900,Ontario,Cisco and Chubs,1096,,Planktivore
1900,Ontario,Lake Sturgeon,19,,Benthic invertivore
1900,Ontario,Lake Trout,60,,Piscivore
1900,Ontario,Lake Whitefish,129,,Benthic invertivore
1900,Ontario,Northern Pike,228,,Piscivore
1900,Ontario,Suckers,,,Benthic omnivore
1900,Ontario,Sunfish,,,Invertivore
1900,Ontario,Walleye,,,Piscivore
1900,Ontario,Walleye and Blue Pike,34,,Piscivore
1900,Ontario,Yellow Perch,248,,Invertivore
1901,Ontario,Amercian Eel,67,,Benthic invertivore
1901,Ontario,Blue Pike,,,Piscivore
1901,Ontario,Burbot,0,,Piscivore
1901,Ontario,Carp,,,Benthic omnivore
1901,Ontario,Channel Catfish and Bullheads,268,,Benthic omnivore
1901,Ontario,Cisco and Chubs,2323,,Planktivore
1901,Ontario,Lake Sturgeon,7,,Benthic invertivore
1901,Ontario,Lake Trout,65,,Piscivore
1901,Ontario,Lake Whitefish,133,,Benthic invertivore
1901,Ontario,Northern Pike,419,,Piscivore
1901,Ontario,Suckers,,,Benthic omnivore
1901,Ontario,Sunfish,,,Invertivore
1901,Ontario,Walleye,,,Piscivore
1901,Ontario,Walleye and Blue Pike,44,,Piscivore
1901,Ontario,Yellow Perch,354,,Invertivore
1902,Ontario,Amercian Eel,65,,Benthic invertivore
1902,Ontario,Blue Pike,,,Piscivore
1902,Ontario,Burbot,0,,Piscivore
1902,Ontario,Carp,,,Benthic omnivore
1902,Ontario,Channel Catfish and Bullheads,193,,Benthic omnivore
1902,Ontario,Cisco and Chubs,2281,,Planktivore
1902,Ontario,Lake Sturgeon,14,,Benthic invertivore
1902,Ontario,Lake Trout,65,,Piscivore
1902,Ontario,Lake Whitefish,79,,Benthic invertivore
1902,Ontario,Northern Pike,366,,Piscivore
1902,Ontario,Suckers,,,Benthic omnivore
1902,Ontario,Sunfish,,,Invertivore
1902,Ontario,Walleye,,,Piscivore
1902,Ontario,Walleye and Blue Pike,48,,Piscivore
1902,Ontario,Yellow Perch,545,,Invertivore
1903,Ontario,Amercian Eel,111,,Benthic invertivore
1903,Ontario,Blue Pike,61,,Piscivore
1903,Ontario,Burbot,1,,Piscivore
1903,Ontario,Carp,4,,Benthic omnivore
1903,Ontario,Channel Catfish and Bullheads,581,,Benthic omnivore
1903,Ontario,Cisco and Chubs,1223,,Planktivore
1903,Ontario,Lake Sturgeon,122,,Benthic invertivore
1903,Ontario,Lake Trout,76,,Piscivore
1903,Ontario,Lake Whitefish,122,,Benthic invertivore
1903,Ontario,Northern Pike,375,,Piscivore
1903,Ontario,Suckers,73,,Benthic omnivore
1903,Ontario,Sunfish,34,,Invertivore
1903,Ontario,Walleye,8,,Piscivore
1903,Ontario,Walleye and Blue Pike,131,,Piscivore
1903,Ontario,Yellow Perch,472,,Invertivore
1904,Ontario,Amercian Eel,46,,Benthic invertivore
1904,Ontario,Blue Pike,,,Piscivore
1904,Ontario,Burbot,0,,Piscivore
1904,Ontario,Carp,,,Benthic omnivore
1904,Ontario,Channel Catfish and Bullheads,177,,Benthic omnivore
1904,Ontario,Cisco and Chubs,887,,Planktivore
1904,Ontario,Lake Sturgeon,4,,Benthic invertivore
1904,Ontario,Lake Trout,84,,Piscivore
1904,Ontario,Lake Whitefish,191,,Benthic invertivore
1904,Ontario,Northern Pike,222,,Piscivore
1904,Ontario,Suckers,,,Benthic omnivore
1904,Ontario,Sunfish,,,Invertivore
1904,Ontario,Walleye,,,Piscivore
1904,Ontario,Walleye and Blue Pike,70,,Piscivore
1904,Ontario,Yellow Perch,210,,Invertivore
1905,Ontario,Amercian Eel,19,,Benthic invertivore
1905,Ontario,Blue Pike,,,Piscivore
1905,Ontario,Burbot,0,,Piscivore
1905,Ontario,Carp,,,Benthic omnivore
1905,Ontario,Channel Catfish and Bullheads,124,,Benthic omnivore
1905,Ontario,Cisco and Chubs,1278,,Planktivore
1905,Ontario,Lake Sturgeon,14,,Benthic invertivore
1905,Ontario,Lake Trout,75,,Piscivore
1905,Ontario,Lake Whitefish,473,,Benthic invertivore
1905,Ontario,Northern Pike,204,,Piscivore
1905,Ontario,Suckers,,,Benthic omnivore
1905,Ontario,Sunfish,,,Invertivore
1905,Ontario,Walleye,,,Piscivore
1905,Ontario,Walleye and Blue Pike,49,,Piscivore
1905,Ontario,Yellow Perch,176,,Invertivore
1906,Ontario,Amercian Eel,18,,Benthic invertivore
1906,Ontario,Blue Pike,,,Piscivore
1906,Ontario,Burbot,0,,Piscivore
1906,Ontario,Carp,,,Benthic omnivore
1906,Ontario,Channel Catfish and Bullheads,275,,Benthic omnivore
1906,Ontario,Cisco and Chubs,942,,Planktivore
1906,Ontario,Lake Sturgeon,13,,Benthic invertivore
1906,Ontario,Lake Trout,108,,Piscivore
1906,Ontario,Lake Whitefish,357,,Benthic invertivore
1906,Ontario,Northern Pike,251,,Piscivore
1906,Ontario,Suckers,,,Benthic omnivore
1906,Ontario,Sunfish,,,Invertivore
1906,Ontario,Walleye,,,Piscivore
1906,Ontario,Walleye and Blue Pike,54,,Piscivore
1906,Ontario,Yellow Perch,194,,Invertivore
1907,Ontario,Amercian Eel,20,,Benthic invertivore
1907,Ontario,Blue Pike,,,Piscivore
1907,Ontario,Burbot,0,,Piscivore
1907,Ontario,Carp,,,Benthic omnivore
1907,Ontario,Channel Catfish and Bullheads,297,,Benthic omnivore
1907,Ontario,Cisco and Chubs,1012,,Planktivore
1907,Ontario,Lake Sturgeon,7,,Benthic invertivore
1907,Ontario,Lake Trout,107,,Piscivore
1907,Ontario,Lake Whitefish,344,,Benthic invertivore
1907,Ontario,Northern Pike,296,,Piscivore
1907,Ontario,Suckers,,,Benthic omnivore
1907,Ontario,Sunfish,,,Invertivore
1907,Ontario,Walleye,,,Piscivore
1907,Ontario,Walleye and Blue Pike,73,,Piscivore
1907,Ontario,Yellow Perch,169,,Invertivore
1908,Ontario,Amercian Eel,66,,Benthic invertivore
1908,Ontario,Blue Pike,100,,Piscivore
1908,Ontario,Burbot,0,,Piscivore
1908,Ontario,Carp,21,,Benthic omnivore
1908,Ontario,Channel Catfish and Bullheads,353,,Benthic omnivore
1908,Ontario,Cisco and Chubs,1358,,Planktivore
1908,Ontario,Lake Sturgeon,39,,Benthic invertivore
1908,Ontario,Lake Trout,191,,Piscivore
1908,Ontario,Lake Whitefish,852,,Benthic invertivore
1908,Ontario,Northern Pike,270,,Piscivore
1908,Ontario,Suckers,128,,Benthic omnivore
1908,Ontario,Sunfish,24,,Invertivore
1908,Ontario,Walleye,54,,Piscivore
1908,Ontario,Walleye and Blue Pike,293,,Piscivore
1908,Ontario,Yellow Perch,124,,Invertivore
1909,Ontario,Amercian Eel,66,,Benthic invertivore
1909,Ontario,Blue Pike,,,Piscivore
1909,Ontario,Burbot,0,,Piscivore
1909,Ontario,Carp,4,,Benthic omnivore
1909,Ontario,Channel Catfish and Bullheads,375,,Benthic omnivore
1909,Ontario,Cisco and Chubs,1070,,Planktivore
1909,Ontario,Lake Sturgeon,0,,Benthic invertivore
1909,Ontario,Lake Trout,640,,Piscivore
1909,Ontario,Lake Whitefish,1153,,Benthic invertivore
1909,Ontario,Northern Pike,304,,Piscivore
1909,Ontario,Suckers,,,Benthic omnivore
1909,Ontario,Sunfish,,,Invertivore
1909,Ontario,Walleye,,,Piscivore
1909,Ontario,Walleye and Blue Pike,142,,Piscivore
1909,Ontario,Yellow Perch,108,,Invertivore
1910,Ontario,Amercian Eel,105,,Benthic invertivore
1910,Ontario,Blue Pike,,,Piscivore
1910,Ontario,Burbot,0,,Piscivore
1910,Ontario,Carp,140,,Benthic omnivore
1910,Ontario,Channel Catfish and Bullheads,270,,Benthic omnivore
1910,Ontario,Cisco and Chubs,999,,Planktivore
1910,Ontario,Lake Sturgeon,0,,Benthic invertivore
1910,Ontario,Lake Trout,413,,Piscivore
1910,Ontario,Lake Whitefish,694,,Benthic invertivore
1910,Ontario,Northern Pike,379,,Piscivore
1910,Ontario,Suckers,,,Benthic omnivore
1910,Ontario,Sunfish,,,Invertivore
1910,Ontario,Walleye,,,Piscivore
1910,Ontario,Walleye and Blue Pike,61,,Piscivore
1910,Ontario,Yellow Perch,128,,Invertivore
1911,Ontario,Amercian Eel,139,,Benthic invertivore
1911,Ontario,Blue Pike,,,Piscivore
1911,Ontario,Burbot,0,,Piscivore
1911,Ontario,Carp,86,,Benthic omnivore
1911,Ontario,Channel Catfish and Bullheads,412,,Benthic omnivore
1911,Ontario,Cisco and Chubs,957,,Planktivore
1911,Ontario,Lake Sturgeon,0,,Benthic invertivore
1911,Ontario,Lake Trout,385,,Piscivore
1911,Ontario,Lake Whitefish,586,,Benthic invertivore
1911,Ontario,Northern Pike,347,,Piscivore
1911,Ontario,Suckers,,,Benthic omnivore
1911,Ontario,Sunfish,,,Invertivore
1911,Ontario,Walleye,,,Piscivore
1911,Ontario,Walleye and Blue Pike,98,,Piscivore
1911,Ontario,Yellow Perch,214,,Invertivore
1912,Ontario,Amercian Eel,225,,Benthic invertivore
1912,Ontario,Blue Pike,,,Piscivore
1912,Ontario,Burbot,0,,Piscivore
1912,Ontario,Carp,36,,Benthic omnivore
1912,Ontario,Channel Catfish and Bullheads,388,,Benthic omnivore
1912,Ontario,Cisco and Chubs,684,,Planktivore
1912,Ontario,Lake Sturgeon,9,,Benthic invertivore
1912,Ontario,Lake Trout,631,,Piscivore
1912,Ontario,Lake Whitefish,586,,Benthic invertivore
1912,Ontario,Northern Pike,236,,Piscivore
1912,Ontario,Suckers,,,Benthic omnivore
1912,Ontario,Sunfish,,,Invertivore
1912,Ontario,Walleye,,,Piscivore
1912,Ontario,Walleye and Blue Pike,75,,Piscivore
1912,Ontario,Yellow Perch,123,,Invertivore
1913,Ontario,Amercian Eel,272,,Benthic invertivore
1913,Ontario,Blue Pike,46,,Piscivore
1913,Ontario,Burbot,0,,Piscivore
1913,Ontario,Carp,62,,Benthic omnivore
1913,Ontario,Channel Catfish and Bullheads,370,,Benthic omnivore
1913,Ontario,Cisco and Chubs,914,,Planktivore
1913,Ontario,Lake Sturgeon,4,,Benthic invertivore
1913,Ontario,Lake Trout,604,,Piscivore
1913,Ontario,Lake Whitefish,538,,Benthic invertivore
1913,Ontario,Northern Pike,237,,Piscivore
1913,Ontario,Suckers,136,,Benthic omnivore
1913,Ontario,Sunfish,29,,Invertivore
1913,Ontario,Walleye,11,,Piscivore
1913,Ontario,Walleye and Blue Pike,84,,Piscivore
1913,Ontario,Yellow Perch,153,,Invertivore
1914,Ontario,Amercian Eel,309,,Benthic invertivore
1914,Ontario,Blue Pike,39,,Piscivore
1914,Ontario,Burbot,0,,Piscivore
1914,Ontario,Carp,83,,Benthic omnivore
1914,Ontario,Channel Catfish and Bullheads,270,,Benthic omnivore
1914,Ontario,Cisco and Chubs,1335,,Planktivore
1914,Ontario,Lake Sturgeon,7,,Benthic invertivore
1914,Ontario,Lake Trout,662,,Piscivore
1914,Ontario,Lake Whitefish,819,,Benthic invertivore
1914,Ontario,Northern Pike,248,,Piscivore
1914,Ontario,Suckers,16,,Benthic omnivore
1914,Ontario,Sunfish,,,Invertivore
1914,Ontario,Walleye,5,,Piscivore
1914,Ontario,Walleye and Blue Pike,107,,Piscivore
1914,Ontario,Yellow Perch,112,,Invertivore
1915,Ontario,Amercian Eel,221,,Benthic invertivore
1915,Ontario,Blue Pike,39,,Piscivore
1915,Ontario,Burbot,0,,Piscivore
1915,Ontario,Carp,114,,Benthic omnivore
1915,Ontario,Channel Catfish and Bullheads,269,,Benthic omnivore
1915,Ontario,Cisco and Chubs,2033,,Planktivore
1915,Ontario,Lake Sturgeon,12,,Benthic invertivore
1915,Ontario,Lake Trout,586,,Piscivore
1915,Ontario,Lake Whitefish,845,,Benthic invertivore
1915,Ontario,Northern Pike,367,,Piscivore
1915,Ontario,Suckers,23,,Benthic omnivore
1915,Ontario,Sunfish,,,Invertivore
1915,Ontario,Walleye,5,,Piscivore
1915,Ontario,Walleye and Blue Pike,130,,Piscivore
1915,Ontario,Yellow Perch,126,,Invertivore
1916,Ontario,Amercian Eel,147,,Benthic invertivore
1916,Ontario,Blue Pike,50,,Piscivore
1916,Ontario,Burbot,0,,Piscivore
1916,Ontario,Carp,269,,Benthic omnivore
1916,Ontario,Channel Catfish and Bullheads,317,,Benthic omnivore
1916,Ontario,Cisco and Chubs,1813,,Planktivore
1916,Ontario,Lake Sturgeon,8,,Benthic invertivore
1916,Ontario,Lake Trout,554,,Piscivore
1916,Ontario,Lake Whitefish,1291,,Benthic invertivore
1916,Ontario,Northern Pike,283,,Piscivore
1916,Ontario,Suckers,17,,Benthic omnivore
1916,Ontario,Sunfish,,,Invertivore
1916,Ontario,Walleye,5,,Piscivore
1916,Ontario,Walleye and Blue Pike,95,,Piscivore
1916,Ontario,Yellow Perch,171,,Invertivore
1917,Ontario,Amercian Eel,127,,Benthic invertivore
1917,Ontario,Blue Pike,22,,Piscivore
1917,Ontario,Burbot,46,,Piscivore
1917,Ontario,Carp,398,,Benthic omnivore
1917,Ontario,Channel Catfish and Bullheads,228,,Benthic omnivore
1917,Ontario,Cisco and Chubs,2319,,Planktivore
1917,Ontario,Lake Sturgeon,5,,Benthic invertivore
1917,Ontario,Lake Trout,493,,Piscivore
1917,Ontario,Lake Whitefish,1299,,Benthic invertivore
1917,Ontario,Northern Pike,280,,Piscivore
1917,Ontario,Suckers,13,,Benthic omnivore
1917,Ontario,Sunfish,,,Invertivore
1917,Ontario,Walleye,5,,Piscivore
1917,Ontario,Walleye and Blue Pike,81,,Piscivore
1917,Ontario,Yellow Perch,219,,Invertivore
1918,Ontario,Amercian Eel,174,,Benthic invertivore
1918,Ontario,Blue Pike,79,,Piscivore
1918,Ontario,Burbot,39,,Piscivore
1918,Ontario,Carp,148,,Benthic omnivore
1918,Ontario,Channel Catfish and Bullheads,285,,Benthic omnivore
1918,Ontario,Cisco and Chubs,2025,,Planktivore
1918,Ontario,Lake Sturgeon,14,,Benthic invertivore
1918,Ontario,Lake Trout,411,,Piscivore
1918,Ontario,Lake Whitefish,1252,,Benthic invertivore
1918,Ontario,Northern Pike,236,,Piscivore
1918,Ontario,Suckers,125,,Benthic omnivore
1918,Ontario,Sunfish,11,,Invertivore
1918,Ontario,Walleye,52,,Piscivore
1918,Ontario,Yellow Perch,158,,Invertivore
1919,Ontario,Amercian Eel,168,,Benthic invertivore
1919,Ontario,Blue Pike,111,,Piscivore
1919,Ontario,Burbot,94,,Piscivore
1919,Ontario,Carp,172,,Benthic omnivore
1919,Ontario,Channel Catfish and Bullheads,249,,Benthic omnivore
1919,Ontario,Cisco and Chubs,1901,,Planktivore
1919,Ontario,Lake Sturgeon,4,,Benthic invertivore
1919,Ontario,Lake Trout,580,,Piscivore
1919,Ontario,Lake Whitefish,1670,,Benthic invertivore
1919,Ontario,Northern Pike,246,,Piscivore
1919,Ontario,Suckers,40,,Benthic omnivore
1919,Ontario,Sunfish,,,Invertivore
1919,Ontario,Walleye,49,,Piscivore
1919,Ontario,Yellow Perch,162,,Invertivore
1920,Ontario,Amercian Eel,95,,Benthic invertivore
1920,Ontario,Blue Pike,45,,Piscivore
1920,Ontario,Burbot,43,,Piscivore
1920,Ontario,Carp,66,,Benthic omnivore
1920,Ontario,Channel Catfish and Bullheads,171,,Benthic omnivore
1920,Ontario,Cisco and Chubs,1436,,Planktivore
1920,Ontario,Lake Sturgeon,3,,Benthic invertivore
1920,Ontario,Lake Trout,490,,Piscivore
1920,Ontario,Lake Whitefish,2071,,Benthic invertivore
1920,Ontario,Northern Pike,311,,Piscivore
1920,Ontario,Suckers,17,,Benthic omnivore
1920,Ontario,Sunfish,,,Invertivore
1920,Ontario,Walleye,46,,Piscivore
1920,Ontario,Yellow Perch,111,,Invertivore
1921,Ontario,Amercian Eel,148,,Benthic invertivore
1921,Ontario,Blue Pike,85,,Piscivore
1921,Ontario,Burbot,40,,Piscivore
1921,Ontario,Carp,80,,Benthic omnivore
1921,Ontario,Channel Catfish and Bullheads,233,,Benthic omnivore
1921,Ontario,Cisco and Chubs,2178,,Planktivore
1921,Ontario,Lake Sturgeon,5,,Benthic invertivore
1921,Ontario,Lake Trout,584,,Piscivore
1921,Ontario,Lake Whitefish,2295,,Benthic invertivore
1921,Ontario,Northern Pike,233,,Piscivore
1921,Ontario,Suckers,20,,Benthic omnivore
1921,Ontario,Sunfish,,,Invertivore
1921,Ontario,Walleye,96,,Piscivore
1921,Ontario,Yellow Perch,97,,Invertivore
1922,Ontario,Amercian Eel,194,,Benthic invertivore
1922,Ontario,Blue Pike,106,,Piscivore
1922,Ontario,Burbot,40,,Piscivore
1922,Ontario,Carp,153,,Benthic omnivore
1922,Ontario,Channel Catfish and Bullheads,225,,Benthic omnivore
1922,Ontario,Cisco and Chubs,861,,Planktivore
1922,Ontario,Lake Sturgeon,5,,Benthic invertivore
1922,Ontario,Lake Trout,756,,Piscivore
1922,Ontario,Lake Whitefish,2204,,Benthic invertivore
1922,Ontario,Northern Pike,250,,Piscivore
1922,Ontario,Suckers,20,,Benthic omnivore
1922,Ontario,Sunfish,,,Invertivore
1922,Ontario,Walleye,152,,Piscivore
1922,Ontario,Yellow Perch,82,,Invertivore
1923,Ontario,Amercian Eel,167,,Benthic invertivore
1923,Ontario,Blue Pike,184,,Piscivore
1923,Ontario,Burbot,40,,Piscivore
1923,Ontario,Carp,364,,Benthic omnivore
1923,Ontario,Channel Catfish and Bullheads,229,,Benthic omnivore
1923,Ontario,Cisco and Chubs,315,,Planktivore
1923,Ontario,Lake Sturgeon,8,,Benthic invertivore
1923,Ontario,Lake Trout,791,,Piscivore
1923,Ontario,Lake Whitefish,2696,,Benthic invertivore
1923,Ontario,Northern Pike,281,,Piscivore
1923,Ontario,Suckers,24,,Benthic omnivore
1923,Ontario,Sunfish,,,Invertivore
1923,Ontario,Walleye,220,,Piscivore
1923,Ontario,Yellow Perch,92,,Invertivore
1924,Ontario,Amercian Eel,161,,Benthic invertivore
1924,Ontario,Blue Pike,157,,Piscivore
1924,Ontario,Burbot,40,,Piscivore
1924,Ontario,Carp,99,,Benthic omnivore
1924,Ontario,Channel Catfish and Bullheads,186,,Benthic omnivore
1924,Ontario,Cisco and Chubs,611,,Planktivore
1924,Ontario,Lake Sturgeon,14,,Benthic invertivore
1924,Ontario,Lake Trout,984,,Piscivore
1924,Ontario,Lake Whitefish,2786,,Benthic invertivore
1924,Ontario,Northern Pike,218,,Piscivore
1924,Ontario,Suckers,92,,Benthic omnivore
1924,Ontario,Sunfish,9,,Invertivore
1924,Ontario,Walleye,160,,Piscivore
1924,Ontario,Yellow Perch,87,,Invertivore
1925,Ontario,Amercian Eel,152,,Benthic invertivore
1925,Ontario,Blue Pike,50,,Piscivore
1925,Ontario,Burbot,84,,Piscivore
1925,Ontario,Carp,30,,Benthic omnivore
1925,Ontario,Channel Catfish and Bullheads,119,,Benthic omnivore
1925,Ontario,Cisco and Chubs,307,,Planktivore
1925,Ontario,Lake Sturgeon,5,,Benthic invertivore
1925,Ontario,Lake Trout,1132,,Piscivore
1925,Ontario,Lake Whitefish,2037,,Benthic invertivore
1925,Ontario,Northern Pike,183,,Piscivore
1925,Ontario,Suckers,40,,Benthic omnivore
1925,Ontario,Sunfish,,,Invertivore
1925,Ontario,Walleye,96,,Piscivore
1925,Ontario,Yellow Perch,97,,Invertivore
1926,Ontario,Amercian Eel,115,,Benthic invertivore
1926,Ontario,Blue Pike,29,,Piscivore
1926,Ontario,Burbot,69,,Piscivore
1926,Ontario,Carp,60,,Benthic omnivore
1926,Ontario,Channel Catfish and Bullheads,161,,Benthic omnivore
1926,Ontario,Cisco and Chubs,801,,Planktivore
1926,Ontario,Lake Sturgeon,19,,Benthic invertivore
1926,Ontario,Lake Trout,845,,Piscivore
1926,Ontario,Lake Whitefish,2003,,Benthic invertivore
1926,Ontario,Northern Pike,147,,Piscivore
1926,Ontario,Suckers,66,,Benthic omnivore
1926,Ontario,Sunfish,,,Invertivore
1926,Ontario,Walleye,81,,Piscivore
1926,Ontario,Yellow Perch,145,,Invertivore
1927,Ontario,Amercian Eel,107,,Benthic invertivore
1927,Ontario,Blue Pike,30,,Piscivore
1927,Ontario,Burbot,89,,Piscivore
1927,Ontario,Carp,85,,Benthic omnivore
1927,Ontario,Channel Catfish and Bullheads,141,,Benthic omnivore
1927,Ontario,Cisco and Chubs,785,,Planktivore
1927,Ontario,Lake Sturgeon,19,,Benthic invertivore
1927,Ontario,Lake Trout,755,,Piscivore
1927,Ontario,Lake Whitefish,1669,,Benthic invertivore
1927,Ontario,Northern Pike,114,,Piscivore
1927,Ontario,Suckers,62,,Benthic omnivore
1927,Ontario,Sunfish,,,Invertivore
1927,Ontario,Walleye,59,,Piscivore
1927,Ontario,Yellow Perch,139,,Invertivore
1928,Ontario,Amercian Eel,90,,Benthic invertivore
1928,Ontario,Blue Pike,38,,Piscivore
1928,Ontario,Burbot,64,,Piscivore
1928,Ontario,Carp,136,,Benthic omnivore
1928,Ontario,Channel Catfish and Bullheads,145,,Benthic omnivore
1928,Ontario,Cisco and Chubs,1013,,Planktivore
1928,Ontario,Lake Sturgeon,21,,Benthic invertivore
1928,Ontario,Lake Trout,849,,Piscivore
1928,Ontario,Lake Whitefish,1184,,Benthic invertivore
1928,Ontario,Northern Pike,123,,Piscivore
1928,Ontario,Suckers,71,,Benthic omnivore
1928,Ontario,Sunfish,,,Invertivore
1928,Ontario,Walleye,53,,Piscivore
1928,Ontario,Yellow Perch,208,,Invertivore
1929,Ontario,Amercian Eel,134,,Benthic invertivore
1929,Ontario,Blue Pike,28,,Piscivore
1929,Ontario,Burbot,92,,Piscivore
1929,Ontario,Carp,111,,Benthic omnivore
1929,Ontario,Channel Catfish and Bullheads,164,,Benthic omnivore
1929,Ontario,Cisco and Chubs,1795,,Planktivore
1929,Ontario,Lake Sturgeon,2,,Benthic invertivore
1929,Ontario,Lake Trout,618,,Piscivore
1929,Ontario,Lake Whitefish,940,,Benthic invertivore
1929,Ontario,Northern Pike,130,,Piscivore
1929,Ontario,Suckers,62,,Benthic omnivore
1929,Ontario,Sunfish,9,,Invertivore
1929,Ontario,Walleye,43,,Piscivore
1929,Ontario,Yellow Perch,190,,Invertivore
1930,Ontario,Amercian Eel,102,,Benthic invertivore
1930,Ontario,Blue Pike,56,,Piscivore
1930,Ontario,Burbot,96,,Piscivore
1930,Ontario,Carp,84,,Benthic omnivore
1930,Ontario,Channel Catfish and Bullheads,218,,Benthic omnivore
1930,Ontario,Cisco and Chubs,2478,,Planktivore
1930,Ontario,Lake Sturgeon,24,,Benthic invertivore
1930,Ontario,Lake Trout,388,,Piscivore
1930,Ontario,Lake Whitefish,639,,Benthic invertivore
1930,Ontario,Northern Pike,132,,Piscivore
1930,Ontario,Suckers,51,,Benthic omnivore
1930,Ontario,Sunfish,12,,Invertivore
1930,Ontario,Walleye,40,,Piscivore
1930,Ontario,Yellow Perch,164,,Invertivore
1931,Ontario,Amercian Eel,117,,Benthic invertivore
1931,Ontario,Blue Pike,74,,Piscivore
1931,Ontario,Burbot,56,,Piscivore
1931,Ontario,Carp,80,,Benthic omnivore
1931,Ontario,Channel Catfish and Bullheads,200,,Benthic omnivore
1931,Ontario,Cisco and Chubs,1168,,Planktivore
1931,Ontario,Lake Sturgeon,8,,Benthic invertivore
1931,Ontario,Lake Trout,402,,Piscivore
1931,Ontario,Lake Whitefish,593,,Benthic invertivore
1931,Ontario,Northern Pike,183,,Piscivore
1931,Ontario,Suckers,29,,Benthic omnivore
1931,Ontario,Sunfish,13,,Invertivore
1931,Ontario,Walleye,35,,Piscivore
1931,Ontario,Yellow Perch,101,,Invertivore
1932,Ontario,Amercian Eel,94,,Benthic invertivore
1932,Ontario,Blue Pike,173,,Piscivore
1932,Ontario,Burbot,20,,Piscivore
1932,Ontario,Carp,103,,Benthic omnivore
1932,Ontario,Channel Catfish and Bullheads,261,,Benthic omnivore
1932,Ontario,Cisco and Chubs,724,,Planktivore
1932,Ontario,Lake Sturgeon,12,,Benthic invertivore
1932,Ontario,Lake Trout,320,,Piscivore
1932,Ontario,Lake Whitefish,473,,Benthic invertivore
1932,Ontario,Northern Pike,183,,Piscivore
1932,Ontario,Suckers,36,,Benthic omnivore
1932,Ontario,Sunfish,8,,Invertivore
1932,Ontario,Walleye,28,,Piscivore
1932,Ontario,Yellow Perch,124,,Invertivore
1933,Ontario,Amercian Eel,103,,Benthic invertivore
1933,Ontario,Blue Pike,289,,Piscivore
1933,Ontario,Burbot,1,,Piscivore
1933,Ontario,Carp,103,,Benthic omnivore
1933,Ontario,Channel Catfish and Bullheads,255,,Benthic omnivore
1933,Ontario,Cisco and Chubs,822,,Planktivore
1933,Ontario,Lake Sturgeon,14,,Benthic invertivore
1933,Ontario,Lake Trout,365,,Piscivore
1933,Ontario,Lake Whitefish,514,,Benthic invertivore
1933,Ontario,Northern Pike,190,,Piscivore
1933,Ontario,Suckers,23,,Benthic omnivore
1933,Ontario,Sunfish,6,,Invertivore
1933,Ontario,Walleye,31,,Piscivore
1933,Ontario,Yellow Perch,143,,Invertivore
1934,Ontario,Amercian Eel,114,,Benthic invertivore
1934,Ontario,Blue Pike,221,,Piscivore
1934,Ontario,Burbot,8,,Piscivore
1934,Ontario,Carp,99,,Benthic omnivore
1934,Ontario,Channel Catfish and Bullheads,236,,Benthic omnivore
1934,Ontario,Cisco and Chubs,735,,Planktivore
1934,Ontario,Lake Sturgeon,16,,Benthic invertivore
1934,Ontario,Lake Trout,270,,Piscivore
1934,Ontario,Lake Whitefish,574,,Benthic invertivore
1934,Ontario,Northern Pike,152,,Piscivore
1934,Ontario,Suckers,47,,Benthic omnivore
1934,Ontario,Sunfish,18,,Invertivore
1934,Ontario,Walleye,54,,Piscivore
1934,Ontario,Yellow Perch,169,,Invertivore
1935,Ontario,Amercian Eel,106,,Benthic invertivore
1935,Ontario,Blue Pike,174,,Piscivore
1935,Ontario,Burbot,5,,Piscivore
1935,Ontario,Carp,200,,Benthic omnivore
1935,Ontario,Channel Catfish and Bullheads,302,,Benthic omnivore
1935,Ontario,Cisco and Chubs,1003,,Planktivore
1935,Ontario,Lake Sturgeon,11,,Benthic invertivore
1935,Ontario,Lake Trout,252,,Piscivore
1935,Ontario,Lake Whitefish,698,,Benthic invertivore
1935,Ontario,Northern Pike,118,,Piscivore
1935,Ontario,Suckers,51,,Benthic omnivore
1935,Ontario,Sunfish,41,,Invertivore
1935,Ontario,Walleye,46,,Piscivore
1935,Ontario,Yellow Perch,222,,Invertivore
1936,Ontario,Amercian Eel,97,,Benthic invertivore
1936,Ontario,Blue Pike,42,,Piscivore
1936,Ontario,Burbot,7,,Piscivore
1936,Ontario,Carp,188,,Benthic omnivore
1936,Ontario,Channel Catfish and Bullheads,271,,Benthic omnivore
1936,Ontario,Cisco and Chubs,1555,,Planktivore
1936,Ontario,Lake Sturgeon,15,,Benthic invertivore
1936,Ontario,Lake Trout,235,,Piscivore
1936,Ontario,Lake Whitefish,629,,Benthic invertivore
1936,Ontario,Northern Pike,108,,Piscivore
1936,Ontario,Suckers,38,,Benthic omnivore
1936,Ontario,Sunfish,15,,Invertivore
1936,Ontario,Walleye,35,,Piscivore
1936,Ontario,Yellow Perch,220,,Invertivore
1937,Ontario,Amercian Eel,75,,Benthic invertivore
1937,Ontario,Blue Pike,86,,Piscivore
1937,Ontario,Burbot,36,,Piscivore
1937,Ontario,Carp,239,,Benthic omnivore
1937,Ontario,Channel Catfish and Bullheads,258,,Benthic omnivore
1937,Ontario,Cisco and Chubs,1668,,Planktivore
1937,Ontario,Lake Sturgeon,15,,Benthic invertivore
1937,Ontario,Lake Trout,218,,Piscivore
1937,Ontario,Lake Whitefish,609,,Benthic invertivore
1937,Ontario,Northern Pike,127,,Piscivore
1937,Ontario,Suckers,49,,Benthic omnivore
1937,Ontario,Sunfish,33,,Invertivore
1937,Ontario,Walleye,26,,Piscivore
1937,Ontario,Yellow Perch,197,,Invertivore
1938,Ontario,Amercian Eel,85,,Benthic invertivore
1938,Ontario,Blue Pike,119,,Piscivore
1938,Ontario,Burbot,19,,Piscivore
1938,Ontario,Carp,279,,Benthic omnivore
1938,Ontario,Channel Catfish and Bullheads,232,,Benthic omnivore
1938,Ontario,Cisco and Chubs,1264,,Planktivore
1938,Ontario,Lake Sturgeon,13,,Benthic invertivore
1938,Ontario,Lake Trout,293,,Piscivore
1938,Ontario,Lake Whitefish,658,,Benthic invertivore
1938,Ontario,Northern Pike,98,,Piscivore
1938,Ontario,Suckers,129,,Benthic omnivore
1938,Ontario,Sunfish,44,,Invertivore
1938,Ontario,Walleye,17,,Piscivore
1938,Ontario,Yellow Perch,226,,Invertivore
1939,Ontario,Amercian Eel,59,,Benthic invertivore
1939,Ontario,Blue Pike,203,,Piscivore
1939,Ontario,Burbot,9,,Piscivore
1939,Ontario,Carp,1168,,Benthic omnivore
1939,Ontario,Channel Catfish and Bullheads,131,,Benthic omnivore
1939,Ontario,Cisco and Chubs,1662,,Planktivore
1939,Ontario,Lake Sturgeon,18,,Benthic invertivore
1939,Ontario,Lake Trout,285,,Piscivore
1939,Ontario,Lake Whitefish,769,,Benthic invertivore
1939,Ontario,Northern Pike,87,,Piscivore
1939,Ontario,Suckers,54,,Benthic omnivore
1939,Ontario,Sunfish,29,,Invertivore
1939,Ontario,Walleye,16,,Piscivore
1939,Ontario,Yellow Perch,177,,Invertivore
1940,Ontario,Amercian Eel,64,,Benthic invertivore
1940,Ontario,Blue Pike,219,,Piscivore
1940,Ontario,Burbot,13,,Piscivore
1940,Ontario,Carp,946,,Benthic omnivore
1940,Ontario,Channel Catfish and Bullheads,162,,Benthic omnivore
1940,Ontario,Cisco and Chubs,1713,,Planktivore
1940,Ontario,Lake Sturgeon,11,,Benthic invertivore
1940,Ontario,Lake Trout,201,,Piscivore
1940,Ontario,Lake Whitefish,515,,Benthic invertivore
1940,Ontario,Northern Pike,78,,Piscivore
1940,Ontario,Suckers,35,,Benthic omnivore
1940,Ontario,Sunfish,34,,Invertivore
1940,Ontario,Walleye,10,,Piscivore
1940,Ontario,Yellow Perch,154,,Invertivore
1941,Ontario,Amercian Eel,16,,Benthic invertivore
1941,Ontario,Blue Pike,156,,Piscivore
1941,Ontario,Burbot,46,,Piscivore
1941,Ontario,Carp,244,,Benthic omnivore
1941,Ontario,Channel Catfish and Bullheads,156,,Benthic omnivore
1941,Ontario,Cisco and Chubs,1994,,Planktivore
1941,Ontario,Lake Sturgeon,16,,Benthic invertivore
1941,Ontario,Lake Trout,129,,Piscivore
1941,Ontario,Lake Whitefish,502,,Benthic invertivore
1941,Ontario,Northern Pike,58,,Piscivore
1941,Ontario,Suckers,52,,Benthic omnivore
1941,Ontario,Sunfish,30,,Invertivore
1941,Ontario,Walleye,10,,Piscivore
1941,Ontario,Yellow Perch,133,,Invertivore
1942,Ontario,Amercian Eel,34,,Benthic invertivore
1942,Ontario,Blue Pike,68,,Piscivore
1942,Ontario,Burbot,0,,Piscivore
1942,Ontario,Carp,272,,Benthic omnivore
1942,Ontario,Channel Catfish and Bullheads,101,,Benthic omnivore
1942,Ontario,Cisco and Chubs,1161,,Planktivore
1942,Ontario,Lake Sturgeon,8,,Benthic invertivore
1942,Ontario,Lake Trout,91,,Piscivore
1942,Ontario,Lake Whitefish,463,,Benthic invertivore
1942,Ontario,Northern Pike,59,,Piscivore
1942,Ontario,Suckers,19,,Benthic omnivore
1942,Ontario,Sunfish,18,,Invertivore
1942,Ontario,Walleye,13,,Piscivore
1942,Ontario,Yellow Perch,234,,Invertivore
1943,Ontario,Amercian Eel,57,,Benthic invertivore
1943,Ontario,Blue Pike,83,,Piscivore
1943,Ontario,Burbot,7,,Piscivore
1943,Ontario,Carp,266,,Benthic omnivore
1943,Ontario,Channel Catfish and Bullheads,191,,Benthic omnivore
1943,Ontario,Cisco and Chubs,915,,Planktivore
1943,Ontario,Lake Sturgeon,11,,Benthic invertivore
1943,Ontario,Lake Trout,79,,Piscivore
1943,Ontario,Lake Whitefish,355,,Benthic invertivore
1943,Ontario,Northern Pike,74,,Piscivore
1943,Ontario,Suckers,45,,Benthic omnivore
1943,Ontario,Sunfish,15,,Invertivore
1943,Ontario,Walleye,46,,Piscivore
1943,Ontario,Yellow Perch,233,,Invertivore
1944,Ontario,Amercian Eel,52,,Benthic invertivore
1944,Ontario,Blue Pike,79,,Piscivore
1944,Ontario,Burbot,0,,Piscivore
1944,Ontario,Carp,232,,Benthic omnivore
1944,Ontario,Channel Catfish and Bullheads,220,,Benthic omnivore
1944,Ontario,Cisco and Chubs,1126,,Planktivore
1944,Ontario,Lake Sturgeon,13,,Benthic invertivore
1944,Ontario,Lake Trout,78,,Piscivore
1944,Ontario,Lake Whitefish,518,,Benthic invertivore
1944,Ontario,Northern Pike,81,,Piscivore
1944,Ontario,Suckers,33,,Benthic omnivore
1944,Ontario,Sunfish,13,,Invertivore
1944,Ontario,Walleye,52,,Piscivore
1944,Ontario,Yellow Perch,197,,Invertivore
1945,Ontario,Amercian Eel,63,,Benthic invertivore
1945,Ontario,Blue Pike,96,,Piscivore
1945,Ontario,Burbot,0,,Piscivore
1945,Ontario,Carp,284,,Benthic omnivore
1945,Ontario,Channel Catfish and Bullheads,292,,Benthic omnivore
1945,Ontario,Cisco and Chubs,839,,Planktivore
1945,Ontario,Lake Sturgeon,9,,Benthic invertivore
1945,Ontario,Lake Trout,106,,Piscivore
1945,Ontario,Lake Whitefish,392,,Benthic invertivore
1945,Ontario,Northern Pike,100,,Piscivore
1945,Ontario,Suckers,29,,Benthic omnivore
1945,Ontario,Sunfish,27,,Invertivore
1945,Ontario,Walleye,37,,Piscivore
1945,Ontario,Yellow Perch,224,,Invertivore
1946,Ontario,Amercian Eel,60,,Benthic invertivore
1946,Ontario,Blue Pike,191,,Piscivore
1946,Ontario,Bullheads,57,,Benthic omnivore
1946,Ontario,Burbot,0,,Piscivore
1946,Ontario,Carp,213,,Benthic omnivore
1946,Ontario,Channel Catfish,0,,Benthic omnivore
1946,Ontario,Channel Catfish and Bullheads,346,,Benthic omnivore
1946,Ontario,Cisco and Chubs,430,,Planktivore
1946,Ontario,Lake Sturgeon,7,,Benthic invertivore
1946,Ontario,Lake Trout,103,,Piscivore
1946,Ontario,Lake Whitefish,442,,Benthic invertivore
1946,Ontario,Northern Pike,57,,Piscivore
1946,Ontario,Rainbow Smelt,1,,Planktivore
1946,Ontario,Suckers,14,,Benthic omnivore
1946,Ontario,Sunfish,21,,Invertivore
1946,Ontario,Walleye,49,,Piscivore
1946,Ontario,Yellow Perch,199,,Invertivore
1947,Ontario,Amercian Eel,58,,Benthic invertivore
1947,Ontario,Blue Pike,316,,Piscivore
1947,Ontario,Bullheads,51,,Benthic omnivore
1947,Ontario,Burbot,0,,Piscivore
1947,Ontario,Carp,135,,Benthic omnivore
1947,Ontario,Channel Catfish,2,,Benthic omnivore
1947,Ontario,Channel Catfish and Bullheads,354,,Benthic omnivore
1947,Ontario,Cisco and Chubs,614,,Planktivore
1947,Ontario,Lake Sturgeon,8,,Benthic invertivore
1947,Ontario,Lake Trout,65,,Piscivore
1947,Ontario,Lake Whitefish,379,,Benthic invertivore
1947,Ontario,Northern Pike,53,,Piscivore
1947,Ontario,Rainbow Smelt,,,Planktivore
1947,Ontario,Suckers,23,,Benthic omnivore
1947,Ontario,Sunfish,16,,Invertivore
1947,Ontario,Walleye,44,,Piscivore
1947,Ontario,Yellow Perch,154,,Invertivore
1948,Ontario,Amercian Eel,57,,Benthic invertivore
1948,Ontario,Blue Pike,161,,Piscivore
1948,Ontario,Bullheads,63,,Benthic omnivore
1948,Ontario,Burbot,0,,Piscivore
1948,Ontario,Carp,229,,Benthic omnivore
1948,Ontario,Channel Catfish,0,,Benthic omnivore
1948,Ontario,Channel Catfish and Bullheads,496,,Benthic omnivore
1948,Ontario,Cisco and Chubs,530,,Planktivore
1948,Ontario,Lake Sturgeon,8,,Benthic invertivore
1948,Ontario,Lake Trout,42,,Piscivore
1948,Ontario,Lake Whitefish,245,,Benthic invertivore
1948,Ontario,Northern Pike,47,,Piscivore
1948,Ontario,Rainbow Smelt,,,Planktivore
1948,Ontario,Suckers,18,,Benthic omnivore
1948,Ontario,Sunfish,13,,Invertivore
1948,Ontario,Walleye,32,,Piscivore
1948,Ontario,Yellow Perch,179,,Invertivore
1949,Ontario,Amercian Eel,66,,Benthic invertivore
1949,Ontario,Blue Pike,133,,Piscivore
1949,Ontario,Bullheads,55,,Benthic omnivore
1949,Ontario,Burbot,0,,Piscivore
1949,Ontario,Carp,202,,Benthic omnivore
1949,Ontario,Channel Catfish,1,,Benthic omnivore
1949,Ontario,Channel Catfish and Bullheads,586,,Benthic omnivore
1949,Ontario,Cisco and Chubs,370,,Planktivore
1949,Ontario,Lake Sturgeon,8,,Benthic invertivore
1949,Ontario,Lake Trout,22,,Piscivore
1949,Ontario,Lake Whitefish,221,,Benthic invertivore
1949,Ontario,Northern Pike,42,,Piscivore
1949,Ontario,Rainbow Smelt,4,,Planktivore
1949,Ontario,Suckers,27,,Benthic omnivore
1949,Ontario,Sunfish,9,,Invertivore
1949,Ontario,Walleye,30,,Piscivore
1949,Ontario,Yellow Perch,170,,Invertivore
1950,Ontario,Amercian Eel,30,,Benthic invertivore
1950,Ontario,Blue Pike,101,,Piscivore
1950,Ontario,Bullheads,82,,Benthic omnivore
1950,Ontario,Burbot,0,,Piscivore
1950,Ontario,Carp,245,,Benthic omnivore
1950,Ontario,Channel Catfish,0,,Benthic omnivore
1950,Ontario,Channel Catfish and Bullheads,602,,Benthic omnivore
1950,Ontario,Cisco and Chubs,237,,Planktivore
1950,Ontario,Lake Sturgeon,9,,Benthic invertivore
1950,Ontario,Lake Trout,15,,Piscivore
1950,Ontario,Lake Whitefish,440,,Benthic invertivore
1950,Ontario,Northern Pike,32,,Piscivore
1950,Ontario,Rainbow Smelt,,,Planktivore
1950,Ontario,Suckers,8,,Benthic omnivore
1950,Ontario,Sunfish,4,,Invertivore
1950,Ontario,Walleye,34,,Piscivore
1950,Ontario,Yellow Perch,140,,Invertivore
1951,Ontario,Amercian Eel,72,,Benthic invertivore
1951,Ontario,Blue Pike,446,,Piscivore
1951,Ontario,Bullheads,152,,Benthic omnivore
1951,Ontario,Burbot,0,,Piscivore
1951,Ontario,Carp,227,,Benthic omnivore
1951,Ontario,Channel Catfish,0,,Benthic omnivore
1951,Ontario,Channel Catfish and Bullheads,549,,Benthic omnivore
1951,Ontario,Cisco and Chubs,242,,Planktivore
1951,Ontario,Lake Sturgeon,7,,Benthic invertivore
1951,Ontario,Lake Trout,42,,Piscivore
1951,Ontario,Lake Whitefish,475,,Benthic invertivore
1951,Ontario,Northern Pike,25,,Piscivore
1951,Ontario,Rainbow Smelt,7,,Planktivore
1951,Ontario,Suckers,39,,Benthic omnivore
1951,Ontario,Sunfish,6,,Invertivore
1951,Ontario,Walleye,92,,Piscivore
1951,Ontario,Yellow Perch,160,,Invertivore
1952,Ontario,Amercian Eel,83,,Benthic invertivore
1952,Ontario,Blue Pike,648,,Piscivore
1952,Ontario,Bullheads,519,,Benthic omnivore
1952,Ontario,Burbot,0,,Piscivore
1952,Ontario,Carp,268,,Benthic omnivore
1952,Ontario,Channel Catfish,28,,Benthic omnivore
1952,Ontario,Chubs,33,,Planktivore
1952,Ontario,Cisco,116,,Planktivore
1952,Ontario,Lake Sturgeon,10,,Benthic invertivore
1952,Ontario,Lake Trout,34,,Piscivore
1952,Ontario,Lake Whitefish,440,,Benthic invertivore
1952,Ontario,Northern Pike,16,,Piscivore
1952,Ontario,Rainbow Smelt,253,,Planktivore
1952,Ontario,Suckers,82,,Benthic omnivore
1952,Ontario,Sunfish,170,,Invertivore
1952,Ontario,Walleye,103,,Piscivore
1952,Ontario,Yellow Perch,122,,Invertivore
1953,Ontario,Amercian Eel,59,,Benthic invertivore
1953,Ontario,Blue Pike,126,,Piscivore
1953,Ontario,Bullheads,428,,Benthic omnivore
1953,Ontario,Burbot,1,,Piscivore
1953,Ontario,Carp,384,,Benthic omnivore
1953,Ontario,Channel Catfish,20,,Benthic omnivore
1953,Ontario,Chubs,35,,Planktivore
1953,Ontario,Cisco,74,,Planktivore
1953,Ontario,Lake Sturgeon,17,,Benthic invertivore
1953,Ontario,Lake Trout,17,,Piscivore
1953,Ontario,Lake Whitefish,239,,Benthic invertivore
1953,Ontario,Northern Pike,24,,Piscivore
1953,Ontario,Rainbow Smelt,289,,Planktivore
1953,Ontario,Suckers,73,,Benthic omnivore
1953,Ontario,Sunfish,226,,Invertivore
1953,Ontario,Walleye,75,,Piscivore
1953,Ontario,White Perch,0,,Invertivore
1953,Ontario,Yellow Perch,93,,Invertivore
1954,Ontario,Amercian Eel,87,,Benthic invertivore
1954,Ontario,Blue Pike,175,,Piscivore
1954,Ontario,Bullheads,417,,Benthic omnivore
1954,Ontario,Burbot,0,,Piscivore
1954,Ontario,Carp,320,,Benthic omnivore
1954,Ontario,Channel Catfish,32,,Benthic omnivore
1954,Ontario,Chubs,11,,Planktivore
1954,Ontario,Cisco,71,,Planktivore
1954,Ontario,Lake Sturgeon,11,,Benthic invertivore
1954,Ontario,Lake Trout,8,,Piscivore
1954,Ontario,Lake Whitefish,238,,Benthic invertivore
1954,Ontario,Northern Pike,23,,Piscivore
1954,Ontario,Rainbow Smelt,270,,Planktivore
1954,Ontario,Suckers,84,,Benthic omnivore
1954,Ontario,Sunfish,185,,Invertivore
1954,Ontario,Walleye,115,,Piscivore
1954,Ontario,White Perch,0,,Invertivore
1954,Ontario,Yellow Perch,84,,Invertivore
1955,Ontario,Amercian Eel,78,,Benthic invertivore
1955,Ontario,Blue Pike,63,,Piscivore
1955,Ontario,Bullheads,440,,Benthic omnivore
1955,Ontario,Burbot,0,,Piscivore
1955,Ontario,Carp,328,,Benthic omnivore
1955,Ontario,Channel Catfish,29,,Benthic omnivore
1955,Ontario,Chubs,5,,Planktivore
1955,Ontario,Cisco,30,,Planktivore
1955,Ontario,Lake Sturgeon,11,,Benthic invertivore
1955,Ontario,Lake Trout,4,,Piscivore
1955,Ontario,Lake Whitefish,352,,Benthic invertivore
1955,Ontario,Northern Pike,19,,Piscivore
1955,Ontario,Rainbow Smelt,243,,Planktivore
1955,Ontario,Suckers,62,,Benthic omnivore
1955,Ontario,Sunfish,185,,Invertivore
1955,Ontario,Walleye,126,,Piscivore
1955,Ontario,White Perch,,,Invertivore
1955,Ontario,Yellow Perch,84,,Invertivore
1956,Ontario,Amercian Eel,60,,Benthic invertivore
1956,Ontario,Blue Pike,31,,Piscivore
1956,Ontario,Bullheads,485,,Benthic omnivore
1956,Ontario,Burbot,0,,Piscivore
1956,Ontario,Carp,625,,Benthic omnivore
1956,Ontario,Channel Catfish,22,,Benthic omnivore
1956,Ontario,Chubs,7,,Planktivore
1956,Ontario,Cisco,39,,Planktivore
1956,Ontario,Lake Sturgeon,10,,Benthic invertivore
1956,Ontario,Lake Trout,2,,Piscivore
1956,Ontario,Lake Whitefish,606,,Benthic invertivore
1956,Ontario,Northern Pike,22,,Piscivore
1956,Ontario,Rainbow Smelt,272,,Planktivore
1956,Ontario,Suckers,81,,Benthic omnivore
1956,Ontario,Sunfish,243,,Invertivore
1956,Ontario,Walleye,122,,Piscivore
1956,Ontario,White Perch,,,Invertivore
1956,Ontario,Yellow Perch,73,,Invertivore
1957,Ontario,Amercian Eel,122,,Benthic invertivore
1957,Ontario,Blue Pike,21,,Piscivore
1957,Ontario,Bullheads,470,,Benthic omnivore
1957,Ontario,Burbot,0,,Piscivore
1957,Ontario,Carp,324,,Benthic omnivore
1957,Ontario,Channel Catfish,22,,Benthic omnivore
1957,Ontario,Chubs,2,,Planktivore
1957,Ontario,Cisco,86,,Planktivore
1957,Ontario,Lake Sturgeon,7,,Benthic invertivore
1957,Ontario,Lake Trout,1,,Piscivore
1957,Ontario,Lake Whitefish,313,,Benthic invertivore
1957,Ontario,Northern Pike,40,,Piscivore
1957,Ontario,Rainbow Smelt,177,,Planktivore
1957,Ontario,Suckers,89,,Benthic omnivore
1957,Ontario,Sunfish,239,,Invertivore
1957,Ontario,Walleye,118,,Piscivore
1957,Ontario,White Perch,,,Invertivore
1957,Ontario,Yellow Perch,65,,Invertivore
1958,Ontario,Amercian Eel,157,,Benthic invertivore
1958,Ontario,Blue Pike,15,,Piscivore
1958,Ontario,Bullheads,437,,Benthic omnivore
1958,Ontario,Burbot,0,,Piscivore
1958,Ontario,Carp,333,,Benthic omnivore
1958,Ontario,Channel Catfish,27,,Benthic omnivore
1958,Ontario,Chubs,0,,Planktivore
1958,Ontario,Cisco,55,,Planktivore
1958,Ontario,Lake Sturgeon,10,,Benthic invertivore
1958,Ontario,Lake Trout,2,,Piscivore
1958,Ontario,Lake Whitefish,351,,Benthic invertivore
1958,Ontario,Northern Pike,40,,Piscivore
1958,Ontario,Rainbow Smelt,296,,Planktivore
1958,Ontario,Suckers,78,,Benthic omnivore
1958,Ontario,Sunfish,169,,Invertivore
1958,Ontario,Walleye,168,,Piscivore
1958,Ontario,White Perch,1,,Invertivore
1958,Ontario,Yellow Perch,106,,Invertivore
1959,Ontario,Amercian Eel,157,,Benthic invertivore
1959,Ontario,Blue Pike,6,,Piscivore
1959,Ontario,Bullheads,371,,Benthic omnivore
1959,Ontario,Burbot,0,,Piscivore
1959,Ontario,Carp,554,,Benthic omnivore
1959,Ontario,Channel Catfish,40,,Benthic omnivore
1959,Ontario,Chubs,1,,Planktivore
1959,Ontario,Cisco,57,,Planktivore
1959,Ontario,Lake Sturgeon,9,,Benthic invertivore
1959,Ontario,Lake Trout,1,,Piscivore
1959,Ontario,Lake Whitefish,341,,Benthic invertivore
1959,Ontario,Northern Pike,33,,Piscivore
1959,Ontario,Rainbow Smelt,208,,Planktivore
1959,Ontario,Suckers,71,,Benthic omnivore
1959,Ontario,Sunfish,120,,Invertivore
1959,Ontario,Walleye,152,,Piscivore
1959,Ontario,White Perch,2,,Invertivore
1959,Ontario,Yellow Perch,60,,Invertivore
1960,Ontario,Amercian Eel,156,,Benthic invertivore
1960,Ontario,Blue Pike,6,,Piscivore
1960,Ontario,Bullheads,335,,Benthic omnivore
1960,Ontario,Burbot,0,,Piscivore
1960,Ontario,Carp,332,,Benthic omnivore
1960,Ontario,Channel Catfish,33,,Benthic omnivore
1960,Ontario,Chubs,1,,Planktivore
1960,Ontario,Cisco,83,,Planktivore
1960,Ontario,Lake Sturgeon,10,,Benthic invertivore
1960,Ontario,Lake Trout,5,,Piscivore
1960,Ontario,Lake Whitefish,367,,Benthic invertivore
1960,Ontario,Northern Pike,42,,Piscivore
1960,Ontario,Rainbow Smelt,188,,Planktivore
1960,Ontario,Suckers,48,,Benthic omnivore
1960,Ontario,Sunfish,152,,Invertivore
1960,Ontario,Walleye,127,,Piscivore
1960,Ontario,White Perch,19,,Invertivore
1960,Ontario,Yellow Perch,174,,Invertivore
1961,Ontario,Amercian Eel,155,,Benthic invertivore
1961,Ontario,Blue Pike,2,,Piscivore
1961,Ontario,Bullheads,256,,Benthic omnivore
1961,Ontario,Burbot,1,,Piscivore
1961,Ontario,Carp,363,,Benthic omnivore
1961,Ontario,Channel Catfish,17,,Benthic omnivore
1961,Ontario,Chubs,0,,Planktivore
1961,Ontario,Cisco,54,,Planktivore
1961,Ontario,Lake Sturgeon,16,,Benthic invertivore
1961,Ontario,Lake Trout,8,,Piscivore
1961,Ontario,Lake Whitefish,631,,Benthic invertivore
1961,Ontario,Northern Pike,57,,Piscivore
1961,Ontario,Rainbow Smelt,223,,Planktivore
1961,Ontario,Suckers,69,,Benthic omnivore
1961,Ontario,Sunfish,138,,Invertivore
1961,Ontario,Walleye,126,,Piscivore
1961,Ontario,White Perch,20,,Invertivore
1961,Ontario,Yellow Perch,222,,Invertivore
1962,Ontario,Amercian Eel,149,,Benthic invertivore
1962,Ontario,Blue Pike,0,,Piscivore
1962,Ontario,Bullheads,230,,Benthic omnivore
1962,Ontario,Burbot,1,,Piscivore
1962,Ontario,Carp,287,,Benthic omnivore
1962,Ontario,Channel Catfish,24,,Benthic omnivore
1962,Ontario,Chubs,0,,Planktivore
1962,Ontario,Cisco,30,,Planktivore
1962,Ontario,Lake Sturgeon,9,,Benthic invertivore
1962,Ontario,Lake Trout,2,NY: Fishery closed.,Piscivore
1962,Ontario,Lake Whitefish,382,,Benthic invertivore
1962,Ontario,Northern Pike,51,,Piscivore
1962,Ontario,Rainbow Smelt,202,,Planktivore
1962,Ontario,Suckers,81,,Benthic omnivore
1962,Ontario,Sunfish,123,,Invertivore
1962,Ontario,Walleye,120,,Piscivore
1962,Ontario,White Perch,24,,Invertivore
1962,Ontario,Yellow Perch,119,,Invertivore
1963,Ontario,Amercian Eel,188,,Benthic invertivore
1963,Ontario,Blue Pike,0,,Piscivore
1963,Ontario,Bullheads,253,,Benthic omnivore
1963,Ontario,Burbot,1,,Piscivore
1963,Ontario,Carp,453,,Benthic omnivore
1963,Ontario,Channel Catfish,22,,Benthic omnivore
1963,Ontario,Chubs,0,,Planktivore
1963,Ontario,Cisco,43,,Planktivore
1963,Ontario,Lake Sturgeon,7,,Benthic invertivore
1963,Ontario,Lake Trout,1,,Piscivore
1963,Ontario,Lake Whitefish,386,,Benthic invertivore
1963,Ontario,Northern Pike,33,,Piscivore
1963,Ontario,Rainbow Smelt,170,,Planktivore
1963,Ontario,Suckers,54,,Benthic omnivore
1963,Ontario,Sunfish,184,,Invertivore
1963,Ontario,Walleye,70,,Piscivore
1963,Ontario,White Perch,59,,Invertivore
1963,Ontario,Yellow Perch,143,,Invertivore
1964,Ontario,Amercian Eel,279,,Benthic invertivore
1964,Ontario,Blue Pike,0,,Piscivore
1964,Ontario,Bullheads,191,,Benthic omnivore
1964,Ontario,Burbot,0,,Piscivore
1964,Ontario,Carp,309,,Benthic omnivore
1964,Ontario,Channel Catfish,21,,Benthic omnivore
1964,Ontario,Chubs,0,,Planktivore
1964,Ontario,Cisco,46,,Planktivore
1964,Ontario,Lake Sturgeon,6,,Benthic invertivore
1964,Ontario,Lake Trout,0,,Piscivore
1964,Ontario,Lake Whitefish,141,,Benthic invertivore
1964,Ontario,Northern Pike,32,,Piscivore
1964,Ontario,Rainbow Smelt,129,,Planktivore
1964,Ontario,Suckers,50,,Benthic omnivore
1964,Ontario,Sunfish,204,,Invertivore
1964,Ontario,Walleye,69,,Piscivore
1964,Ontario,White Perch,275,,Invertivore
1964,Ontario,Yellow Perch,318,,Invertivore
1965,Ontario,Amercian Eel,214,,Benthic invertivore
1965,Ontario,Blue Pike,0,,Piscivore
1965,Ontario,Bullheads,164,,Benthic omnivore
1965,Ontario,Burbot,0,,Piscivore
1965,Ontario,Carp,334,,Benthic omnivore
1965,Ontario,Channel Catfish,27,,Benthic omnivore
1965,Ontario,Chubs,0,,Planktivore
1965,Ontario,Cisco,31,,Planktivore
1965,Ontario,Lake Sturgeon,6,,Benthic invertivore
1965,Ontario,Lake Trout,0,,Piscivore
1965,Ontario,Lake Whitefish,121,,Benthic invertivore
1965,Ontario,Northern Pike,21,,Piscivore
1965,Ontario,Rainbow Smelt,202,,Planktivore
1965,Ontario,Suckers,29,,Benthic omnivore
1965,Ontario,Sunfish,159,,Invertivore
1965,Ontario,Walleye,51,,Piscivore
1965,Ontario,White Perch,602,,Invertivore
1965,Ontario,Yellow Perch,477,,Invertivore
1966,Ontario,Amercian Eel,178,,Benthic invertivore
1966,Ontario,Blue Pike,0,,Piscivore
1966,Ontario,Bullheads,124,,Benthic omnivore
1966,Ontario,Burbot,0,,Piscivore
1966,Ontario,Carp,317,,Benthic omnivore
1966,Ontario,Channel Catfish,27,,Benthic omnivore
1966,Ontario,Chubs,0,,Planktivore
1966,Ontario,Cisco,39,,Planktivore
1966,Ontario,Lake Sturgeon,2,,Benthic invertivore
1966,Ontario,Lake Trout,0,,Piscivore
1966,Ontario,Lake Whitefish,59,,Benthic invertivore
1966,Ontario,Northern Pike,22,,Piscivore
1966,Ontario,Rainbow Smelt,141,,Planktivore
1966,Ontario,Suckers,34,,Benthic omnivore
1966,Ontario,Sunfish,138,,Invertivore
1966,Ontario,Walleye,48,,Piscivore
1966,Ontario,White Perch,273,,Invertivore
1966,Ontario,Yellow Perch,169,,Invertivore
1967,Ontario,Amercian Eel,170,,Benthic invertivore
1967,Ontario,Blue Pike,0,,Piscivore
1967,Ontario,Bullheads,140,,Benthic omnivore
1967,Ontario,Burbot,0,,Piscivore
1967,Ontario,Carp,414,,Benthic omnivore
1967,Ontario,Channel Catfish,17,,Benthic omnivore
1967,Ontario,Chubs,0,,Planktivore
1967,Ontario,Cisco,61,,Planktivore
1967,Ontario,Lake Sturgeon,1,,Benthic invertivore
1967,Ontario,Lake Trout,0,,Piscivore
1967,Ontario,Lake Whitefish,49,,Benthic invertivore
1967,Ontario,Northern Pike,19,,Piscivore
1967,Ontario,Rainbow Smelt,155,,Planktivore
1967,Ontario,Suckers,37,,Benthic omnivore
1967,Ontario,Sunfish,175,,Invertivore
1967,Ontario,Walleye,27,,Piscivore
1967,Ontario,White Perch,325,,Invertivore
1967,Ontario,Yellow Perch,299,,Invertivore
1968,Ontario,Amercian Eel,247,,Benthic invertivore
1968,Ontario,Blue Pike,0,,Piscivore
1968,Ontario,Bullheads,196,,Benthic omnivore
1968,Ontario,Burbot,0,,Piscivore
1968,Ontario,Carp,461,,Benthic omnivore
1968,Ontario,Channel Catfish,26,,Benthic omnivore
1968,Ontario,Chubs,0,,Planktivore
1968,Ontario,Cisco,42,,Planktivore
1968,Ontario,Lake Sturgeon,2,,Benthic invertivore
1968,Ontario,Lake Trout,0,,Piscivore
1968,Ontario,Lake Whitefish,76,,Benthic invertivore
1968,Ontario,Northern Pike,34,,Piscivore
1968,Ontario,Rainbow Smelt,168,,Planktivore
1968,Ontario,Suckers,23,,Benthic omnivore
1968,Ontario,Sunfish,196,,Invertivore
1968,Ontario,Walleye,23,,Piscivore
1968,Ontario,White Perch,327,,Invertivore
1968,Ontario,Yellow Perch,318,,Invertivore
1969,Ontario,Amercian Eel,207,,Benthic invertivore
1969,Ontario,Blue Pike,0,,Piscivore
1969,Ontario,Bullheads,293,,Benthic omnivore
1969,Ontario,Burbot,0,,Piscivore
1969,Ontario,Carp,611,,Benthic omnivore
1969,Ontario,Channel Catfish,24,,Benthic omnivore
1969,Ontario,Chubs,1,,Planktivore
1969,Ontario,Cisco,43,,Planktivore
1969,Ontario,Lake Sturgeon,1,,Benthic invertivore
1969,Ontario,Lake Trout,0,,Piscivore
1969,Ontario,Lake Whitefish,82,,Benthic invertivore
1969,Ontario,Northern Pike,28,,Piscivore
1969,Ontario,Pacific Salmon,0,NY: Incidental catches were not recorded.,Piscivore
1969,Ontario,Rainbow Smelt,146,,Planktivore
1969,Ontario,Suckers,23,,Benthic omnivore
1969,Ontario,Sunfish,168,,Invertivore
1969,Ontario,Walleye,19,,Piscivore
1969,Ontario,White Perch,309,,Invertivore
1969,Ontario,Yellow Perch,453,,Invertivore
1970,Ontario,Amercian Eel,196,ONT: Discovery of mercury contamination resulted in closure of the fishery by Ontario in that part of Lake Ontario east of longitude 76 50'.,Benthic invertivore
1970,Ontario,Blue Pike,0,,Piscivore
1970,Ontario,Bullheads,331,,Benthic omnivore
1970,Ontario,Burbot,0,,Piscivore
1970,Ontario,Carp,515,,Benthic omnivore
1970,Ontario,Channel Catfish,35,,Benthic omnivore
1970,Ontario,Chubs,0,,Planktivore
1970,Ontario,Cisco,26,,Planktivore
1970,Ontario,Lake Sturgeon,1,,Benthic invertivore
1970,Ontario,Lake Trout,0,,Piscivore
1970,Ontario,Lake Whitefish,51,,Benthic invertivore
1970,Ontario,Northern Pike,18,ONT: Discovery of mercury contamination resulted in the closure of the fishery by Ontario in that part of Lake Ontario east of longitude 76 50'.,Piscivore
1970,Ontario,Pacific Salmon,1,,Piscivore
1970,Ontario,Rainbow Smelt,165,,Planktivore
1970,Ontario,Suckers,24,,Benthic omnivore
1970,Ontario,Sunfish,179,,Invertivore
1970,Ontario,Walleye,10,ONT: Discovery of mercury contamination resulted in the closure of the fishery by Ontario in that part of Lake Ontario east of longitude 76 50'.  Reopened in 1972 in response to a reduction in mercury levels.,Piscivore
1970,Ontario,White Perch,558,,Invertivore
1970,Ontario,Yellow Perch,1004,ONT: Discovery of mercury contamination resulted in the closure of the fishery by Ontario in that part of Lake Ontario east of longitude 76 50'.  Reopened in 1972 in response to a reduction in mercury levels.,Invertivore
1971,Ontario,Amercian Eel,206,,Benthic invertivore
1971,Ontario,Blue Pike,0,,Piscivore
1971,Ontario,Bullheads,272,,Benthic omnivore
1971,Ontario,Burbot,0,,Piscivore
1971,Ontario,Carp,499,,Benthic omnivore
1971,Ontario,Channel Catfish,28,,Benthic omnivore
1971,Ontario,Chubs,0,,Planktivore
1971,Ontario,Cisco,23,,Planktivore
1971,Ontario,Lake Sturgeon,0,,Benthic invertivore
1971,Ontario,Lake Trout,0,,Piscivore
1971,Ontario,Lake Whitefish,17,,Benthic invertivore
1971,Ontario,Northern Pike,17,,Piscivore
1971,Ontario,Pacific Salmon,1,,Piscivore
1971,Ontario,Rainbow Smelt,205,,Planktivore
1971,Ontario,Suckers,11,,Benthic omnivore
1971,Ontario,Sunfish,162,,Invertivore
1971,Ontario,Walleye,7,,Piscivore
1971,Ontario,White Perch,719,,Invertivore
1971,Ontario,Yellow Perch,921,,Invertivore
1972,Ontario,Amercian Eel,296,ONT: Fishery was revived under special permit for approved export markets outside North America.,Benthic invertivore
1972,Ontario,Blue Pike,0,,Piscivore
1972,Ontario,Bullheads,244,,Benthic omnivore
1972,Ontario,Burbot,0,,Piscivore
1972,Ontario,Carp,471,,Benthic omnivore
1972,Ontario,Channel Catfish,25,,Benthic omnivore
1972,Ontario,Chubs,0,,Planktivore
1972,Ontario,Cisco,15,,Planktivore
1972,Ontario,Lake Sturgeon,1,,Benthic invertivore
1972,Ontario,Lake Trout,0,,Piscivore
1972,Ontario,Lake Whitefish,21,,Benthic invertivore
1972,Ontario,Northern Pike,9,,Piscivore
1972,Ontario,Pacific Salmon,3,,Piscivore
1972,Ontario,Rainbow Smelt,221,,Planktivore
1972,Ontario,Suckers,19,,Benthic omnivore
1972,Ontario,Sunfish,173,,Invertivore
1972,Ontario,Walleye,6,,Piscivore
1972,Ontario,White Perch,328,,Invertivore
1972,Ontario,Yellow Perch,879,,Invertivore
1973,Ontario,Amercian Eel,228,,Benthic invertivore
1973,Ontario,Blue Pike,0,,Piscivore
1973,Ontario,Bullheads,286,,Benthic omnivore
1973,Ontario,Burbot,0,,Piscivore
1973,Ontario,Carp,432,,Benthic omnivore
1973,Ontario,Channel Catfish,26,,Benthic omnivore
1973,Ontario,Chubs,0,,Planktivore
1973,Ontario,Cisco,18,,Planktivore
1973,Ontario,Lake Sturgeon,1,,Benthic invertivore
1973,Ontario,Lake Trout,0,,Piscivore
1973,Ontario,Lake Whitefish,16,,Benthic invertivore
1973,Ontario,Northern Pike,11,,Piscivore
1973,Ontario,Pacific Salmon,3,,Piscivore
1973,Ontario,Rainbow Smelt,104,,Planktivore
1973,Ontario,Suckers,26,,Benthic omnivore
1973,Ontario,Sunfish,227,,Invertivore
1973,Ontario,Walleye,5,,Piscivore
1973,Ontario,White Perch,341,,Invertivore
1973,Ontario,Yellow Perch,821,,Invertivore
1974,Ontario,Amercian Eel,273,,Benthic invertivore
1974,Ontario,Blue Pike,0,,Piscivore
1974,Ontario,Bullheads,321,,Benthic omnivore
1974,Ontario,Burbot,0,,Piscivore
1974,Ontario,Carp,411,,Benthic omnivore
1974,Ontario,Channel Catfish,28,,Benthic omnivore
1974,Ontario,Chubs,0,,Planktivore
1974,Ontario,Cisco,32,,Planktivore
1974,Ontario,Lake Sturgeon,1,,Benthic invertivore
1974,Ontario,Lake Trout,1,,Piscivore
1974,Ontario,Lake Whitefish,16,,Benthic invertivore
1974,Ontario,Northern Pike,21,,Piscivore
1974,Ontario,Pacific Salmon,24,,Piscivore
1974,Ontario,Rainbow Smelt,110,,Planktivore
1974,Ontario,Suckers,21,,Benthic omnivore
1974,Ontario,Sunfish,216,,Invertivore
1974,Ontario,Walleye,4,,Piscivore
1974,Ontario,White Perch,371,,Invertivore
1974,Ontario,Yellow Perch,751,,Invertivore
1975,Ontario,Amercian Eel,400,,Benthic invertivore
1975,Ontario,Blue Pike,0,,Piscivore
1975,Ontario,Bullheads,399,,Benthic omnivore
1975,Ontario,Burbot,0,,Piscivore
1975,Ontario,Carp,416,,Benthic omnivore
1975,Ontario,Channel Catfish,30,,Benthic omnivore
1975,Ontario,Chubs,0,,Planktivore
1975,Ontario,Cisco,27,,Planktivore
1975,Ontario,Lake Sturgeon,1,,Benthic invertivore
1975,Ontario,Lake Trout,2,,Piscivore
1975,Ontario,Lake Whitefish,5,,Benthic invertivore
1975,Ontario,Northern Pike,17,,Piscivore
1975,Ontario,Pacific Salmon,52,,Piscivore
1975,Ontario,Rainbow Smelt,123,,Planktivore
1975,Ontario,Suckers,12,,Benthic omnivore
1975,Ontario,Sunfish,314,,Invertivore
1975,Ontario,Walleye,5,,Piscivore
1975,Ontario,White Perch,416,,Invertivore
1975,Ontario,Yellow Perch,660,,Invertivore
1976,Ontario,Amercian Eel,378,NY: The capture and sale of eels was banned 20 September 1976 when Mirex levels exceeded 0.5 ppm.  Reopened 20 March 1977 for sale to foreign markets through approved buyers.,Benthic invertivore
1976,Ontario,Blue Pike,0,,Piscivore
1976,Ontario,Bowfin,2,,Piscivore
1976,Ontario,Bullheads,369,NY: The capture and sale of bullheads was banned 20 September 1976 when Mirex levels exceeded 0.5 ppm.  Reopened 20 March 1977.,Benthic omnivore
1976,Ontario,Burbot,0,,Piscivore
1976,Ontario,Carp,434,,Benthic omnivore
1976,Ontario,Channel Catfish,4,NY: The capture and sale of channel catfish was banned 20 September 1976 when Mirex levels exceeded 0.5 ppm.,Benthic omnivore
1976,Ontario,Chubs,0,,Planktivore
1976,Ontario,Cisco,15,NY: The capture and sale of lake herring was banned 20 September 1976 when Mirex levels exceeded 0.5 ppm.  Reopened 20 March 1977.,Planktivore
1976,Ontario,Crappie,0,,Invertivore
1976,Ontario,Freshwater Drum,3,,Benthic invertivore
1976,Ontario,Lake Sturgeon,1,,Benthic invertivore
1976,Ontario,Lake Trout,2,NY: The capture and sale of lake trout was banned 20 September 1976 when Mirex levels exceeded 0.5 ppm. Reopened 20 March 1977.,Piscivore
1976,Ontario,Lake Whitefish,4,,Benthic invertivore
1976,Ontario,Northern Pike,22,,Piscivore
1976,Ontario,Pacific Salmon,20,"ONT: PCB contamination resulted in the closure of the fishery, August 1976.",Piscivore
1976,Ontario,Rainbow Smelt,103,,Planktivore
1976,Ontario,Rock Bass,81,,Invertivore
1976,Ontario,Suckers,13,,Benthic omnivore
1976,Ontario,Sunfish,233,,Invertivore
1976,Ontario,Walleye,3,,Piscivore
1976,Ontario,White Bass,6,,Piscivore
1976,Ontario,White Perch,774,,Invertivore
1976,Ontario,Yellow Perch,627,,Invertivore
1977,Ontario,Amercian Eel,414,,Benthic invertivore
1977,Ontario,Blue Pike,0,,Piscivore
1977,Ontario,Bowfin,4,,Piscivore
1977,Ontario,Bullheads,446,,Benthic omnivore
1977,Ontario,Burbot,0,,Piscivore
1977,Ontario,Carp,236,,Benthic omnivore
1977,Ontario,Channel Catfish,9,,Benthic omnivore
1977,Ontario,Chubs,0,,Planktivore
1977,Ontario,Cisco,12,,Planktivore
1977,Ontario,Crappie,6,,Invertivore
1977,Ontario,Freshwater Drum,5,,Benthic invertivore
1977,Ontario,Lake Sturgeon,4,,Benthic invertivore
1977,Ontario,Lake Trout,1,,Piscivore
1977,Ontario,Lake Whitefish,9,,Benthic invertivore
1977,Ontario,Northern Pike,15,,Piscivore
1977,Ontario,Pacific Salmon,1,,Piscivore
1977,Ontario,Rainbow Smelt,64,,Planktivore
1977,Ontario,Rock Bass,59,,Invertivore
1977,Ontario,Suckers,14,,Benthic omnivore
1977,Ontario,Sunfish,180,,Invertivore
1977,Ontario,Walleye,4,,Piscivore
1977,Ontario,White Bass,14,,Piscivore
1977,Ontario,White Perch,493,,Invertivore
1977,Ontario,Yellow Perch,633,,Invertivore
1978,Ontario,Amercian Eel,550,,Benthic invertivore
1978,Ontario,Blue Pike,0,,Piscivore
1978,Ontario,Bowfin,10,,Piscivore
1978,Ontario,Bullheads,399,,Benthic omnivore
1978,Ontario,Burbot,0,,Piscivore
1978,Ontario,Carp,10,,Benthic omnivore
1978,Ontario,Channel Catfish,4,,Benthic omnivore
1978,Ontario,Chubs,0,,Planktivore
1978,Ontario,Cisco,12,,Planktivore
1978,Ontario,Crappie,15,,Invertivore
1978,Ontario,Freshwater Drum,0,,Benthic invertivore
1978,Ontario,Lake Sturgeon,4,,Benthic invertivore
1978,Ontario,Lake Trout,0,,Piscivore
1978,Ontario,Lake Whitefish,5,,Benthic invertivore
1978,Ontario,Northern Pike,26,,Piscivore
1978,Ontario,Rainbow Smelt,104,,Planktivore
1978,Ontario,Rock Bass,47,,Invertivore
1978,Ontario,Suckers,16,,Benthic omnivore
1978,Ontario,Sunfish,156,,Invertivore
1978,Ontario,Walleye,20,,Piscivore
1978,Ontario,White Bass,11,,Piscivore
1978,Ontario,White Perch,525,,Invertivore
1978,Ontario,Yellow Perch,721,,Invertivore
1979,Ontario,Amercian Eel,532,,Benthic invertivore
1979,Ontario,Blue Pike,0,,Piscivore
1979,Ontario,Bowfin,2,,Piscivore
1979,Ontario,Bullheads,387,,Benthic omnivore
1979,Ontario,Burbot,0,,Piscivore
1979,Ontario,Carp,8,,Benthic omnivore
1979,Ontario,Channel Catfish,1,,Benthic omnivore
1979,Ontario,Chubs,0,,Planktivore
1979,Ontario,Cisco,30,,Planktivore
1979,Ontario,Crappie,16,,Invertivore
1979,Ontario,Freshwater Drum,0,,Benthic invertivore
1979,Ontario,Lake Sturgeon,0,,Benthic invertivore
1979,Ontario,Lake Trout,0,,Piscivore
1979,Ontario,Lake Whitefish,3,,Benthic invertivore
1979,Ontario,Northern Pike,42,,Piscivore
1979,Ontario,Rainbow Smelt,68,,Planktivore
1979,Ontario,Rock Bass,28,,Invertivore
1979,Ontario,Suckers,20,,Benthic omnivore
1979,Ontario,Sunfish,162,,Invertivore
1979,Ontario,Walleye,53,,Piscivore
1979,Ontario,White Bass,4,,Piscivore
1979,Ontario,White Perch,121,,Invertivore
1979,Ontario,Yellow Perch,680,,Invertivore
1980,Ontario,Amercian Eel,431,,Benthic invertivore
1980,Ontario,Blue Pike,0,,Piscivore
1980,Ontario,Bowfin,0,,Piscivore
1980,Ontario,Bullheads,401,,Benthic omnivore
1980,Ontario,Burbot,0,,Piscivore
1980,Ontario,Carp,8,,Benthic omnivore
1980,Ontario,Channel Catfish,26,,Benthic omnivore
1980,Ontario,Chubs,0,,Planktivore
1980,Ontario,Cisco,12,,Planktivore
1980,Ontario,Crappie,2,,Invertivore
1980,Ontario,Freshwater Drum,1,,Benthic invertivore
1980,Ontario,Lake Sturgeon,1,,Benthic invertivore
1980,Ontario,Lake Trout,0,,Piscivore
1980,Ontario,Lake Whitefish,9,,Benthic invertivore
1980,Ontario,Northern Pike,46,,Piscivore
1980,Ontario,Rainbow Smelt,49,,Planktivore
1980,Ontario,Rock Bass,42,,Invertivore
1980,Ontario,Suckers,19,,Benthic omnivore
1980,Ontario,Sunfish,167,,Invertivore
1980,Ontario,Walleye,128,,Piscivore
1980,Ontario,White Bass,7,,Piscivore
1980,Ontario,White Perch,159,,Invertivore
1980,Ontario,Yellow Perch,611,,Invertivore
1981,Ontario,Amercian Eel,335,,Benthic invertivore
1981,Ontario,Blue Pike,0,,Piscivore
1981,Ontario,Bowfin,0,,Piscivore
1981,Ontario,Bullheads,338,,Benthic omnivore
1981,Ontario,Burbot,0,,Piscivore
1981,Ontario,Carp,161,,Benthic omnivore
1981,Ontario,Channel Catfish,34,,Benthic omnivore
1981,Ontario,Chubs,0,,Planktivore
1981,Ontario,Cisco,5,,Planktivore
1981,Ontario,Crappie,2,,Invertivore
1981,Ontario,Freshwater Drum,2,,Benthic invertivore
1981,Ontario,Lake Sturgeon,0,,Benthic invertivore
1981,Ontario,Lake Trout,0,,Piscivore
1981,Ontario,Lake Whitefish,2,,Benthic invertivore
1981,Ontario,Northern Pike,36,,Piscivore
1981,Ontario,Rainbow Smelt,74,,Planktivore
1981,Ontario,Rock Bass,56,,Invertivore
1981,Ontario,Suckers,14,,Benthic omnivore
1981,Ontario,Sunfish,136,,Invertivore
1981,Ontario,Walleye,4,,Piscivore
1981,Ontario,White Bass,6,,Piscivore
1981,Ontario,White Perch,135,,Invertivore
1981,Ontario,Yellow Perch,1285,,Invertivore
1982,Ontario,Amercian Eel,144,,Benthic invertivore
1982,Ontario,Blue Pike,0,,Piscivore
1982,Ontario,Bowfin,0,,Piscivore
1982,Ontario,Bullheads,281,,Benthic omnivore
1982,Ontario,Burbot,0,,Piscivore
1982,Ontario,Carp,31,,Benthic omnivore
1982,Ontario,Channel Catfish,28,,Benthic omnivore
1982,Ontario,Chubs,0,,Planktivore
1982,Ontario,Cisco,5,,Planktivore
1982,Ontario,Crappie,21,,Invertivore
1982,Ontario,Freshwater Drum,7,,Benthic invertivore
1982,Ontario,Lake Sturgeon,0,,Benthic invertivore
1982,Ontario,Lake Trout,0,,Piscivore
1982,Ontario,Lake Whitefish,22,,Benthic invertivore
1982,Ontario,Northern Pike,19,,Piscivore
1982,Ontario,Rainbow Smelt,82,,Planktivore
1982,Ontario,Rock Bass,27,,Invertivore
1982,Ontario,Suckers,30,,Benthic omnivore
1982,Ontario,Sunfish,162,,Invertivore
1982,Ontario,Walleye,3,,Piscivore
1982,Ontario,White Bass,16,,Piscivore
1982,Ontario,White Perch,129,,Invertivore
1982,Ontario,Yellow Perch,1287,,Invertivore
1983,Ontario,Amercian Eel,149,,Benthic invertivore
1983,Ontario,Blue Pike,0,,Piscivore
1983,Ontario,Bowfin,0,,Piscivore
1983,Ontario,Bullheads,323,,Benthic omnivore
1983,Ontario,Burbot,0,,Piscivore
1983,Ontario,Carp,97,,Benthic omnivore
1983,Ontario,Channel Catfish,17,,Benthic omnivore
1983,Ontario,Chubs,0,,Planktivore
1983,Ontario,Cisco,6,,Planktivore
1983,Ontario,Crappie,33,,Invertivore
1983,Ontario,Freshwater Drum,4,,Benthic invertivore
1983,Ontario,Lake Sturgeon,0,,Benthic invertivore
1983,Ontario,Lake Trout,0,,Piscivore
1983,Ontario,Lake Whitefish,14,,Benthic invertivore
1983,Ontario,Northern Pike,16,,Piscivore
1983,Ontario,Rainbow Smelt,98,,Planktivore
1983,Ontario,Rock Bass,23,,Invertivore
1983,Ontario,Suckers,29,,Benthic omnivore
1983,Ontario,Sunfish,134,,Invertivore
1983,Ontario,Walleye,4,,Piscivore
1983,Ontario,White Bass,8,,Piscivore
1983,Ontario,White Perch,91,,Invertivore
1983,Ontario,Yellow Perch,1412,,Invertivore
1984,Ontario,Amercian Eel,249,,Benthic invertivore
1984,Ontario,Blue Pike,0,,Piscivore
1984,Ontario,Bowfin,0,,Piscivore
1984,Ontario,Bullheads,436,,Benthic omnivore
1984,Ontario,Burbot,0,,Piscivore
1984,Ontario,Carp,82,,Benthic omnivore
1984,Ontario,Channel Catfish,20,,Benthic omnivore
1984,Ontario,Chubs,0,,Planktivore
1984,Ontario,Cisco,4,,Planktivore
1984,Ontario,Crappie,34,,Invertivore
1984,Ontario,Freshwater Drum,1,,Benthic invertivore
1984,Ontario,Lake Sturgeon,0,,Benthic invertivore
1984,Ontario,Lake Trout,0,,Piscivore
1984,Ontario,Lake Whitefish,73,,Benthic invertivore
1984,Ontario,Northern Pike,3,,Piscivore
1984,Ontario,Rainbow Smelt,33,,Planktivore
1984,Ontario,Rock Bass,22,,Invertivore
1984,Ontario,Suckers,71,,Benthic omnivore
1984,Ontario,Sunfish,139,,Invertivore
1984,Ontario,Walleye,1,,Piscivore
1984,Ontario,White Bass,18,,Piscivore
1984,Ontario,White Perch,99,,Invertivore
1984,Ontario,Yellow Perch,1025,,Invertivore
1985,Ontario,Amercian Eel,204,,Benthic invertivore
1985,Ontario,Blue Pike,0,,Piscivore
1985,Ontario,Bowfin,6,,Piscivore
1985,Ontario,Bullheads,408,,Benthic omnivore
1985,Ontario,Burbot,0,,Piscivore
1985,Ontario,Carp,109,,Benthic omnivore
1985,Ontario,Channel Catfish,10,,Benthic omnivore
1985,Ontario,Chubs,0,,Planktivore
1985,Ontario,Cisco,7,,Planktivore
1985,Ontario,Crappie,32,,Invertivore
1985,Ontario,Freshwater Drum,6,,Benthic invertivore
1985,Ontario,Lake Sturgeon,0,,Benthic invertivore
1985,Ontario,Lake Trout,0,,Piscivore
1985,Ontario,Lake Whitefish,41,,Benthic invertivore
1985,Ontario,Northern Pike,0,,Piscivore
1985,Ontario,Rainbow Smelt,19,,Planktivore
1985,Ontario,Rock Bass,34,,Invertivore
1985,Ontario,Suckers,32,,Benthic omnivore
1985,Ontario,Sunfish,85,,Invertivore
1985,Ontario,Walleye,0,,Piscivore
1985,Ontario,White Bass,2,,Piscivore
1985,Ontario,White Perch,140,,Invertivore
1985,Ontario,Yellow Perch,681,,Invertivore
1986,Ontario,Amercian Eel,229,,Benthic invertivore
1986,Ontario,Blue Pike,0,,Piscivore
1986,Ontario,Bowfin,6,,Piscivore
1986,Ontario,Bullheads,527,,Benthic omnivore
1986,Ontario,Burbot,0,,Piscivore
1986,Ontario,Carp,121,,Benthic omnivore
1986,Ontario,Channel Catfish,14,,Benthic omnivore
1986,Ontario,Chubs,0,,Planktivore
1986,Ontario,Cisco,3,,Planktivore
1986,Ontario,Crappie,35,,Invertivore
1986,Ontario,Freshwater Drum,10,,Benthic invertivore
1986,Ontario,Lake Sturgeon,0,,Benthic invertivore
1986,Ontario,Lake Trout,0,,Piscivore
1986,Ontario,Lake Whitefish,126,,Benthic invertivore
1986,Ontario,Northern Pike,0,,Piscivore
1986,Ontario,Rainbow Smelt,2,,Planktivore
1986,Ontario,Rock Bass,31,,Invertivore
1986,Ontario,Suckers,34,,Benthic omnivore
1986,Ontario,Sunfish,77,,Invertivore
1986,Ontario,Walleye,0,,Piscivore
1986,Ontario,White Bass,12,,Piscivore
1986,Ontario,White Perch,162,,Invertivore
1986,Ontario,Yellow Perch,613,,Invertivore
1987,Ontario,Amercian Eel,104,,Benthic invertivore
1987,Ontario,Blue Pike,0,,Piscivore
1987,Ontario,Bowfin,3,,Piscivore
1987,Ontario,Bullheads,263,,Benthic omnivore
1987,Ontario,Burbot,0,,Piscivore
1987,Ontario,Carp,34,,Benthic omnivore
1987,Ontario,Channel Catfish,11,,Benthic omnivore
1987,Ontario,Chubs,0,,Planktivore
1987,Ontario,Cisco,2,,Planktivore
1987,Ontario,Crappie,15,,Invertivore
1987,Ontario,Freshwater Drum,1,,Benthic invertivore
1987,Ontario,Lake Sturgeon,0,,Benthic invertivore
1987,Ontario,Lake Trout,0,,Piscivore
1987,Ontario,Lake Whitefish,57,,Benthic invertivore
1987,Ontario,Northern Pike,0,,Piscivore
1987,Ontario,Rainbow Smelt,0,,Planktivore
1987,Ontario,Rock Bass,14,,Invertivore
1987,Ontario,Suckers,9,,Benthic omnivore
1987,Ontario,Sunfish,48,,Invertivore
1987,Ontario,Walleye,0,,Piscivore
1987,Ontario,White Bass,1,,Piscivore
1987,Ontario,White Perch,117,,Invertivore
1987,Ontario,Yellow Perch,265,,Invertivore
1988,Ontario,Amercian Eel,194,,Benthic invertivore
1988,Ontario,Blue Pike,0,,Piscivore
1988,Ontario,Bowfin,0,,Piscivore
1988,Ontario,Bullheads,379,,Benthic omnivore
1988,Ontario,Burbot,0,,Piscivore
1988,Ontario,Carp,79,,Benthic omnivore
1988,Ontario,Channel Catfish,19,,Benthic omnivore
1988,Ontario,Chubs,0,,Planktivore
1988,Ontario,Cisco,13,,Planktivore
1988,Ontario,Crappie,18,,Invertivore
1988,Ontario,Freshwater Drum,10,,Benthic invertivore
1988,Ontario,Lake Sturgeon,0,,Benthic invertivore
1988,Ontario,Lake Trout,0,,Piscivore
1988,Ontario,Lake Whitefish,85,,Benthic invertivore
1988,Ontario,Northern Pike,7,,Piscivore
1988,Ontario,Rainbow Smelt,0,,Planktivore
1988,Ontario,Rock Bass,28,,Invertivore
1988,Ontario,Suckers,23,,Benthic omnivore
1988,Ontario,Sunfish,63,,Invertivore
1988,Ontario,Walleye,0,,Piscivore
1988,Ontario,White Bass,1,,Piscivore
1988,Ontario,White Perch,78,,Invertivore
1988,Ontario,Yellow Perch,327,,Invertivore
1989,Ontario,Amercian Eel,232,,Benthic invertivore
1989,Ontario,Blue Pike,0,,Piscivore
1989,Ontario,Bowfin,7,,Piscivore
1989,Ontario,Bullheads,327,,Benthic omnivore
1989,Ontario,Burbot,0,,Piscivore
1989,Ontario,Carp,125,,Benthic omnivore
1989,Ontario,Channel Catfish,25,,Benthic omnivore
1989,Ontario,Chubs,0,,Planktivore
1989,Ontario,Cisco,3,,Planktivore
1989,Ontario,Crappie,19,,Invertivore
1989,Ontario,Freshwater Drum,16,,Benthic invertivore
1989,Ontario,Lake Sturgeon,0,,Benthic invertivore
1989,Ontario,Lake Trout,0,,Piscivore
1989,Ontario,Lake Whitefish,125,,Benthic invertivore
1989,Ontario,Northern Pike,1,,Piscivore
1989,Ontario,Rainbow Smelt,0,,Planktivore
1989,Ontario,Rock Bass,25,,Invertivore
1989,Ontario,Suckers,27,,Benthic omnivore
1989,Ontario,Sunfish,71,,Invertivore
1989,Ontario,Walleye,17,,Piscivore
1989,Ontario,White Bass,4,,Piscivore
1989,Ontario,White Perch,56,,Invertivore
1989,Ontario,Yellow Perch,252,,Invertivore
1990,Ontario,Amercian Eel,192,,Benthic invertivore
1990,Ontario,Blue Pike,0,,Piscivore
1990,Ontario,Bowfin,2,,Piscivore
1990,Ontario,Bullheads,282,,Benthic omnivore
1990,Ontario,Burbot,0,,Piscivore
1990,Ontario,Carp,89,,Benthic omnivore
1990,Ontario,Channel Catfish,28,,Benthic omnivore
1990,Ontario,Chubs,0,,Planktivore
1990,Ontario,Cisco,5,,Planktivore
1990,Ontario,Crappie,20,,Invertivore
1990,Ontario,Freshwater Drum,17,,Benthic invertivore
1990,Ontario,Lake Sturgeon,0,,Benthic invertivore
1990,Ontario,Lake Trout,0,,Piscivore
1990,Ontario,Lake Whitefish,276,,Benthic invertivore
1990,Ontario,Northern Pike,0,,Piscivore
1990,Ontario,Rainbow Smelt,0,,Planktivore
1990,Ontario,Rock Bass,18,,Invertivore
1990,Ontario,Suckers,15,,Benthic omnivore
1990,Ontario,Sunfish,42,,Invertivore
1990,Ontario,Walleye,25,,Piscivore
1990,Ontario,White Bass,2,,Piscivore
1990,Ontario,White Perch,67,,Invertivore
1990,Ontario,Yellow Perch,227,,Invertivore
1991,Ontario,Amercian Eel,225,,Benthic invertivore
1991,Ontario,Blue Pike,0,,Piscivore
1991,Ontario,Bowfin,4,,Piscivore
1991,Ontario,Bullheads,264,,Benthic omnivore
1991,Ontario,Burbot,0,,Piscivore
1991,Ontario,Carp,71,,Benthic omnivore
1991,Ontario,Channel Catfish,27,,Benthic omnivore
1991,Ontario,Chubs,0,,Planktivore
1991,Ontario,Cisco,9,,Planktivore
1991,Ontario,Crappie,17,,Invertivore
1991,Ontario,Freshwater Drum,32,,Benthic invertivore
1991,Ontario,Lake Sturgeon,0,,Benthic invertivore
1991,Ontario,Lake Trout,0,,Piscivore
1991,Ontario,Lake Whitefish,263,,Benthic invertivore
1991,Ontario,Northern Pike,2,,Piscivore
1991,Ontario,Rainbow Smelt,0,,Planktivore
1991,Ontario,Rock Bass,36,,Invertivore
1991,Ontario,Suckers,16,,Benthic omnivore
1991,Ontario,Sunfish,66,,Invertivore
1991,Ontario,Walleye,26,,Piscivore
1991,Ontario,White Bass,9,,Piscivore
1991,Ontario,White Perch,70,,Invertivore
1991,Ontario,Yellow Perch,304,,Invertivore
1992,Ontario,Amercian Eel,224,,Benthic invertivore
1992,Ontario,Blue Pike,0,,Piscivore
1992,Ontario,Bowfin,3,,Piscivore
1992,Ontario,Bullheads,288,,Benthic omnivore
1992,Ontario,Burbot,0,,Piscivore
1992,Ontario,Carp,23,,Benthic omnivore
1992,Ontario,Channel Catfish,21,,Benthic omnivore
1992,Ontario,Chubs,0,,Planktivore
1992,Ontario,Cisco,10,,Planktivore
1992,Ontario,Crappie,51,,Invertivore
1992,Ontario,Freshwater Drum,20,,Benthic invertivore
1992,Ontario,Lake Sturgeon,0,,Benthic invertivore
1992,Ontario,Lake Trout,0,,Piscivore
1992,Ontario,Lake Whitefish,316,,Benthic invertivore
1992,Ontario,Northern Pike,3,,Piscivore
1992,Ontario,Rainbow Smelt,0,,Planktivore
1992,Ontario,Rock Bass,19,,Invertivore
1992,Ontario,Suckers,5,,Benthic omnivore
1992,Ontario,Sunfish,56,,Invertivore
1992,Ontario,Walleye,2,,Piscivore
1992,Ontario,White Bass,3,,Piscivore
1992,Ontario,White Perch,62,,Invertivore
1992,Ontario,Yellow Perch,247,,Invertivore
1993,Ontario,Amercian Eel,196,,Benthic invertivore
1993,Ontario,Blue Pike,0,,Piscivore
1993,Ontario,Bowfin,12,,Piscivore
1993,Ontario,Bullheads,195,,Benthic omnivore
1993,Ontario,Burbot,0,,Piscivore
1993,Ontario,Carp,32,,Benthic omnivore
1993,Ontario,Channel Catfish,9,,Benthic omnivore
1993,Ontario,Chubs,0,,Planktivore
1993,Ontario,Cisco,12,,Planktivore
1993,Ontario,Crappie,19,,Invertivore
1993,Ontario,Freshwater Drum,19,,Benthic invertivore
1993,Ontario,Lake Sturgeon,0,,Benthic invertivore
1993,Ontario,Lake Trout,0,,Piscivore
1993,Ontario,Lake Whitefish,391,,Benthic invertivore
1993,Ontario,Northern Pike,2,,Piscivore
1993,Ontario,Rainbow Smelt,0,,Planktivore
1993,Ontario,Rock Bass,15,,Invertivore
1993,Ontario,Suckers,10,,Benthic omnivore
1993,Ontario,Sunfish,43,NY: Includes bass.,Invertivore
1993,Ontario,Walleye,36,,Piscivore
1993,Ontario,White Bass,3,,Piscivore
1993,Ontario,White Perch,56,,Invertivore
1993,Ontario,Yellow Perch,130,,Invertivore
1994,Ontario,Amercian Eel,157,,Benthic invertivore
1994,Ontario,Blue Pike,0,,Piscivore
1994,Ontario,Bowfin,17,,Piscivore
1994,Ontario,Bullheads,241,,Benthic omnivore
1994,Ontario,Burbot,0,,Piscivore
1994,Ontario,Carp,19,,Benthic omnivore
1994,Ontario,Channel Catfish,7,,Benthic omnivore
1994,Ontario,Chubs,0,,Planktivore
1994,Ontario,Cisco,13,,Planktivore
1994,Ontario,Crappie,11,,Invertivore
1994,Ontario,Freshwater Drum,30,,Benthic invertivore
1994,Ontario,Lake Sturgeon,0,,Benthic invertivore
1994,Ontario,Lake Trout,0,,Piscivore
1994,Ontario,Lake Whitefish,453,,Benthic invertivore
1994,Ontario,Northern Pike,1,,Piscivore
1994,Ontario,Rainbow Smelt,0,,Planktivore
1994,Ontario,Rock Bass,17,,Invertivore
1994,Ontario,Suckers,18,,Benthic omnivore
1994,Ontario,Sunfish,59,NY: Includes bass.,Invertivore
1994,Ontario,Walleye,36,,Piscivore
1994,Ontario,White Bass,1,,Piscivore
1994,Ontario,White Perch,73,,Invertivore
1994,Ontario,Yellow Perch,182,,Invertivore
1995,Ontario,Amercian Eel,92,,Benthic invertivore
1995,Ontario,Blue Pike,0,,Piscivore
1995,Ontario,Bowfin,16,,Piscivore
1995,Ontario,Bullheads,201,,Benthic omnivore
1995,Ontario,Burbot,2,,Piscivore
1995,Ontario,Carp,23,,Benthic omnivore
1995,Ontario,Channel Catfish,4,,Benthic omnivore
1995,Ontario,Chubs,0,,Planktivore
1995,Ontario,Cisco,15,,Planktivore
1995,Ontario,Crappie,10,,Invertivore
1995,Ontario,Freshwater Drum,41,,Benthic invertivore
1995,Ontario,Lake Sturgeon,0,,Benthic invertivore
1995,Ontario,Lake Trout,0,,Piscivore
1995,Ontario,Lake Whitefish,450,,Benthic invertivore
1995,Ontario,Northern Pike,0,,Piscivore
1995,Ontario,Rainbow Smelt,0,,Planktivore
1995,Ontario,Rock Bass,16,,Invertivore
1995,Ontario,Suckers,25,,Benthic omnivore
1995,Ontario,Sunfish,56,NY: Includes bass.,Invertivore
1995,Ontario,Walleye,34,,Piscivore
1995,Ontario,White Bass,3,,Piscivore
1995,Ontario,White Perch,69,,Invertivore
1995,Ontario,Yellow Perch,225,,Invertivore
1996,Ontario,Amercian Eel,87,,Benthic invertivore
1996,Ontario,Blue Pike,0,,Piscivore
1996,Ontario,Bowfin,8,,Piscivore
1996,Ontario,Bullheads,166,,Benthic omnivore
1996,Ontario,Burbot,1,,Piscivore
1996,Ontario,Carp,22,,Benthic omnivore
1996,Ontario,Channel Catfish,7,,Benthic omnivore
1996,Ontario,Chubs,0,,Planktivore
1996,Ontario,Cisco,9,,Planktivore
1996,Ontario,Crappie,15,,Invertivore
1996,Ontario,Freshwater Drum,60,,Benthic invertivore
1996,Ontario,Lake Sturgeon,0,,Benthic invertivore
1996,Ontario,Lake Trout,0,,Piscivore
1996,Ontario,Lake Whitefish,650,,Benthic invertivore
1996,Ontario,Northern Pike,2,,Piscivore
1996,Ontario,Rainbow Smelt,0,,Planktivore
1996,Ontario,Rock Bass,11,,Invertivore
1996,Ontario,Suckers,20,,Benthic omnivore
1996,Ontario,Sunfish,44,NY: Includes bass.,Invertivore
1996,Ontario,Walleye,37,,Piscivore
1996,Ontario,White Bass,2,,Piscivore
1996,Ontario,White Perch,32,,Invertivore
1996,Ontario,Yellow Perch,183,,Invertivore
1997,Ontario,Amercian Eel,65,,Benthic invertivore
1997,Ontario,Blue Pike,,,Piscivore
1997,Ontario,Bowfin,8,,Piscivore
1997,Ontario,Bullheads,172,,Benthic omnivore
1997,Ontario,Burbot,0,,Piscivore
1997,Ontario,Carp,18,,Benthic omnivore
1997,Ontario,Channel Catfish,4,,Benthic omnivore
1997,Ontario,Chubs,0,,Planktivore
1997,Ontario,Cisco,8,,Planktivore
1997,Ontario,Crappie,18,,Invertivore
1997,Ontario,Freshwater Drum,46,,Benthic invertivore
1997,Ontario,Lake Sturgeon,0,,Benthic invertivore
1997,Ontario,Lake Trout,0,,Piscivore
1997,Ontario,Lake Whitefish,452,,Benthic invertivore
1997,Ontario,Northern Pike,0,,Piscivore
1997,Ontario,Rainbow Smelt,0,,Planktivore
1997,Ontario,Rock Bass,12,,Invertivore
1997,Ontario,Suckers,7,,Benthic omnivore
1997,Ontario,Sunfish,57,,Invertivore
1997,Ontario,Walleye,41,,Piscivore
1997,Ontario,White Bass,1,,Piscivore
1997,Ontario,White Perch,9,,Invertivore
1997,Ontario,Yellow Perch,212,,Invertivore
1998,Ontario,Amercian Eel,16,,Benthic invertivore
1998,Ontario,Blue Pike,,,Piscivore
1998,Ontario,Bowfin,8,,Piscivore
1998,Ontario,Bullheads,194,,Benthic omnivore
1998,Ontario,Burbot,0,,Piscivore
1998,Ontario,Carp,7,,Benthic omnivore
1998,Ontario,Channel Catfish,3,,Benthic omnivore
1998,Ontario,Chubs,0,,Planktivore
1998,Ontario,Cisco,6,,Planktivore
1998,Ontario,Crappie,10,,Invertivore
1998,Ontario,Freshwater Drum,36,,Benthic invertivore
1998,Ontario,Lake Sturgeon,0,,Benthic invertivore
1998,Ontario,Lake Trout,0,,Piscivore
1998,Ontario,Lake Whitefish,356,,Benthic invertivore
1998,Ontario,Northern Pike,0,,Piscivore
1998,Ontario,Rainbow Smelt,0,,Planktivore
1998,Ontario,Rock Bass,8,,Invertivore
1998,Ontario,Suckers,6,,Benthic omnivore
1998,Ontario,Sunfish,58,,Invertivore
1998,Ontario,Walleye,37,,Piscivore
1998,Ontario,White Bass,0,,Piscivore
1998,Ontario,White Perch,5,,Invertivore
1998,Ontario,Yellow Perch,285,,Invertivore
1999,Ontario,Amercian Eel,14,,Benthic invertivore
1999,Ontario,Blue Pike,,,Piscivore
1999,Ontario,Bowfin,11,,Piscivore
1999,Ontario,Bullheads,217,,Benthic omnivore
1999,Ontario,Burbot,0,,Piscivore
1999,Ontario,Carp,4,,Benthic omnivore
1999,Ontario,Channel Catfish,1,,Benthic omnivore
1999,Ontario,Chubs,0,,Planktivore
1999,Ontario,Cisco,4,,Planktivore
1999,Ontario,Crappie,8,,Invertivore
1999,Ontario,Freshwater Drum,25,,Benthic invertivore
1999,Ontario,Lake Sturgeon,0,,Benthic invertivore
1999,Ontario,Lake Trout,0,,Piscivore
1999,Ontario,Lake Whitefish,312,,Benthic invertivore
1999,Ontario,Northern Pike,1,,Piscivore
1999,Ontario,Rainbow Smelt,0,,Planktivore
1999,Ontario,Rock Bass,12,,Invertivore
1999,Ontario,Suckers,5,,Benthic omnivore
1999,Ontario,Sunfish,63,,Invertivore
1999,Ontario,Walleye,19,,Piscivore
1999,Ontario,White Bass,0,,Piscivore
1999,Ontario,White Perch,10,,Invertivore
1999,Ontario,Yellow Perch,308,,Invertivore
2000,Ontario,Amercian Eel,29,,Benthic invertivore
2000,Ontario,Blue Pike,,,Piscivore
2000,Ontario,Bowfin,12,,Piscivore
2000,Ontario,Bullheads,181.709,species is listed as brown bullhead,Benthic omnivore
2000,Ontario,Burbot,,,Piscivore
2000,Ontario,Carp,11,,Benthic omnivore
2000,Ontario,Channel Catfish,2,,Benthic omnivore
2000,Ontario,Chubs,,,Planktivore
2000,Ontario,Cisco,2,,Planktivore
2000,Ontario,Crappie,7.308,,Invertivore
2000,Ontario,Freshwater Drum,32,,Benthic invertivore
2000,Ontario,Lake Sturgeon,,,Benthic invertivore
2000,Ontario,Lake Trout,,,Piscivore
2000,Ontario,Lake Whitefish,293,,Benthic invertivore
2000,Ontario,Northern Pike,,,Piscivore
2000,Ontario,Rainbow Smelt,,,Planktivore
2000,Ontario,Rock Bass,11.28,,Invertivore
2000,Ontario,Suckers,7,,Benthic omnivore
2000,Ontario,Sunfish,56.571,,Invertivore
2000,Ontario,Walleye,12,,Piscivore
2000,Ontario,White Bass,0,,Piscivore
2000,Ontario,White Perch,10.383,,Invertivore
2000,Ontario,Yellow Perch,315.928,,Invertivore
2001,Ontario,Amercian Eel,25,,Benthic invertivore
2001,Ontario,Blue Pike,,,Piscivore
2001,Ontario,Bowfin,7,,Piscivore
2001,Ontario,Bullheads,154.875,species is listed as brown bullhead,Benthic omnivore
2001,Ontario,Burbot,,,Piscivore
2001,Ontario,Carp,24,,Benthic omnivore
2001,Ontario,Channel Catfish,9,,Benthic omnivore
2001,Ontario,Chubs,,,Planktivore
2001,Ontario,Cisco,1,,Planktivore
2001,Ontario,Crappie,9,,Invertivore
2001,Ontario,Freshwater Drum,64,,Benthic invertivore
2001,Ontario,Lake Sturgeon,,,Benthic invertivore
2001,Ontario,Lake Trout,,,Piscivore
2001,Ontario,Lake Whitefish,225,,Benthic invertivore
2001,Ontario,Northern Pike,,,Piscivore
2001,Ontario,Rainbow Smelt,,,Planktivore
2001,Ontario,Rock Bass,11.015,,Invertivore
2001,Ontario,Suckers,9,,Benthic omnivore
2001,Ontario,Sunfish,83.016,,Invertivore
2001,Ontario,Walleye,18,,Piscivore
2001,Ontario,White Perch,5.442,,Invertivore
2001,Ontario,White bass,0,,Piscivore
2001,Ontario,Yellow Perch,239.323,,Invertivore
2002,Ontario,Amercian Eel,11,,Benthic invertivore
2002,Ontario,Blue Pike,,,Piscivore
2002,Ontario,Bowfin,5,,Piscivore
2002,Ontario,Bullheads,124.435,species is listed as brown bullhead,Benthic omnivore
2002,Ontario,Burbot,,,Piscivore
2002,Ontario,Carp,23,,Benthic omnivore
2002,Ontario,Channel Catfish,4,,Benthic omnivore
2002,Ontario,Chubs,,,Planktivore
2002,Ontario,Cisco,1,,Planktivore
2002,Ontario,Crappie,5,,Invertivore
2002,Ontario,Freshwater Drum,32,,Benthic invertivore
2002,Ontario,Lake Sturgeon,,,Benthic invertivore
2002,Ontario,Lake Trout,,,Piscivore
2002,Ontario,Lake Whitefish,188,,Benthic invertivore
2002,Ontario,Northern Pike,,,Piscivore
2002,Ontario,Rainbow Smelt,,,Planktivore
2002,Ontario,Rock Bass,7,,Invertivore
2002,Ontario,Suckers,7,,Benthic omnivore
2002,Ontario,Sunfish,76,,Invertivore
2002,Ontario,Walleye,7,,Piscivore
2002,Ontario,White Perch,3,,Invertivore
2002,Ontario,White bass,0,,Piscivore
2002,Ontario,Yellow Perch,152.223,,Invertivore
2003,Ontario,Amercian Eel,7,,Benthic invertivore
2003,Ontario,Blue Pike,,,Piscivore
2003,Ontario,Bowfin,5,,Piscivore
2003,Ontario,Bullheads,100.815,species is listed as brown bullhead,Benthic omnivore
2003,Ontario,Burbot,,,Piscivore
2003,Ontario,Carp,14,,Benthic omnivore
2003,Ontario,Channel Catfish,2,,Benthic omnivore
2003,Ontario,Chubs,,,Planktivore
2003,Ontario,Cisco,1,,Planktivore
2003,Ontario,Crappie,5,,Invertivore
2003,Ontario,Freshwater Drum,23,,Benthic invertivore
2003,Ontario,Lake Sturgeon,,,Benthic invertivore
2003,Ontario,Lake Trout,,,Piscivore
2003,Ontario,Lake Whitefish,125,,Benthic invertivore
2003,Ontario,Northern Pike,,,Piscivore
2003,Ontario,Rainbow Smelt,,,Planktivore
2003,Ontario,Rock Bass,8,,Invertivore
2003,Ontario,Suckers,6,,Benthic omnivore
2003,Ontario,Sunfish,45,,Invertivore
2003,Ontario,Walleye,6,,Piscivore
2003,Ontario,White Perch,6,,Invertivore
2003,Ontario,White bass,0,,Piscivore
2003,Ontario,Yellow Perch,106.153,,Invertivore
2004,Ontario,Amercian Eel,0,,Benthic invertivore
2004,Ontario,Blue Pike,,,Piscivore
2004,Ontario,Bowfin,5,,Piscivore
2004,Ontario,Bullheads,92.2,species is listed as brown bullhead,Benthic omnivore
2004,Ontario,Burbot,,,Piscivore
2004,Ontario,Carp,13,,Benthic omnivore
2004,Ontario,Channel Catfish,0,,Benthic omnivore
2004,Ontario,Chubs,,,Planktivore
2004,Ontario,Cisco,1,,Planktivore
2004,Ontario,Crappie,5,,Invertivore
2004,Ontario,Freshwater Drum,31,,Benthic invertivore
2004,Ontario,Lake Sturgeon,,,Benthic invertivore
2004,Ontario,Lake Trout,,,Piscivore
2004,Ontario,Lake Whitefish,101,,Benthic invertivore
2004,Ontario,Northern Pike,,,Piscivore
2004,Ontario,Rainbow Smelt,,,Planktivore
2004,Ontario,Rock Bass,6,,Invertivore
2004,Ontario,Suckers,11,,Benthic omnivore
2004,Ontario,Sunfish,45,,Invertivore
2004,Ontario,Walleye,7,,Piscivore
2004,Ontario,White Perch,12,,Invertivore
2004,Ontario,White bass,0,,Piscivore
2004,Ontario,Yellow Perch,112.066,,Invertivore
2005,Ontario,Amercian Eel,,,Benthic invertivore
2005,Ontario,Blue Pike,,,Piscivore
2005,Ontario,Bowfin,3,,Piscivore
2005,Ontario,Bullheads,83.04,species is listed as brown bullhead,Benthic omnivore
2005,Ontario,Burbot,,,Piscivore
2005,Ontario,Carp,6,,Benthic omnivore
2005,Ontario,Channel Catfish,2,,Benthic omnivore
2005,Ontario,Chubs,,,Planktivore
2005,Ontario,Cisco,2,,Planktivore
2005,Ontario,Crappie,11,,Invertivore
2005,Ontario,Freshwater Drum,42,,Benthic invertivore
2005,Ontario,Lake Sturgeon,,,Benthic invertivore
2005,Ontario,Lake Trout,,,Piscivore
2005,Ontario,Lake Whitefish,52,,Benthic invertivore
2005,Ontario,Northern Pike,,,Piscivore
2005,Ontario,Rainbow Smelt,,,Planktivore
2005,Ontario,Rock Bass,9,,Invertivore
2005,Ontario,Suckers,12,,Benthic omnivore
2005,Ontario,Sunfish,51,,Invertivore
2005,Ontario,Walleye,9,,Piscivore
2005,Ontario,White Perch,14,,Invertivore
2005,Ontario,White bass,1,,Piscivore
2005,Ontario,Yellow Perch,105.354,,Invertivore
2006,Ontario,Amercian Eel,,,Benthic invertivore
2006,Ontario,Blue Pike,,,Piscivore
2006,Ontario,Bowfin,8,,Piscivore
2006,Ontario,Bullheads,78.5,species is listed as brown bullhead,Benthic omnivore
2006,Ontario,Burbot,,,Piscivore
2006,Ontario,Carp,7,,Benthic omnivore
2006,Ontario,Channel Catfish,2,,Benthic omnivore
2006,Ontario,Chubs,,,Planktivore
2006,Ontario,Cisco,2,,Planktivore
2006,Ontario,Crappie,13,,Invertivore
2006,Ontario,Freshwater Drum,27,,Benthic invertivore
2006,Ontario,Lake Sturgeon,,,Benthic invertivore
2006,Ontario,Lake Trout,,,Piscivore
2006,Ontario,Lake Whitefish,126,,Benthic invertivore
2006,Ontario,Northern Pike,4,"New targeted pike fishery begins, quota assigned",Piscivore
2006,Ontario,Rainbow Smelt,,,Planktivore
2006,Ontario,Rock Bass,14,,Invertivore
2006,Ontario,Suckers,8,,Benthic omnivore
2006,Ontario,Sunfish,47,,Invertivore
2006,Ontario,Walleye,11,,Piscivore
2006,Ontario,White Perch,10,,Invertivore
2006,Ontario,White bass,0,,Piscivore
2006,Ontario,Yellow Perch,227.274,,Invertivore
2007,Ontario,Amercian Eel,,,Benthic invertivore
2007,Ontario,Blue Pike,,,Piscivore
2007,Ontario,Bowfin,8,,Piscivore
2007,Ontario,Bullheads,37.535,species is listed as brown bullhead,Benthic omnivore
2007,Ontario,Burbot,,,Piscivore
2007,Ontario,Carp,7,,Benthic omnivore
2007,Ontario,Channel Catfish,0,,Benthic omnivore
2007,Ontario,Chubs,,,Planktivore
2007,Ontario,Cisco,1,,Planktivore
2007,Ontario,Crappie,13,,Invertivore
2007,Ontario,Freshwater Drum,23,,Benthic invertivore
2007,Ontario,Lake Sturgeon,,,Benthic invertivore
2007,Ontario,Lake Trout,,,Piscivore
2007,Ontario,Lake Whitefish,33,,Benthic invertivore
2007,Ontario,Northern Pike,37,,Piscivore
2007,Ontario,Rainbow Smelt,,,Planktivore
2007,Ontario,Rock Bass,12,,Invertivore
2007,Ontario,Suckers,5,,Benthic omnivore
2007,Ontario,Sunfish,38,,Invertivore
2007,Ontario,Walleye,15,,Piscivore
2007,Ontario,White Perch,17,,Invertivore
2007,Ontario,White bass,0,,Piscivore
2007,Ontario,Yellow Perch,229.343,,Invertivore
2008,Ontario,Amercian Eel,,,Benthic invertivore
2008,Ontario,Blue Pike,,,Piscivore
2008,Ontario,Bowfin,4,,Piscivore
2008,Ontario,Bullheads,33.735,species is listed as brown bullhead,Benthic omnivore
2008,Ontario,Burbot,,,Piscivore
2008,Ontario,Carp,4,,Benthic omnivore
2008,Ontario,Channel Catfish,0,,Benthic omnivore
2008,Ontario,Chubs,,,Planktivore
2008,Ontario,Cisco,3,,Planktivore
2008,Ontario,Crappie,16,,Invertivore
2008,Ontario,Freshwater Drum,23,,Benthic invertivore
2008,Ontario,Lake Sturgeon,,,Benthic invertivore
2008,Ontario,Lake Trout,,,Piscivore
2008,Ontario,Lake Whitefish,68,,Benthic invertivore
2008,Ontario,Northern Pike,16,,Piscivore
2008,Ontario,Rainbow Smelt,,,Planktivore
2008,Ontario,Rock Bass,11,,Invertivore
2008,Ontario,Suckers,5,,Benthic omnivore
2008,Ontario,Sunfish,38,,Invertivore
2008,Ontario,Walleye,19,,Piscivore
2008,Ontario,White Perch,21,,Invertivore
2008,Ontario,White bass,0,,Piscivore
2008,Ontario,Yellow Perch,127.428,,Invertivore
2009,Ontario,Amercian Eel,,,Benthic invertivore
2009,Ontario,Blue Pike,,,Piscivore
2009,Ontario,Bowfin,3,,Piscivore
2009,Ontario,Bullheads,14.031,species is listed as brown bullhead,Benthic omnivore
2009,Ontario,Burbot,,,Piscivore
2009,Ontario,Carp,3,,Benthic omnivore
2009,Ontario,Channel Catfish,0,,Benthic omnivore
2009,Ontario,Chubs,,,Planktivore
2009,Ontario,Cisco,3.347,,Planktivore
2009,Ontario,Crappie,9,,Invertivore
2009,Ontario,Freshwater Drum,26,,Benthic invertivore
2009,Ontario,Lake Sturgeon,,,Benthic invertivore
2009,Ontario,Lake Trout,,,Piscivore
2009,Ontario,Lake Whitefish,68,,Benthic invertivore
2009,Ontario,Northern Pike,24,,Piscivore
2009,Ontario,Rainbow Smelt,,,Planktivore
2009,Ontario,Rock Bass,9.02,,Invertivore
2009,Ontario,Suckers,8,,Benthic omnivore
2009,Ontario,Sunfish,45,,Invertivore
2009,Ontario,Walleye,22,,Piscivore
2009,Ontario,White Perch,19,,Invertivore
2009,Ontario,White bass,1,,Piscivore
2009,Ontario,Yellow Perch,172.338,,Invertivore
2010,Ontario,Amercian Eel,,,Benthic invertivore
2010,Ontario,Blue Pike,,,Piscivore
2010,Ontario,Bowfin,4,,Piscivore
2010,Ontario,Bullheads,11.075,species is listed as brown bullhead,Benthic omnivore
2010,Ontario,Burbot,,,Piscivore
2010,Ontario,Carp,2,,Benthic omnivore
2010,Ontario,Channel Catfish,0,,Benthic omnivore
2010,Ontario,Chubs,,,Planktivore
2010,Ontario,Cisco,3.465,,Planktivore
2010,Ontario,Crappie,8,,Invertivore
2010,Ontario,Freshwater Drum,21,,Benthic invertivore
2010,Ontario,Lake Sturgeon,,,Benthic invertivore
2010,Ontario,Lake Trout,,,Piscivore
2010,Ontario,Lake Whitefish,43.016,,Benthic invertivore
2010,Ontario,Northern Pike,33,,Piscivore
2010,Ontario,Rainbow Smelt,,,Planktivore
2010,Ontario,Rock Bass,13,,Invertivore
2010,Ontario,Suckers,7,,Benthic omnivore
2010,Ontario,Sunfish,88,,Invertivore
2010,Ontario,Walleye,25,,Piscivore
2010,Ontario,White Perch,21.546,,Invertivore
2010,Ontario,White bass,0,,Piscivore
2010,Ontario,Yellow Perch,184.009,,Invertivore
2011,Ontario,Amercian Eel,0,,Benthic invertivore
2011,Ontario,Blue Pike,,,Piscivore
2011,Ontario,Bowfin,1,,Piscivore
2011,Ontario,Bullheads,5.105,species is listed as brown bullhead,Benthic omnivore
2011,Ontario,Burbot,,,Piscivore
2011,Ontario,Carp,1,,Benthic omnivore
2011,Ontario,Channel Catfish,,,Benthic omnivore
2011,Ontario,Chubs,,,Planktivore
2011,Ontario,Cisco,3.613,,Planktivore
2011,Ontario,Crappie,8,,Invertivore
2011,Ontario,Freshwater Drum,22,,Benthic invertivore
2011,Ontario,Lake Sturgeon,,,Benthic invertivore
2011,Ontario,Lake Trout,,,Piscivore
2011,Ontario,Lake Whitefish,78,,Benthic invertivore
2011,Ontario,Northern Pike,39,,Piscivore
2011,Ontario,Rainbow Smelt,,,Planktivore
2011,Ontario,Rock Bass,12,,Invertivore
2011,Ontario,Suckers,5,,Benthic omnivore
2011,Ontario,Sunfish,93,,Invertivore
2011,Ontario,Walleye,24,,Piscivore
2011,Ontario,White Perch,12.736,,Invertivore
2011,Ontario,White bass,0,,Piscivore
2011,Ontario,Yellow Perch,221.238,,Invertivore
2012,Ontario,Amercian Eel,,,Benthic invertivore
2012,Ontario,Blue Pike,,,Piscivore
2012,Ontario,Bowfin,0,,Piscivore
2012,Ontario,Bullheads,5.105,species is listed as brown bullhead,Benthic omnivore
2012,Ontario,Burbot,,,Piscivore
2012,Ontario,Carp,0,,Benthic omnivore
2012,Ontario,Channel Catfish,,,Benthic omnivore
2012,Ontario,Chubs,,,Planktivore
2012,Ontario,Cisco,2.044,,Planktivore
2012,Ontario,Crappie,5,,Invertivore
2012,Ontario,Freshwater Drum,28,,Benthic invertivore
2012,Ontario,Lake Sturgeon,,,Benthic invertivore
2012,Ontario,Lake Trout,,,Piscivore
2012,Ontario,Lake Whitefish,76.018,,Benthic invertivore
2012,Ontario,Northern Pike,30,,Piscivore
2012,Ontario,Rainbow Smelt,,,Planktivore
2012,Ontario,Rock Bass,12,,Invertivore
2012,Ontario,Suckers,19,,Benthic omnivore
2012,Ontario,Sunfish,64,,Invertivore
2012,Ontario,Walleye,32,,Piscivore
2012,Ontario,White Perch,20.13,,Invertivore
2012,Ontario,White bass,3,,Piscivore
2012,Ontario,Yellow Perch,162.989,,Invertivore
2013,Ontario,Amercian Eel,,,Benthic invertivore
2013,Ontario,Blue Pike,,,Piscivore
2013,Ontario,Bowfin,3.783,,Piscivore
2013,Ontario,Bullheads,3.732,species is listed as brown bullhead,Benthic omnivore
2013,Ontario,Burbot,,,Piscivore
2013,Ontario,Carp,0.19,,Benthic omnivore
2013,Ontario,Channel Catfish,0.028,,Benthic omnivore
2013,Ontario,Chubs,,,Planktivore
2013,Ontario,Cisco,2.21,,Planktivore
2013,Ontario,Crappie,9.526,,Invertivore
2013,Ontario,Freshwater Drum,31.489,,Benthic invertivore
2013,Ontario,Lake Sturgeon,,,Benthic invertivore
2013,Ontario,Lake Trout,,,Piscivore
2013,Ontario,Lake Whitefish,102.005,,Benthic invertivore
2013,Ontario,Northern Pike,28.375,,Piscivore
2013,Ontario,Rainbow Smelt,,,Planktivore
2013,Ontario,Rock Bass,6.351,,Invertivore
2013,Ontario,Suckers,10.501,,Benthic omnivore
2013,Ontario,Sunfish,36.869,,Invertivore
2013,Ontario,Walleye,24.385,,Piscivore
2013,Ontario,White Perch,23.671,,Invertivore
2013,Ontario,White bass,3.775,,Piscivore
2013,Ontario,Yellow Perch,76.026,,Invertivore
2014,Ontario,Amercian Eel,,,Benthic invertivore
2014,Ontario,Blue Pike,,,Piscivore
2014,Ontario,Bowfin,2.614,,Piscivore
2014,Ontario,Bullheads,6.969,species is listed as brown bullhead,Benthic omnivore
2014,Ontario,Burbot,,,Piscivore
2014,Ontario,Carp,5.329,,Benthic omnivore
2014,Ontario,Channel Catfish,0.077,,Benthic omnivore
2014,Ontario,Chubs,,,Planktivore
2014,Ontario,Cisco,1.9,,Planktivore
2014,Ontario,Crappie,7.833,,Invertivore
2014,Ontario,Freshwater Drum,30.24,,Benthic invertivore
2014,Ontario,Lake Sturgeon,,,Benthic invertivore
2014,Ontario,Lake Trout,,,Piscivore
2014,Ontario,Lake Whitefish,66.964,,Benthic invertivore
2014,Ontario,Northern Pike,18.615,,Piscivore
2014,Ontario,Rainbow Smelt,,,Planktivore
2014,Ontario,Rock Bass,5.445,,Invertivore
2014,Ontario,Suckers,10.447,,Benthic omnivore
2014,Ontario,Sunfish,15.499,,Invertivore
2014,Ontario,Walleye,28.223,,Piscivore
2014,Ontario,White Perch,4.673,,Invertivore
2014,Ontario,White bass,2.658,,Piscivore
2014,Ontario,Yellow Perch,78.351,,Invertivore
2015,Ontario,Amercian Eel,,,Benthic invertivore
2015,Ontario,Blue Pike,,,Piscivore
2015,Ontario,Bowfin,3.011,,Piscivore
2015,Ontario,Bullheads,60.172,species is listed as brown bullhead,Benthic omnivore
2015,Ontario,Burbot,,,Piscivore
2015,Ontario,Carp,7.937,,Benthic omnivore
2015,Ontario,Channel Catfish,,,Benthic omnivore
2015,Ontario,Chubs,,,Planktivore
2015,Ontario,Cisco,4.642,,Planktivore
2015,Ontario,Crappie,6.716,,Invertivore
2015,Ontario,Freshwater Drum,19.058,,Benthic invertivore
2015,Ontario,Lake Sturgeon,,,Benthic invertivore
2015,Ontario,Lake Trout,,,Piscivore
2015,Ontario,Lake Whitefish,131.096,,Benthic invertivore
2015,Ontario,Northern Pike,18.521,,Piscivore
2015,Ontario,Rainbow Smelt,,,Planktivore
2015,Ontario,Rock Bass,6.086,,Invertivore
2015,Ontario,Suckers,6.421,,Benthic omnivore
2015,Ontario,Sunfish,22.559,,Invertivore
2015,Ontario,Walleye,16.771,,Piscivore
2015,Ontario,White Perch,1.64,,Invertivore
2015,Ontario,White bass,0.689,,Piscivore
2015,Ontario,Yellow Perch,75.746,,Invertivore
2016,Ontario,Amercian Eel,,,Benthic invertivore
2016,Ontario,Blue Pike,,,Piscivore
2016,Ontario,Bowfin,2.125,,Piscivore
2016,Ontario,Bullheads,10.135,species is listed as brown bullhead,Benthic omnivore
2016,Ontario,Burbot,,,Piscivore
2016,Ontario,Carp,4.738,,Benthic omnivore
2016,Ontario,Channel Catfish,,,Benthic omnivore
2016,Ontario,Chubs,,,Planktivore
2016,Ontario,Cisco,5.516,,Planktivore
2016,Ontario,Crappie,5.93,,Invertivore
2016,Ontario,Freshwater Drum,17.25,,Benthic invertivore
2016,Ontario,Lake Sturgeon,,,Benthic invertivore
2016,Ontario,Lake Trout,,,Piscivore
2016,Ontario,Lake Whitefish,95.762,,Benthic invertivore
2016,Ontario,Northern Pike,23.904,,Piscivore
2016,Ontario,Rainbow Smelt,,,Planktivore
2016,Ontario,Rock Bass,5.926,,Invertivore
2016,Ontario,Suckers,11.893,,Benthic omnivore
2016,Ontario,Sunfish,34.107,,Invertivore
2016,Ontario,Walleye,25.377,,Piscivore
2016,Ontario,White Perch,2.549,,Invertivore
2016,Ontario,White bass,6.585,,Piscivore
2016,Ontario,Yellow Perch,153.57,,Invertivore
2017,Ontario,Amercian Eel,,,Benthic invertivore
2017,Ontario,Blue Pike,,,Piscivore
2017,Ontario,Bowfin,3.113,,Piscivore
2017,Ontario,Bullheads,7.719,species is listed as brown bullhead,Benthic omnivore
2017,Ontario,Burbot,,,Piscivore
2017,Ontario,Carp,10.02,,Benthic omnivore
2017,Ontario,Channel Catfish,,,Benthic omnivore
2017,Ontario,Chubs,,,Planktivore
2017,Ontario,Cisco,3.523,,Planktivore
2017,Ontario,Crappie,4.963,,Invertivore
2017,Ontario,Freshwater Drum,26.346,,Benthic invertivore
2017,Ontario,Lake Sturgeon,,,Benthic invertivore
2017,Ontario,Lake Trout,,,Piscivore
2017,Ontario,Lake Whitefish,68.242,,Benthic invertivore
2017,Ontario,Northern Pike,17.313,,Piscivore
2017,Ontario,Rainbow Smelt,,,Planktivore
2017,Ontario,Rock Bass,7.893,,Invertivore
2017,Ontario,Suckers,20.81,,Benthic omnivore
2017,Ontario,Sunfish,37.54,,Invertivore
2017,Ontario,Walleye,31.741,,Piscivore
2017,Ontario,White Perch,7.797,,Invertivore
2017,Ontario,White bass,7.568,,Piscivore
2017,Ontario,Yellow Perch,181.905,,Invertivore
2018,Ontario,Amercian Eel,,,Benthic invertivore
2018,Ontario,Blue Pike,,,Piscivore
2018,Ontario,Bowfin,1.952,,Piscivore
2018,Ontario,Bullheads,3.349,species is listed as brown bullhead,Benthic omnivore
2018,Ontario,Burbot,,,Piscivore
2018,Ontario,Carp,4.037,,Benthic omnivore
2018,Ontario,Channel Catfish,,,Benthic omnivore
2018,Ontario,Chubs,,,Planktivore
2018,Ontario,Cisco,3.189,,Planktivore
2018,Ontario,Crappie,5.004,,Invertivore
2018,Ontario,Freshwater Drum,16.452,,Benthic invertivore
2018,Ontario,Lake Sturgeon,,,Benthic invertivore
2018,Ontario,Lake Trout,,,Piscivore
2018,Ontario,Lake Whitefish,56.157,,Benthic invertivore
2018,Ontario,Northern Pike,7.464,,Piscivore
2018,Ontario,Rainbow Smelt,,,Planktivore
2018,Ontario,Rock Bass,7.649,,Invertivore
2018,Ontario,Suckers,13.27,,Benthic omnivore
2018,Ontario,Sunfish,25.443,,Invertivore
2018,Ontario,Walleye,26.201,,Piscivore
2018,Ontario,White Perch,7.97,,Invertivore
2018,Ontario,White bass,4.354,,Piscivore
2018,Ontario,Yellow Perch,87.262,,Invertivore
2019,Ontario,Amercian Eel,,,Benthic invertivore
2019,Ontario,Blue Pike,,,Piscivore
2019,Ontario,Bowfin,3.487,,Piscivore
2019,Ontario,Bullheads,4.931,species is listed as brown bullhead,Benthic omnivore
2019,Ontario,Burbot,,,Piscivore
2019,Ontario,Carp,3.945,,Benthic omnivore
2019,Ontario,Channel Catfish,0.076,,Benthic omnivore
2019,Ontario,Chubs,,,Planktivore
2019,Ontario,Cisco,3.361,,Planktivore
2019,Ontario,Crappie,3.564,,Invertivore
2019,Ontario,Freshwater Drum,24.242,,Benthic invertivore
2019,Ontario,Lake Sturgeon,,,Benthic invertivore
2019,Ontario,Lake Trout,,,Piscivore
2019,Ontario,Lake Whitefish,103.427,,Benthic invertivore
2019,Ontario,Northern Pike,6.99,,Piscivore
2019,Ontario,Rainbow Smelt,,,Planktivore
2019,Ontario,Rock Bass,8.232,,Invertivore
2019,Ontario,Suckers,12.165,,Benthic omnivore
2019,Ontario,Sunfish,16.838,,Invertivore
2019,Ontario,Walleye,27.32,,Piscivore
2019,Ontario,White Perch,22.511,,Invertivore
2019,Ontario,White bass,3.267,,Piscivore
2019,Ontario,Yellow Perch,116.595,,Invertivore
2020,Ontario,Amercian Eel,,,Benthic invertivore
2020,Ontario,Blue Pike,,,Piscivore
2020,Ontario,Bowfin,0.52,,Piscivore
2020,Ontario,Bullheads,2.486,species is listed as brown bullhead,Benthic omnivore
2020,Ontario,Burbot,,,Piscivore
2020,Ontario,Carp,0.656,,Benthic omnivore
2020,Ontario,Channel Catfish,,,Benthic omnivore
2020,Ontario,Chubs,,,Planktivore
2020,Ontario,Cisco,1.12,,Planktivore
2020,Ontario,Crappie,2.903,,Invertivore
2020,Ontario,Freshwater Drum,11.106,,Benthic invertivore
2020,Ontario,Lake Sturgeon,,,Benthic invertivore
2020,Ontario,Lake Trout,,,Piscivore
2020,Ontario,Lake Whitefish,101.555,,Benthic invertivore
2020,Ontario,Northern Pike,5.544,,Piscivore
2020,Ontario,Rainbow Smelt,,,Planktivore
2020,Ontario,Rock Bass,3.206,,Invertivore
2020,Ontario,Suckers,0.729,,Benthic omnivore
2020,Ontario,Sunfish,8.044,,Invertivore
2020,Ontario,Walleye,22.313,,Piscivore
2020,Ontario,White Perch,10.739,,Invertivore
2020,Ontario,White bass,1.617,,Piscivore
2020,Ontario,Yellow Perch,95.957,,Invertivore
1871,Saint Clair,Lake Whitefish,,,Benthic invertivore
1872,Saint Clair,Herring,,All: No production over 500 pounds reported since 1918.,Planktivore
1872,Saint Clair,Lake Whitefish,,,Benthic invertivore
1873,Saint Clair,Herring,,,Planktivore
1873,Saint Clair,Lake Whitefish,,,Benthic invertivore
1874,Saint Clair,Herring,,,Planktivore
1874,Saint Clair,Lake Whitefish,,,Benthic invertivore
1874,Saint Clair,Walleye,,"ONT: Includes catches of northern pike and pickerel in 1885, 1889 and 1890; and small amounts of ""blue pickerel"" reported for Ontario waters before 1943.",Piscivore
1875,Saint Clair,Herring,,,Planktivore
1875,Saint Clair,Lake Whitefish,,,Benthic invertivore
1875,Saint Clair,Smallmouth Bass,,ONT: Commercial fishing for smallmouth bass prohibited in Ontario waters since 1902.,Invertivore
1875,Saint Clair,Walleye,,,Piscivore
1876,Saint Clair,Herring,,,Planktivore
1876,Saint Clair,Lake Whitefish,,,Benthic invertivore
1876,Saint Clair,Northern Pike,,,Piscivore
1876,Saint Clair,Smallmouth Bass,,,Invertivore
1876,Saint Clair,Walleye,,,Piscivore
1877,Saint Clair,Herring,,,Planktivore
1877,Saint Clair,Lake Whitefish,,,Benthic invertivore
1877,Saint Clair,Northern Pike,,,Piscivore
1877,Saint Clair,Smallmouth Bass,,,Invertivore
1877,Saint Clair,Walleye,,,Piscivore
1878,Saint Clair,Herring,,,Planktivore
1878,Saint Clair,Lake Whitefish,,,Benthic invertivore
1878,Saint Clair,Northern Pike,,,Piscivore
1878,Saint Clair,Smallmouth Bass,,,Invertivore
1878,Saint Clair,Walleye,,,Piscivore
1879,Saint Clair,Herring,369,,Planktivore
1879,Saint Clair,Lake Sturgeon,1091,,Benthic invertivore
1879,Saint Clair,Lake Whitefish,273,,Benthic invertivore
1879,Saint Clair,Northern Pike,,,Piscivore
1879,Saint Clair,Smallmouth Bass,,,Invertivore
1879,Saint Clair,Walleye,,,Piscivore
1880,Saint Clair,Herring,,,Planktivore
1880,Saint Clair,Lake Sturgeon,,,Benthic invertivore
1880,Saint Clair,Lake Whitefish,,,Benthic invertivore
1880,Saint Clair,Northern Pike,,,Piscivore
1880,Saint Clair,Smallmouth Bass,,,Invertivore
1880,Saint Clair,Walleye,,,Piscivore
1881,Saint Clair,Herring,,,Planktivore
1881,Saint Clair,Lake Sturgeon,,,Benthic invertivore
1881,Saint Clair,Lake Whitefish,,,Benthic invertivore
1881,Saint Clair,Northern Pike,,,Piscivore
1881,Saint Clair,Smallmouth Bass,,,Invertivore
1881,Saint Clair,Walleye,,,Piscivore
1882,Saint Clair,Herring,,,Planktivore
1882,Saint Clair,Lake Sturgeon,,,Benthic invertivore
1882,Saint Clair,Lake Whitefish,,,Benthic invertivore
1882,Saint Clair,Northern Pike,,,Piscivore
1882,Saint Clair,Smallmouth Bass,,,Invertivore
1882,Saint Clair,Walleye,,,Piscivore
1883,Saint Clair,Herring,,,Planktivore
1883,Saint Clair,Lake Sturgeon,,,Benthic invertivore
1883,Saint Clair,Lake Whitefish,,,Benthic invertivore
1883,Saint Clair,Northern Pike,,,Piscivore
1883,Saint Clair,Smallmouth Bass,,,Invertivore
1883,Saint Clair,Walleye,,,Piscivore
1884,Saint Clair,Herring,,,Planktivore
1884,Saint Clair,Lake Sturgeon,,,Benthic invertivore
1884,Saint Clair,Lake Whitefish,,,Benthic invertivore
1884,Saint Clair,Northern Pike,,,Piscivore
1884,Saint Clair,Smallmouth Bass,,,Invertivore
1884,Saint Clair,Walleye,,,Piscivore
1885,Saint Clair,Herring,,,Planktivore
1885,Saint Clair,Lake Sturgeon,278,,Benthic invertivore
1885,Saint Clair,Lake Whitefish,98,,Benthic invertivore
1885,Saint Clair,Northern Pike,,,Piscivore
1885,Saint Clair,Smallmouth Bass,,,Invertivore
1885,Saint Clair,Walleye,308,,Piscivore
1886,Saint Clair,Herring,,,Planktivore
1886,Saint Clair,Lake Sturgeon,,,Benthic invertivore
1886,Saint Clair,Lake Whitefish,,,Benthic invertivore
1886,Saint Clair,Northern Pike,,,Piscivore
1886,Saint Clair,Smallmouth Bass,,,Invertivore
1886,Saint Clair,Walleye,,,Piscivore
1887,Saint Clair,Herring,,,Planktivore
1887,Saint Clair,Lake Sturgeon,,,Benthic invertivore
1887,Saint Clair,Lake Whitefish,,,Benthic invertivore
1887,Saint Clair,Northern Pike,,,Piscivore
1887,Saint Clair,Smallmouth Bass,,,Invertivore
1887,Saint Clair,Walleye,,,Piscivore
1888,Saint Clair,Herring,,,Planktivore
1888,Saint Clair,Lake Sturgeon,,,Benthic invertivore
1888,Saint Clair,Lake Whitefish,,,Benthic invertivore
1888,Saint Clair,Northern Pike,,,Piscivore
1888,Saint Clair,Smallmouth Bass,,,Invertivore
1888,Saint Clair,Walleye,,,Piscivore
1889,Saint Clair,Channel Catfish and Bullheads,,,Benthic omnivore
1889,Saint Clair,Herring,884,,Planktivore
1889,Saint Clair,Lake Sturgeon,131,,Benthic invertivore
1889,Saint Clair,Lake Whitefish,295,,Benthic invertivore
1889,Saint Clair,Northern Pike,,,Piscivore
1889,Saint Clair,Smallmouth Bass,22,,Invertivore
1889,Saint Clair,Suckers,,Not listed separately in Canadian reports until 1952. ,Benthic omnivore
1889,Saint Clair,Walleye,364,,Piscivore
1889,Saint Clair,Yellow Perch,,,Invertivore
1890,Saint Clair,Channel Catfish and Bullheads,,,Benthic omnivore
1890,Saint Clair,Herring,518,,Planktivore
1890,Saint Clair,Lake Sturgeon,351,,Benthic invertivore
1890,Saint Clair,Lake Whitefish,269,,Benthic invertivore
1890,Saint Clair,Northern Pike,,,Piscivore
1890,Saint Clair,Smallmouth Bass,27,,Invertivore
1890,Saint Clair,Suckers,,Not listed separately in Canadian reports until 1952. ,Benthic omnivore
1890,Saint Clair,Walleye,562,,Piscivore
1890,Saint Clair,Yellow Perch,,,Invertivore
1891,Saint Clair,Channel Catfish and Bullheads,,,Benthic omnivore
1891,Saint Clair,Herring,665,,Planktivore
1891,Saint Clair,Lake Sturgeon,111,,Benthic invertivore
1891,Saint Clair,Lake Whitefish,113,,Benthic invertivore
1891,Saint Clair,Northern Pike,,,Piscivore
1891,Saint Clair,Smallmouth Bass,77,,Invertivore
1891,Saint Clair,Suckers,,Not listed separately in Canadian reports until 1952. ,Benthic omnivore
1891,Saint Clair,Walleye,872,,Piscivore
1891,Saint Clair,Yellow Perch,,,Invertivore
1892,Saint Clair,Channel Catfish and Bullheads,,,Benthic omnivore
1892,Saint Clair,Herring,725,,Planktivore
1892,Saint Clair,Lake Sturgeon,144,,Benthic invertivore
1892,Saint Clair,Lake Whitefish,153,,Benthic invertivore
1892,Saint Clair,Northern Pike,,,Piscivore
1892,Saint Clair,Smallmouth Bass,47,,Invertivore
1892,Saint Clair,Suckers,,Not listed separately in Canadian reports until 1952. ,Benthic omnivore
1892,Saint Clair,Walleye,816,,Piscivore
1892,Saint Clair,Yellow Perch,,,Invertivore
1893,Saint Clair,Channel Catfish and Bullheads,,,Benthic omnivore
1893,Saint Clair,Herring,161,,Planktivore
1893,Saint Clair,Lake Sturgeon,147,,Benthic invertivore
1893,Saint Clair,Lake Whitefish,50,,Benthic invertivore
1893,Saint Clair,Northern Pike,,,Piscivore
1893,Saint Clair,Smallmouth Bass,48,,Invertivore
1893,Saint Clair,Suckers,,Not listed separately in Canadian reports until 1952. ,Benthic omnivore
1893,Saint Clair,Walleye,449,,Piscivore
1893,Saint Clair,Yellow Perch,,,Invertivore
1894,Saint Clair,Channel Catfish and Bullheads,,,Benthic omnivore
1894,Saint Clair,Herring,153,,Planktivore
1894,Saint Clair,Lake Sturgeon,81,,Benthic invertivore
1894,Saint Clair,Lake Whitefish,43,,Benthic invertivore
1894,Saint Clair,Northern Pike,,,Piscivore
1894,Saint Clair,Smallmouth Bass,17,,Invertivore
1894,Saint Clair,Suckers,,Not listed separately in Canadian reports until 1952. ,Benthic omnivore
1894,Saint Clair,Walleye,509,,Piscivore
1894,Saint Clair,Yellow Perch,322,,Invertivore
1895,Saint Clair,Channel Catfish and Bullheads,,,Benthic omnivore
1895,Saint Clair,Herring,57,,Planktivore
1895,Saint Clair,Lake Sturgeon,73,,Benthic invertivore
1895,Saint Clair,Lake Whitefish,27,,Benthic invertivore
1895,Saint Clair,Northern Pike,,,Piscivore
1895,Saint Clair,Smallmouth Bass,42,,Invertivore
1895,Saint Clair,Suckers,,Not listed separately in Canadian reports until 1952. ,Benthic omnivore
1895,Saint Clair,Walleye,407,,Piscivore
1895,Saint Clair,Yellow Perch,145,,Invertivore
1896,Saint Clair,Channel Catfish and Bullheads,35,,Benthic omnivore
1896,Saint Clair,Herring,36,,Planktivore
1896,Saint Clair,Lake Sturgeon,81,,Benthic invertivore
1896,Saint Clair,Lake Whitefish,56,,Benthic invertivore
1896,Saint Clair,Northern Pike,,,Piscivore
1896,Saint Clair,Smallmouth Bass,16,,Invertivore
1896,Saint Clair,Suckers,,Not listed separately in Canadian reports until 1952. ,Benthic omnivore
1896,Saint Clair,Walleye,491,,Piscivore
1896,Saint Clair,Yellow Perch,176,,Invertivore
1897,Saint Clair,Channel Catfish and Bullheads,40,,Benthic omnivore
1897,Saint Clair,Herring,23,,Planktivore
1897,Saint Clair,Lake Sturgeon,55,,Benthic invertivore
1897,Saint Clair,Lake Whitefish,48,,Benthic invertivore
1897,Saint Clair,Northern Pike,,,Piscivore
1897,Saint Clair,Smallmouth Bass,41,,Invertivore
1897,Saint Clair,Suckers,,Not listed separately in Canadian reports until 1952. ,Benthic omnivore
1897,Saint Clair,Walleye,434,,Piscivore
1897,Saint Clair,Yellow Perch,152,,Invertivore
1898,Saint Clair,Channel Catfish and Bullheads,,,Benthic omnivore
1898,Saint Clair,Herring,,,Planktivore
1898,Saint Clair,Lake Sturgeon,75,,Benthic invertivore
1898,Saint Clair,Lake Whitefish,79,,Benthic invertivore
1898,Saint Clair,Northern Pike,,,Piscivore
1898,Saint Clair,Smallmouth Bass,41,,Invertivore
1898,Saint Clair,Suckers,,Not listed separately in Canadian reports until 1952. ,Benthic omnivore
1898,Saint Clair,Walleye,392,,Piscivore
1898,Saint Clair,Yellow Perch,109,,Invertivore
1899,Saint Clair,Channel Catfish and Bullheads,,,Benthic omnivore
1899,Saint Clair,Herring,,,Planktivore
1899,Saint Clair,Lake Sturgeon,94,,Benthic invertivore
1899,Saint Clair,Lake Whitefish,9,,Benthic invertivore
1899,Saint Clair,Northern Pike,,,Piscivore
1899,Saint Clair,Smallmouth Bass,4,,Invertivore
1899,Saint Clair,Suckers,,Not listed separately in Canadian reports until 1952. ,Benthic omnivore
1899,Saint Clair,Walleye,342,,Piscivore
1899,Saint Clair,Yellow Perch,90,,Invertivore
1900,Saint Clair,Channel Catfish and Bullheads,,,Benthic omnivore
1900,Saint Clair,Herring,,,Planktivore
1900,Saint Clair,Lake Sturgeon,92,,Benthic invertivore
1900,Saint Clair,Lake Whitefish,21,,Benthic invertivore
1900,Saint Clair,Northern Pike,,,Piscivore
1900,Saint Clair,Smallmouth Bass,4,,Invertivore
1900,Saint Clair,Suckers,,Not listed separately in Canadian reports until 1952. ,Benthic omnivore
1900,Saint Clair,Walleye,435,,Piscivore
1900,Saint Clair,Yellow Perch,26,,Invertivore
1901,Saint Clair,Channel Catfish and Bullheads,,,Benthic omnivore
1901,Saint Clair,Herring,,,Planktivore
1901,Saint Clair,Lake Sturgeon,76,,Benthic invertivore
1901,Saint Clair,Lake Whitefish,76,,Benthic invertivore
1901,Saint Clair,Northern Pike,,,Piscivore
1901,Saint Clair,Smallmouth Bass,2,,Invertivore
1901,Saint Clair,Suckers,,Not listed separately in Canadian reports until 1952. ,Benthic omnivore
1901,Saint Clair,Walleye,291,,Piscivore
1901,Saint Clair,Yellow Perch,58,,Invertivore
1902,Saint Clair,Channel Catfish and Bullheads,,,Benthic omnivore
1902,Saint Clair,Herring,,,Planktivore
1902,Saint Clair,Lake Sturgeon,44,,Benthic invertivore
1902,Saint Clair,Lake Whitefish,38,,Benthic invertivore
1902,Saint Clair,Northern Pike,,,Piscivore
1902,Saint Clair,Suckers,,Not listed separately in Canadian reports until 1952. ,Benthic omnivore
1902,Saint Clair,Walleye,326,,Piscivore
1902,Saint Clair,Yellow Perch,74,,Invertivore
1903,Saint Clair,Channel Catfish and Bullheads,,,Benthic omnivore
1903,Saint Clair,Herring,,,Planktivore
1903,Saint Clair,Lake Sturgeon,42,,Benthic invertivore
1903,Saint Clair,Lake Whitefish,18,,Benthic invertivore
1903,Saint Clair,Northern Pike,,,Piscivore
1903,Saint Clair,Suckers,,Not listed separately in Canadian reports until 1952. ,Benthic omnivore
1903,Saint Clair,Walleye,340,,Piscivore
1903,Saint Clair,Yellow Perch,57,,Invertivore
1904,Saint Clair,Channel Catfish and Bullheads,,,Benthic omnivore
1904,Saint Clair,Herring,27,,Planktivore
1904,Saint Clair,Lake Sturgeon,34,,Benthic invertivore
1904,Saint Clair,Lake Whitefish,35,,Benthic invertivore
1904,Saint Clair,Northern Pike,,,Piscivore
1904,Saint Clair,Suckers,,Not listed separately in Canadian reports until 1952. ,Benthic omnivore
1904,Saint Clair,Walleye,362,,Piscivore
1904,Saint Clair,Yellow Perch,73,,Invertivore
1905,Saint Clair,Carp,,,Benthic omnivore
1905,Saint Clair,Channel Catfish and Bullheads,,,Benthic omnivore
1905,Saint Clair,Herring,,,Planktivore
1905,Saint Clair,Lake Sturgeon,31,,Benthic invertivore
1905,Saint Clair,Lake Whitefish,31,,Benthic invertivore
1905,Saint Clair,Northern Pike,,,Piscivore
1905,Saint Clair,Suckers,,Not listed separately in Canadian reports until 1952. ,Benthic omnivore
1905,Saint Clair,Walleye,306,,Piscivore
1905,Saint Clair,Yellow Perch,48,,Invertivore
1906,Saint Clair,Carp,,,Benthic omnivore
1906,Saint Clair,Channel Catfish and Bullheads,,,Benthic omnivore
1906,Saint Clair,Herring,,,Planktivore
1906,Saint Clair,Lake Sturgeon,39,,Benthic invertivore
1906,Saint Clair,Lake Whitefish,46,,Benthic invertivore
1906,Saint Clair,Northern Pike,,,Piscivore
1906,Saint Clair,Suckers,,Not listed separately in Canadian reports until 1952. ,Benthic omnivore
1906,Saint Clair,Walleye,322,,Piscivore
1906,Saint Clair,Yellow Perch,58,,Invertivore
1907,Saint Clair,Carp,,,Benthic omnivore
1907,Saint Clair,Channel Catfish and Bullheads,,,Benthic omnivore
1907,Saint Clair,Herring,,,Planktivore
1907,Saint Clair,Lake Sturgeon,52,,Benthic invertivore
1907,Saint Clair,Lake Whitefish,144,,Benthic invertivore
1907,Saint Clair,Northern Pike,,,Piscivore
1907,Saint Clair,Suckers,,Not listed separately in Canadian reports until 1952. ,Benthic omnivore
1907,Saint Clair,Walleye,317,,Piscivore
1907,Saint Clair,Yellow Perch,93,,Invertivore
1908,Saint Clair,Carp,300,,Benthic omnivore
1908,Saint Clair,Channel Catfish and Bullheads,,,Benthic omnivore
1908,Saint Clair,Herring,,,Planktivore
1908,Saint Clair,Lake Sturgeon,36,,Benthic invertivore
1908,Saint Clair,Lake Whitefish,54,,Benthic invertivore
1908,Saint Clair,Northern Pike,,,Piscivore
1908,Saint Clair,Suckers,,Not listed separately in Canadian reports until 1952. ,Benthic omnivore
1908,Saint Clair,Walleye,175,,Piscivore
1908,Saint Clair,Yellow Perch,79,,Invertivore
1909,Saint Clair,Carp,,,Benthic omnivore
1909,Saint Clair,Channel Catfish and Bullheads,,,Benthic omnivore
1909,Saint Clair,Herring,,,Planktivore
1909,Saint Clair,Lake Sturgeon,28,,Benthic invertivore
1909,Saint Clair,Lake Whitefish,120,,Benthic invertivore
1909,Saint Clair,Northern Pike,,,Piscivore
1909,Saint Clair,Suckers,,Not listed separately in Canadian reports until 1952. ,Benthic omnivore
1909,Saint Clair,Walleye,90,,Piscivore
1909,Saint Clair,Yellow Perch,109,,Invertivore
1910,Saint Clair,Carp,,,Benthic omnivore
1910,Saint Clair,Channel Catfish and Bullheads,,,Benthic omnivore
1910,Saint Clair,Herring,0,,Planktivore
1910,Saint Clair,Lake Sturgeon,41,,Benthic invertivore
1910,Saint Clair,Lake Whitefish,68,,Benthic invertivore
1910,Saint Clair,Northern Pike,,,Piscivore
1910,Saint Clair,Suckers,,Not listed separately in Canadian reports until 1952. ,Benthic omnivore
1910,Saint Clair,Walleye,55,,Piscivore
1910,Saint Clair,Yellow Perch,38,,Invertivore
1911,Saint Clair,Carp,,,Benthic omnivore
1911,Saint Clair,Channel Catfish and Bullheads,,,Benthic omnivore
1911,Saint Clair,Herring,0,,Planktivore
1911,Saint Clair,Lake Sturgeon,47,,Benthic invertivore
1911,Saint Clair,Lake Whitefish,64,,Benthic invertivore
1911,Saint Clair,Northern Pike,,,Piscivore
1911,Saint Clair,Suckers,,Not listed separately in Canadian reports until 1952. ,Benthic omnivore
1911,Saint Clair,Walleye,68,,Piscivore
1911,Saint Clair,Yellow Perch,67,,Invertivore
1912,Saint Clair,Carp,,,Benthic omnivore
1912,Saint Clair,Channel Catfish and Bullheads,,,Benthic omnivore
1912,Saint Clair,Herring,0,,Planktivore
1912,Saint Clair,Lake Sturgeon,49,,Benthic invertivore
1912,Saint Clair,Lake Whitefish,159,,Benthic invertivore
1912,Saint Clair,Northern Pike,,,Piscivore
1912,Saint Clair,Suckers,,Not listed separately in Canadian reports until 1952. ,Benthic omnivore
1912,Saint Clair,Walleye,58,,Piscivore
1912,Saint Clair,Yellow Perch,81,,Invertivore
1913,Saint Clair,Carp,,,Benthic omnivore
1913,Saint Clair,Channel Catfish and Bullheads,,,Benthic omnivore
1913,Saint Clair,Herring,20,,Planktivore
1913,Saint Clair,Lake Sturgeon,60,,Benthic invertivore
1913,Saint Clair,Lake Whitefish,70,,Benthic invertivore
1913,Saint Clair,Northern Pike,,,Piscivore
1913,Saint Clair,Suckers,,Not listed separately in Canadian reports until 1952. ,Benthic omnivore
1913,Saint Clair,Walleye,67,,Piscivore
1913,Saint Clair,Yellow Perch,76,,Invertivore
1914,Saint Clair,Carp,,,Benthic omnivore
1914,Saint Clair,Channel Catfish and Bullheads,,,Benthic omnivore
1914,Saint Clair,Herring,0,,Planktivore
1914,Saint Clair,Lake Sturgeon,41,,Benthic invertivore
1914,Saint Clair,Lake Whitefish,47,,Benthic invertivore
1914,Saint Clair,Northern Pike,,,Piscivore
1914,Saint Clair,Suckers,,Not listed separately in Canadian reports until 1952. ,Benthic omnivore
1914,Saint Clair,Walleye,46,,Piscivore
1914,Saint Clair,Yellow Perch,284,,Invertivore
1915,Saint Clair,Carp,1214,,Benthic omnivore
1915,Saint Clair,Channel Catfish and Bullheads,,,Benthic omnivore
1915,Saint Clair,Herring,0,,Planktivore
1915,Saint Clair,Lake Sturgeon,34,,Benthic invertivore
1915,Saint Clair,Lake Whitefish,84,,Benthic invertivore
1915,Saint Clair,Northern Pike,,,Piscivore
1915,Saint Clair,Suckers,,Not listed separately in Canadian reports until 1952. ,Benthic omnivore
1915,Saint Clair,Walleye,37,,Piscivore
1915,Saint Clair,Yellow Perch,113,,Invertivore
1916,Saint Clair,Carp,,,Benthic omnivore
1916,Saint Clair,Channel Catfish and Bullheads,,,Benthic omnivore
1916,Saint Clair,Herring,0,,Planktivore
1916,Saint Clair,Lake Sturgeon,19,,Benthic invertivore
1916,Saint Clair,Lake Whitefish,61,,Benthic invertivore
1916,Saint Clair,Northern Pike,,,Piscivore
1916,Saint Clair,Suckers,,Not listed separately in Canadian reports until 1952. ,Benthic omnivore
1916,Saint Clair,Walleye,50,,Piscivore
1916,Saint Clair,Yellow Perch,116,,Invertivore
1917,Saint Clair,Carp,188,,Benthic omnivore
1917,Saint Clair,Channel Catfish and Bullheads,,,Benthic omnivore
1917,Saint Clair,Herring,0,,Planktivore
1917,Saint Clair,Lake Sturgeon,14,,Benthic invertivore
1917,Saint Clair,Lake Whitefish,31,,Benthic invertivore
1917,Saint Clair,Northern Pike,,,Piscivore
1917,Saint Clair,Suckers,,Not listed separately in Canadian reports until 1952. ,Benthic omnivore
1917,Saint Clair,Walleye,64,,Piscivore
1917,Saint Clair,Yellow Perch,132,,Invertivore
1918,Saint Clair,Carp,,,Benthic omnivore
1918,Saint Clair,Channel Catfish and Bullheads,,,Benthic omnivore
1918,Saint Clair,Herring,0,All: No production over 500 pounds reported since 1941.,Planktivore
1918,Saint Clair,Lake Sturgeon,15,,Benthic invertivore
1918,Saint Clair,Lake Whitefish,29,,Benthic invertivore
1918,Saint Clair,Northern Pike,,,Piscivore
1918,Saint Clair,Suckers,,Not listed separately in Canadian reports until 1952. ,Benthic omnivore
1918,Saint Clair,Walleye,42,,Piscivore
1918,Saint Clair,Yellow Perch,148,,Invertivore
1919,Saint Clair,Carp,,,Benthic omnivore
1919,Saint Clair,Channel Catfish and Bullheads,,,Benthic omnivore
1919,Saint Clair,Lake Sturgeon,11,,Benthic invertivore
1919,Saint Clair,Lake Whitefish,13,,Benthic invertivore
1919,Saint Clair,Northern Pike,,,Piscivore
1919,Saint Clair,Suckers,,Not listed separately in Canadian reports until 1952. ,Benthic omnivore
1919,Saint Clair,Walleye,61,,Piscivore
1919,Saint Clair,Yellow Perch,140,,Invertivore
1920,Saint Clair,Carp,,,Benthic omnivore
1920,Saint Clair,Channel Catfish and Bullheads,,,Benthic omnivore
1920,Saint Clair,Lake Sturgeon,13,,Benthic invertivore
1920,Saint Clair,Lake Whitefish,7,,Benthic invertivore
1920,Saint Clair,Northern Pike,,,Piscivore
1920,Saint Clair,Suckers,,Not listed separately in Canadian reports until 1952. ,Benthic omnivore
1920,Saint Clair,Walleye,27,,Piscivore
1920,Saint Clair,Yellow Perch,232,,Invertivore
1921,Saint Clair,Carp,,,Benthic omnivore
1921,Saint Clair,Channel Catfish and Bullheads,,,Benthic omnivore
1921,Saint Clair,Lake Sturgeon,12,,Benthic invertivore
1921,Saint Clair,Lake Whitefish,2,,Benthic invertivore
1921,Saint Clair,Northern Pike,,,Piscivore
1921,Saint Clair,Suckers,,Not listed separately in Canadian reports until 1952. ,Benthic omnivore
1921,Saint Clair,Walleye,38,,Piscivore
1921,Saint Clair,Yellow Perch,131,,Invertivore
1922,Saint Clair,Carp,573,,Benthic omnivore
1922,Saint Clair,Channel Catfish and Bullheads,,,Benthic omnivore
1922,Saint Clair,Lake Sturgeon,8,,Benthic invertivore
1922,Saint Clair,Lake Whitefish,4,,Benthic invertivore
1922,Saint Clair,Northern Pike,,,Piscivore
1922,Saint Clair,Suckers,,Not listed separately in Canadian reports until 1952. ,Benthic omnivore
1922,Saint Clair,Walleye,60,,Piscivore
1922,Saint Clair,Yellow Perch,96,,Invertivore
1923,Saint Clair,Carp,,,Benthic omnivore
1923,Saint Clair,Channel Catfish and Bullheads,,,Benthic omnivore
1923,Saint Clair,Lake Sturgeon,23,,Benthic invertivore
1923,Saint Clair,Lake Whitefish,2,,Benthic invertivore
1923,Saint Clair,Northern Pike,,,Piscivore
1923,Saint Clair,Suckers,,Not listed separately in Canadian reports until 1952. ,Benthic omnivore
1923,Saint Clair,Walleye,76,,Piscivore
1923,Saint Clair,Yellow Perch,57,,Invertivore
1924,Saint Clair,Carp,,,Benthic omnivore
1924,Saint Clair,Channel Catfish and Bullheads,,,Benthic omnivore
1924,Saint Clair,Lake Sturgeon,19,,Benthic invertivore
1924,Saint Clair,Lake Whitefish,1,,Benthic invertivore
1924,Saint Clair,Northern Pike,,,Piscivore
1924,Saint Clair,Suckers,,Not listed separately in Canadian reports until 1952. ,Benthic omnivore
1924,Saint Clair,Walleye,58,,Piscivore
1924,Saint Clair,Yellow Perch,101,,Invertivore
1925,Saint Clair,Carp,,,Benthic omnivore
1925,Saint Clair,Channel Catfish and Bullheads,,,Benthic omnivore
1925,Saint Clair,Lake Sturgeon,15,,Benthic invertivore
1925,Saint Clair,Lake Whitefish,1,,Benthic invertivore
1925,Saint Clair,Northern Pike,,,Piscivore
1925,Saint Clair,Suckers,,Not listed separately in Canadian reports until 1952. ,Benthic omnivore
1925,Saint Clair,Walleye,45,,Piscivore
1925,Saint Clair,Yellow Perch,65,,Invertivore
1926,Saint Clair,Carp,,,Benthic omnivore
1926,Saint Clair,Channel Catfish and Bullheads,,,Benthic omnivore
1926,Saint Clair,Lake Sturgeon,16,,Benthic invertivore
1926,Saint Clair,Lake Whitefish,1,,Benthic invertivore
1926,Saint Clair,Northern Pike,,,Piscivore
1926,Saint Clair,Suckers,,Not listed separately in Canadian reports until 1952. ,Benthic omnivore
1926,Saint Clair,Walleye,60,,Piscivore
1926,Saint Clair,Yellow Perch,88,,Invertivore
1927,Saint Clair,Carp,,,Benthic omnivore
1927,Saint Clair,Channel Catfish and Bullheads,,,Benthic omnivore
1927,Saint Clair,Lake Sturgeon,10,,Benthic invertivore
1927,Saint Clair,Lake Whitefish,1,,Benthic invertivore
1927,Saint Clair,Northern Pike,,,Piscivore
1927,Saint Clair,Suckers,,Not listed separately in Canadian reports until 1952. ,Benthic omnivore
1927,Saint Clair,Walleye,48,,Piscivore
1927,Saint Clair,Yellow Perch,66,,Invertivore
1928,Saint Clair,Carp,,,Benthic omnivore
1928,Saint Clair,Channel Catfish and Bullheads,,,Benthic omnivore
1928,Saint Clair,Lake Sturgeon,12,,Benthic invertivore
1928,Saint Clair,Lake Whitefish,1,,Benthic invertivore
1928,Saint Clair,Northern Pike,,,Piscivore
1928,Saint Clair,Suckers,,Not listed separately in Canadian reports until 1952. ,Benthic omnivore
1928,Saint Clair,Walleye,58,,Piscivore
1928,Saint Clair,Yellow Perch,71,,Invertivore
1929,Saint Clair,Carp,,,Benthic omnivore
1929,Saint Clair,Channel Catfish and Bullheads,,,Benthic omnivore
1929,Saint Clair,Lake Sturgeon,13,,Benthic invertivore
1929,Saint Clair,Lake Whitefish,0,,Benthic invertivore
1929,Saint Clair,Northern Pike,,,Piscivore
1929,Saint Clair,Suckers,,Not listed separately in Canadian reports until 1952. ,Benthic omnivore
1929,Saint Clair,Walleye,37,,Piscivore
1929,Saint Clair,Yellow Perch,61,,Invertivore
1930,Saint Clair,Carp,,,Benthic omnivore
1930,Saint Clair,Channel Catfish and Bullheads,,,Benthic omnivore
1930,Saint Clair,Lake Sturgeon,20,,Benthic invertivore
1930,Saint Clair,Lake Whitefish,2,,Benthic invertivore
1930,Saint Clair,Northern Pike,,,Piscivore
1930,Saint Clair,Suckers,,Not listed separately in Canadian reports until 1952. ,Benthic omnivore
1930,Saint Clair,Walleye,34,,Piscivore
1930,Saint Clair,Yellow Perch,70,,Invertivore
1931,Saint Clair,Carp,,,Benthic omnivore
1931,Saint Clair,Channel Catfish and Bullheads,,,Benthic omnivore
1931,Saint Clair,Lake Sturgeon,13,,Benthic invertivore
1931,Saint Clair,Lake Whitefish,0,,Benthic invertivore
1931,Saint Clair,Northern Pike,,,Piscivore
1931,Saint Clair,Suckers,,Not listed separately in Canadian reports until 1952. ,Benthic omnivore
1931,Saint Clair,Walleye,33,,Piscivore
1931,Saint Clair,Yellow Perch,68,,Invertivore
1932,Saint Clair,Carp,,,Benthic omnivore
1932,Saint Clair,Channel Catfish and Bullheads,,,Benthic omnivore
1932,Saint Clair,Lake Sturgeon,14,,Benthic invertivore
1932,Saint Clair,Lake Whitefish,2,,Benthic invertivore
1932,Saint Clair,Northern Pike,,,Piscivore
1932,Saint Clair,Suckers,,Not listed separately in Canadian reports until 1952. ,Benthic omnivore
1932,Saint Clair,Walleye,31,,Piscivore
1932,Saint Clair,Yellow Perch,58,,Invertivore
1933,Saint Clair,Carp,,,Benthic omnivore
1933,Saint Clair,Channel Catfish and Bullheads,,,Benthic omnivore
1933,Saint Clair,Lake Sturgeon,7,,Benthic invertivore
1933,Saint Clair,Lake Whitefish,0,,Benthic invertivore
1933,Saint Clair,Northern Pike,,,Piscivore
1933,Saint Clair,Suckers,,Not listed separately in Canadian reports until 1952. ,Benthic omnivore
1933,Saint Clair,Walleye,28,,Piscivore
1933,Saint Clair,Yellow Perch,40,,Invertivore
1934,Saint Clair,Carp,,,Benthic omnivore
1934,Saint Clair,Channel Catfish and Bullheads,,,Benthic omnivore
1934,Saint Clair,Lake Sturgeon,9,,Benthic invertivore
1934,Saint Clair,Lake Whitefish,0,,Benthic invertivore
1934,Saint Clair,Northern Pike,,,Piscivore
1934,Saint Clair,Suckers,,Not listed separately in Canadian reports until 1952. ,Benthic omnivore
1934,Saint Clair,Walleye,33,,Piscivore
1934,Saint Clair,Yellow Perch,43,,Invertivore
1935,Saint Clair,Carp,,,Benthic omnivore
1935,Saint Clair,Channel Catfish and Bullheads,,,Benthic omnivore
1935,Saint Clair,Lake Sturgeon,8,,Benthic invertivore
1935,Saint Clair,Lake Whitefish,2,,Benthic invertivore
1935,Saint Clair,Northern Pike,,,Piscivore
1935,Saint Clair,Suckers,,Not listed separately in Canadian reports until 1952. ,Benthic omnivore
1935,Saint Clair,Walleye,35,,Piscivore
1935,Saint Clair,Yellow Perch,39,,Invertivore
1936,Saint Clair,Carp,,,Benthic omnivore
1936,Saint Clair,Channel Catfish and Bullheads,,,Benthic omnivore
1936,Saint Clair,Lake Sturgeon,7,,Benthic invertivore
1936,Saint Clair,Lake Whitefish,1,,Benthic invertivore
1936,Saint Clair,Northern Pike,,,Piscivore
1936,Saint Clair,Suckers,,Not listed separately in Canadian reports until 1952. ,Benthic omnivore
1936,Saint Clair,Walleye,45,,Piscivore
1936,Saint Clair,Yellow Perch,33,,Invertivore
1937,Saint Clair,Carp,,,Benthic omnivore
1937,Saint Clair,Channel Catfish and Bullheads,,,Benthic omnivore
1937,Saint Clair,Lake Sturgeon,10,,Benthic invertivore
1937,Saint Clair,Lake Whitefish,0,,Benthic invertivore
1937,Saint Clair,Northern Pike,,,Piscivore
1937,Saint Clair,Suckers,,Not listed separately in Canadian reports until 1952. ,Benthic omnivore
1937,Saint Clair,Walleye,48,,Piscivore
1937,Saint Clair,Yellow Perch,32,,Invertivore
1938,Saint Clair,Carp,,,Benthic omnivore
1938,Saint Clair,Channel Catfish and Bullheads,,,Benthic omnivore
1938,Saint Clair,Lake Sturgeon,9,,Benthic invertivore
1938,Saint Clair,Lake Whitefish,0,,Benthic invertivore
1938,Saint Clair,Northern Pike,,,Piscivore
1938,Saint Clair,Suckers,,Not listed separately in Canadian reports until 1952. ,Benthic omnivore
1938,Saint Clair,Walleye,49,,Piscivore
1938,Saint Clair,Yellow Perch,29,,Invertivore
1939,Saint Clair,Carp,386,,Benthic omnivore
1939,Saint Clair,Channel Catfish and Bullheads,,,Benthic omnivore
1939,Saint Clair,Lake Sturgeon,9,,Benthic invertivore
1939,Saint Clair,Lake Whitefish,1,,Benthic invertivore
1939,Saint Clair,Northern Pike,,,Piscivore
1939,Saint Clair,Suckers,,Not listed separately in Canadian reports until 1952. ,Benthic omnivore
1939,Saint Clair,Walleye,59,,Piscivore
1939,Saint Clair,Yellow Perch,39,,Invertivore
1940,Saint Clair,Carp,424,,Benthic omnivore
1940,Saint Clair,Channel Catfish and Bullheads,,,Benthic omnivore
1940,Saint Clair,Lake Sturgeon,8,,Benthic invertivore
1940,Saint Clair,Lake Whitefish,1,,Benthic invertivore
1940,Saint Clair,Northern Pike,,,Piscivore
1940,Saint Clair,Suckers,,Not listed separately in Canadian reports until 1952. ,Benthic omnivore
1940,Saint Clair,Walleye,54,,Piscivore
1940,Saint Clair,Yellow Perch,35,,Invertivore
1941,Saint Clair,Carp,518,,Benthic omnivore
1941,Saint Clair,Channel Catfish and Bullheads,,,Benthic omnivore
1941,Saint Clair,Lake Sturgeon,11,,Benthic invertivore
1941,Saint Clair,Lake Whitefish,1,,Benthic invertivore
1941,Saint Clair,Northern Pike,,,Piscivore
1941,Saint Clair,Suckers,,Not listed separately in Canadian reports until 1952. ,Benthic omnivore
1941,Saint Clair,Walleye,83,,Piscivore
1941,Saint Clair,Yellow Perch,66,,Invertivore
1942,Saint Clair,Carp,208,,Benthic omnivore
1942,Saint Clair,Channel Catfish and Bullheads,,,Benthic omnivore
1942,Saint Clair,Lake Sturgeon,3,,Benthic invertivore
1942,Saint Clair,Northern Pike,,,Piscivore
1942,Saint Clair,Suckers,,Not listed separately in Canadian reports until 1952. ,Benthic omnivore
1942,Saint Clair,Walleye,60,,Piscivore
1942,Saint Clair,Yellow Perch,33,,Invertivore
1943,Saint Clair,Carp,130,,Benthic omnivore
1943,Saint Clair,Channel Catfish and Bullheads,,,Benthic omnivore
1943,Saint Clair,Lake Sturgeon,9,,Benthic invertivore
1943,Saint Clair,Northern Pike,,,Piscivore
1943,Saint Clair,Suckers,,Not listed separately in Canadian reports until 1952. ,Benthic omnivore
1943,Saint Clair,Walleye,48,,Piscivore
1943,Saint Clair,Yellow Perch,35,,Invertivore
1944,Saint Clair,Carp,246,,Benthic omnivore
1944,Saint Clair,Channel Catfish and Bullheads,,,Benthic omnivore
1944,Saint Clair,Lake Sturgeon,4,,Benthic invertivore
1944,Saint Clair,Northern Pike,,,Piscivore
1944,Saint Clair,Suckers,,Not listed separately in Canadian reports until 1952. ,Benthic omnivore
1944,Saint Clair,Walleye,53,,Piscivore
1944,Saint Clair,Yellow Perch,40,,Invertivore
1945,Saint Clair,Carp,234,,Benthic omnivore
1945,Saint Clair,Channel Catfish and Bullheads,,,Benthic omnivore
1945,Saint Clair,Lake Sturgeon,2,,Benthic invertivore
1945,Saint Clair,Northern Pike,,,Piscivore
1945,Saint Clair,Suckers,,Not listed separately in Canadian reports until 1952. ,Benthic omnivore
1945,Saint Clair,Walleye,55,,Piscivore
1945,Saint Clair,Yellow Perch,33,,Invertivore
1946,Saint Clair,Carp,288,,Benthic omnivore
1946,Saint Clair,Channel Catfish,,,Benthic omnivore
1946,Saint Clair,Channel Catfish and Bullheads,76,,Benthic omnivore
1946,Saint Clair,Lake Sturgeon,4,,Benthic invertivore
1946,Saint Clair,Northern Pike,,,Piscivore
1946,Saint Clair,Suckers,,Not listed separately in Canadian reports until 1952. ,Benthic omnivore
1946,Saint Clair,Walleye,49,,Piscivore
1946,Saint Clair,Yellow Perch,37,,Invertivore
1947,Saint Clair,Carp,141,,Benthic omnivore
1947,Saint Clair,Channel Catfish,,,Benthic omnivore
1947,Saint Clair,Channel Catfish and Bullheads,102,,Benthic omnivore
1947,Saint Clair,Lake Sturgeon,5,,Benthic invertivore
1947,Saint Clair,Northern Pike,,,Piscivore
1947,Saint Clair,Suckers,,Not listed separately in Canadian reports until 1952. ,Benthic omnivore
1947,Saint Clair,Walleye,35,,Piscivore
1947,Saint Clair,Yellow Perch,29,,Invertivore
1948,Saint Clair,Carp,282,,Benthic omnivore
1948,Saint Clair,Channel Catfish,,,Benthic omnivore
1948,Saint Clair,Channel Catfish and Bullheads,69,,Benthic omnivore
1948,Saint Clair,Lake Sturgeon,6,,Benthic invertivore
1948,Saint Clair,Northern Pike,,,Piscivore
1948,Saint Clair,Suckers,,Not listed separately in Canadian reports until 1952. ,Benthic omnivore
1948,Saint Clair,Walleye,44,,Piscivore
1948,Saint Clair,Yellow Perch,11,,Invertivore
1949,Saint Clair,Carp,322,,Benthic omnivore
1949,Saint Clair,Channel Catfish,,,Benthic omnivore
1949,Saint Clair,Channel Catfish and Bullheads,86,,Benthic omnivore
1949,Saint Clair,Lake Sturgeon,5,,Benthic invertivore
1949,Saint Clair,Northern Pike,,,Piscivore
1949,Saint Clair,Suckers,,Not listed separately in Canadian reports until 1952. ,Benthic omnivore
1949,Saint Clair,Walleye,53,,Piscivore
1949,Saint Clair,Yellow Perch,18,,Invertivore
1950,Saint Clair,Carp,294,,Benthic omnivore
1950,Saint Clair,Channel Catfish,,,Benthic omnivore
1950,Saint Clair,Channel Catfish and Bullheads,48,,Benthic omnivore
1950,Saint Clair,Lake Sturgeon,7,,Benthic invertivore
1950,Saint Clair,Northern Pike,,,Piscivore
1950,Saint Clair,Suckers,,Not listed separately in Canadian reports until 1952. ,Benthic omnivore
1950,Saint Clair,Walleye,37,,Piscivore
1950,Saint Clair,Yellow Perch,22,,Invertivore
1951,Saint Clair,Carp,191,,Benthic omnivore
1951,Saint Clair,Channel Catfish,,,Benthic omnivore
1951,Saint Clair,Channel Catfish and Bullheads,38,,Benthic omnivore
1951,Saint Clair,Lake Sturgeon,8,,Benthic invertivore
1951,Saint Clair,Northern Pike,,,Piscivore
1951,Saint Clair,Suckers,,Not listed separately in Canadian reports until 1952. ,Benthic omnivore
1951,Saint Clair,Walleye,34,,Piscivore
1951,Saint Clair,Yellow Perch,22,,Invertivore
1952,Saint Clair,Carp,411,,Benthic omnivore
1952,Saint Clair,Channel Catfish,53,,Benthic omnivore
1952,Saint Clair,Lake Sturgeon,7,,Benthic invertivore
1952,Saint Clair,Northern Pike,,,Piscivore
1952,Saint Clair,Suckers,126,,Benthic omnivore
1952,Saint Clair,Walleye,68,,Piscivore
1952,Saint Clair,Yellow Perch,30,,Invertivore
1953,Saint Clair,Carp,575,,Benthic omnivore
1953,Saint Clair,Channel Catfish,58,,Benthic omnivore
1953,Saint Clair,Lake Sturgeon,11,,Benthic invertivore
1953,Saint Clair,Northern Pike,,,Piscivore
1953,Saint Clair,Suckers,114,,Benthic omnivore
1953,Saint Clair,Walleye,73,,Piscivore
1953,Saint Clair,Yellow Perch,38,,Invertivore
1954,Saint Clair,Carp,615,,Benthic omnivore
1954,Saint Clair,Channel Catfish,82,,Benthic omnivore
1954,Saint Clair,Lake Sturgeon,11,,Benthic invertivore
1954,Saint Clair,Northern Pike,,,Piscivore
1954,Saint Clair,Suckers,137,,Benthic omnivore
1954,Saint Clair,Walleye,71,,Piscivore
1954,Saint Clair,Yellow Perch,23,,Invertivore
1955,Saint Clair,Carp,497,,Benthic omnivore
1955,Saint Clair,Channel Catfish,71,,Benthic omnivore
1955,Saint Clair,Lake Sturgeon,13,,Benthic invertivore
1955,Saint Clair,Northern Pike,,,Piscivore
1955,Saint Clair,Suckers,92,,Benthic omnivore
1955,Saint Clair,Walleye,54,,Piscivore
1955,Saint Clair,Yellow Perch,14,,Invertivore
1956,Saint Clair,Carp,695,,Benthic omnivore
1956,Saint Clair,Channel Catfish,85,,Benthic omnivore
1956,Saint Clair,Lake Sturgeon,12,,Benthic invertivore
1956,Saint Clair,Northern Pike,,,Piscivore
1956,Saint Clair,Suckers,122,,Benthic omnivore
1956,Saint Clair,Walleye,56,,Piscivore
1956,Saint Clair,Yellow Perch,19,,Invertivore
1957,Saint Clair,Carp,836,,Benthic omnivore
1957,Saint Clair,Channel Catfish,86,,Benthic omnivore
1957,Saint Clair,Lake Sturgeon,12,,Benthic invertivore
1957,Saint Clair,Northern Pike,,,Piscivore
1957,Saint Clair,Suckers,100,,Benthic omnivore
1957,Saint Clair,Walleye,75,,Piscivore
1957,Saint Clair,Yellow Perch,28,,Invertivore
1958,Saint Clair,Carp,679,,Benthic omnivore
1958,Saint Clair,Channel Catfish,47,,Benthic omnivore
1958,Saint Clair,Lake Sturgeon,17,,Benthic invertivore
1958,Saint Clair,Northern Pike,,,Piscivore
1958,Saint Clair,Suckers,75,,Benthic omnivore
1958,Saint Clair,Walleye,67,,Piscivore
1958,Saint Clair,Yellow Perch,49,,Invertivore
1959,Saint Clair,Carp,553,,Benthic omnivore
1959,Saint Clair,Channel Catfish,58,,Benthic omnivore
1959,Saint Clair,Lake Sturgeon,11,,Benthic invertivore
1959,Saint Clair,Northern Pike,,,Piscivore
1959,Saint Clair,Suckers,108,,Benthic omnivore
1959,Saint Clair,Walleye,102,,Piscivore
1959,Saint Clair,Yellow Perch,37,,Invertivore
1960,Saint Clair,Carp,301,,Benthic omnivore
1960,Saint Clair,Channel Catfish,86,,Benthic omnivore
1960,Saint Clair,Lake Sturgeon,13,,Benthic invertivore
1960,Saint Clair,Northern Pike,,,Piscivore
1960,Saint Clair,Suckers,113,,Benthic omnivore
1960,Saint Clair,Walleye,138,,Piscivore
1960,Saint Clair,Yellow Perch,35,,Invertivore
1961,Saint Clair,Carp,267,,Benthic omnivore
1961,Saint Clair,Channel Catfish,79,,Benthic omnivore
1961,Saint Clair,Lake Sturgeon,14,,Benthic invertivore
1961,Saint Clair,Northern Pike,,,Piscivore
1961,Saint Clair,Suckers,132,,Benthic omnivore
1961,Saint Clair,Walleye,236,,Piscivore
1961,Saint Clair,Yellow Perch,22,,Invertivore
1962,Saint Clair,Carp,306,,Benthic omnivore
1962,Saint Clair,Channel Catfish,86,,Benthic omnivore
1962,Saint Clair,Lake Sturgeon,13,,Benthic invertivore
1962,Saint Clair,Northern Pike,,,Piscivore
1962,Saint Clair,Suckers,116,,Benthic omnivore
1962,Saint Clair,Walleye,260,,Piscivore
1962,Saint Clair,Yellow Perch,11,,Invertivore
1963,Saint Clair,Carp,284,,Benthic omnivore
1963,Saint Clair,Channel Catfish,83,,Benthic omnivore
1963,Saint Clair,Lake Sturgeon,13,,Benthic invertivore
1963,Saint Clair,Northern Pike,,,Piscivore
1963,Saint Clair,Suckers,108,,Benthic omnivore
1963,Saint Clair,Walleye,329,,Piscivore
1963,Saint Clair,Yellow Perch,16,,Invertivore
1964,Saint Clair,Carp,219,,Benthic omnivore
1964,Saint Clair,Channel Catfish,62,,Benthic omnivore
1964,Saint Clair,Lake Sturgeon,9,,Benthic invertivore
1964,Saint Clair,Northern Pike,,,Piscivore
1964,Saint Clair,Suckers,90,,Benthic omnivore
1964,Saint Clair,Walleye,356,,Piscivore
1964,Saint Clair,Yellow Perch,21,,Invertivore
1965,Saint Clair,Carp,251,,Benthic omnivore
1965,Saint Clair,Channel Catfish,67,,Benthic omnivore
1965,Saint Clair,Lake Sturgeon,10,,Benthic invertivore
1965,Saint Clair,Northern Pike,,,Piscivore
1965,Saint Clair,Suckers,42,,Benthic omnivore
1965,Saint Clair,Walleye,274,,Piscivore
1965,Saint Clair,Yellow Perch,47,,Invertivore
1966,Saint Clair,Carp,326,,Benthic omnivore
1966,Saint Clair,Channel Catfish,48,,Benthic omnivore
1966,Saint Clair,Lake Sturgeon,11,,Benthic invertivore
1966,Saint Clair,Northern Pike,,,Piscivore
1966,Saint Clair,Suckers,67,,Benthic omnivore
1966,Saint Clair,Walleye,249,,Piscivore
1966,Saint Clair,Yellow Perch,36,,Invertivore
1967,Saint Clair,Carp,215,,Benthic omnivore
1967,Saint Clair,Channel Catfish,74,,Benthic omnivore
1967,Saint Clair,Lake Sturgeon,12,,Benthic invertivore
1967,Saint Clair,Northern Pike,,,Piscivore
1967,Saint Clair,Suckers,80,,Benthic omnivore
1967,Saint Clair,Walleye,184,,Piscivore
1967,Saint Clair,Yellow Perch,64,,Invertivore
1968,Saint Clair,Carp,290,,Benthic omnivore
1968,Saint Clair,Channel Catfish,109,,Benthic omnivore
1968,Saint Clair,Lake Sturgeon,13,,Benthic invertivore
1968,Saint Clair,Northern Pike,,,Piscivore
1968,Saint Clair,Suckers,122,,Benthic omnivore
1968,Saint Clair,Walleye,226,,Piscivore
1968,Saint Clair,Yellow Perch,59,,Invertivore
1969,Saint Clair,Carp,82,,Benthic omnivore
1969,Saint Clair,Channel Catfish,67,,Benthic omnivore
1969,Saint Clair,Lake Sturgeon,17,,Benthic invertivore
1969,Saint Clair,Northern Pike,,,Piscivore
1969,Saint Clair,Suckers,107,,Benthic omnivore
1969,Saint Clair,Walleye,328,,Piscivore
1969,Saint Clair,Yellow Perch,48,,Invertivore
1970,Saint Clair,Carp,3,ONT: Discovery of mercury contamination in fish resulted in closure of the commercial fishery.,Benthic omnivore
1970,Saint Clair,Channel Catfish,0,ONT: Discovery of mercury contamination in fish resulted in closure of the commercial fishery.,Benthic omnivore
1970,Saint Clair,Lake Sturgeon,0,ONT: Discovery of mercury contamination in fish resulted in closure of the commercial fishery.,Benthic invertivore
1970,Saint Clair,Northern Pike,,ONT: Discovery of mercury contamination in fish resulted in closure of the commercial fishery.,Piscivore
1970,Saint Clair,Suckers,31,ONT: Discovery of mercury contamination in fish resulted in closure of the commercial fishery.,Benthic omnivore
1970,Saint Clair,Walleye,43,ONT: Discovery of mercury contamination resulted in closure of the commercial fishery.,Piscivore
1970,Saint Clair,Yellow Perch,3,ONT: Discovery of mercury contamination in fish resulted in closure of the commercial fishery.,Invertivore
1971,Saint Clair,Carp,,No catches reported since 1970,Benthic omnivore
1971,Saint Clair,Channel Catfish,,ONT: Discovery of mercury contamination in fish resulted in closure of the commercial fishery.,Benthic omnivore
1971,Saint Clair,Lake Sturgeon,0,All:  G127commercial fishery closed,Benthic invertivore
1971,Saint Clair,Northern Pike,,No catches reported since 1970,Piscivore
1971,Saint Clair,Suckers,,No catches reported since 1970.,Benthic omnivore
1971,Saint Clair,Yellow Perch,,No catches reported since 1970.,Invertivore
1972,Saint Clair,Carp,,No catches reported since 1970,Benthic omnivore
1972,Saint Clair,Channel Catfish,,ONT: Discovery of mercury contamination in fish resulted in closure of the commercial fishery.,Benthic omnivore
1972,Saint Clair,Lake Sturgeon,0,,Benthic invertivore
1972,Saint Clair,Northern Pike,,No catches reported since 1970,Piscivore
1972,Saint Clair,Suckers,,No catches reported since 1970.,Benthic omnivore
1972,Saint Clair,Yellow Perch,,No catches reported since 1970.,Invertivore
1973,Saint Clair,Carp,,No catches reported since 1970,Benthic omnivore
1973,Saint Clair,Channel Catfish,,ONT: Discovery of mercury contamination in fish resulted in closure of the commercial fishery.,Benthic omnivore
1973,Saint Clair,Lake Sturgeon,0,,Benthic invertivore
1973,Saint Clair,Northern Pike,,No catches reported since 1970,Piscivore
1973,Saint Clair,Suckers,,No catches reported since 1970.,Benthic omnivore
1973,Saint Clair,Yellow Perch,,No catches reported since 1970.,Invertivore
1974,Saint Clair,Carp,,No catches reported since 1970,Benthic omnivore
1974,Saint Clair,Channel Catfish,,ONT: Discovery of mercury contamination in fish resulted in closure of the commercial fishery.,Benthic omnivore
1974,Saint Clair,Lake Sturgeon,0,,Benthic invertivore
1974,Saint Clair,Northern Pike,,No catches reported since 1970,Piscivore
1974,Saint Clair,Suckers,,No catches reported since 1970.,Benthic omnivore
1974,Saint Clair,Yellow Perch,,No catches reported since 1970.,Invertivore
1975,Saint Clair,Carp,,No catches reported since 1970,Benthic omnivore
1975,Saint Clair,Channel Catfish,,ONT: Discovery of mercury contamination in fish resulted in closure of the commercial fishery.,Benthic omnivore
1975,Saint Clair,Lake Sturgeon,0,,Benthic invertivore
1975,Saint Clair,Northern Pike,,No catches reported since 1970,Piscivore
1975,Saint Clair,Suckers,,No catches reported since 1970.,Benthic omnivore
1975,Saint Clair,Yellow Perch,,No catches reported since 1970.,Invertivore
1976,Saint Clair,Carp,,No catches reported since 1970,Benthic omnivore
1976,Saint Clair,Channel Catfish,,ONT: Discovery of mercury contamination in fish resulted in closure of the commercial fishery.,Benthic omnivore
1976,Saint Clair,Lake Sturgeon,0,,Benthic invertivore
1976,Saint Clair,Northern Pike,,No catches reported since 1970,Piscivore
1976,Saint Clair,Suckers,,No catches reported since 1970.,Benthic omnivore
1976,Saint Clair,Yellow Perch,,No catches reported since 1970.,Invertivore
1977,Saint Clair,Carp,,No catches reported since 1970,Benthic omnivore
1977,Saint Clair,Channel Catfish,,ONT: Discovery of mercury contamination in fish resulted in closure of the commercial fishery.,Benthic omnivore
1977,Saint Clair,Lake Sturgeon,0,,Benthic invertivore
1977,Saint Clair,Northern Pike,,No catches reported since 1970,Piscivore
1977,Saint Clair,Suckers,,No catches reported since 1970.,Benthic omnivore
1977,Saint Clair,Yellow Perch,,No catches reported since 1970.,Invertivore
1978,Saint Clair,Carp,,No catches reported since 1970,Benthic omnivore
1978,Saint Clair,Channel Catfish,,ONT: Discovery of mercury contamination in fish resulted in closure of the commercial fishery.,Benthic omnivore
1978,Saint Clair,Lake Sturgeon,0,,Benthic invertivore
1978,Saint Clair,Northern Pike,,No catches reported since 1970,Piscivore
1978,Saint Clair,Suckers,,No catches reported since 1970.,Benthic omnivore
1978,Saint Clair,Yellow Perch,,No catches reported since 1970.,Invertivore
1979,Saint Clair,Carp,,No catches reported since 1970,Benthic omnivore
1979,Saint Clair,Channel Catfish,,ONT: Discovery of mercury contamination in fish resulted in closure of the commercial fishery.,Benthic omnivore
1979,Saint Clair,Lake Sturgeon,0,,Benthic invertivore
1979,Saint Clair,Northern Pike,,No catches reported since 1970,Piscivore
1979,Saint Clair,Suckers,,No catches reported since 1970.,Benthic omnivore
1979,Saint Clair,Yellow Perch,,No catches reported since 1970.,Invertivore
1980,Saint Clair,Bowfin,5,,Piscivore
1980,Saint Clair,Bullhead,2,,Benthic omnivore
1980,Saint Clair,Carp,34,,Benthic omnivore
1980,Saint Clair,Channel Catfish,15,,Benthic omnivore
1980,Saint Clair,Drum,10,,Benthic invertivore
1980,Saint Clair,Lake Sturgeon,0,,Benthic invertivore
1980,Saint Clair,Northern Pike,3,,Piscivore
1980,Saint Clair,Rock Bass and Crappie,2,,Invertivore
1980,Saint Clair,Suckers,12,,Benthic omnivore
1980,Saint Clair,White Bass,4,,Piscivore
1980,Saint Clair,White Perch,0,,Invertivore
1980,Saint Clair,Yellow Perch,0,,Invertivore
1981,Saint Clair,Bowfin,7,,Piscivore
1981,Saint Clair,Bullhead,4,,Benthic omnivore
1981,Saint Clair,Carp,127,,Benthic omnivore
1981,Saint Clair,Channel Catfish,92,,Benthic omnivore
1981,Saint Clair,Drum,30,,Benthic invertivore
1981,Saint Clair,Lake Sturgeon,0,,Benthic invertivore
1981,Saint Clair,Northern Pike,5,,Piscivore
1981,Saint Clair,Rock Bass and Crappie,3,,Invertivore
1981,Saint Clair,Suckers,42,,Benthic omnivore
1981,Saint Clair,White Bass,19,,Piscivore
1981,Saint Clair,White Perch,0,,Invertivore
1981,Saint Clair,Yellow Perch,3,,Invertivore
1982,Saint Clair,Bowfin,5,,Piscivore
1982,Saint Clair,Bullhead,1,,Benthic omnivore
1982,Saint Clair,Carp,146,,Benthic omnivore
1982,Saint Clair,Channel Catfish,70,,Benthic omnivore
1982,Saint Clair,Drum,52,,Benthic invertivore
1982,Saint Clair,Lake Sturgeon,0,,Benthic invertivore
1982,Saint Clair,Northern Pike,3,,Piscivore
1982,Saint Clair,Rock Bass and Crappie,4,,Invertivore
1982,Saint Clair,Suckers,41,,Benthic omnivore
1982,Saint Clair,White Bass,20,,Piscivore
1982,Saint Clair,White Perch,0,,Invertivore
1982,Saint Clair,Yellow Perch,5,,Invertivore
1983,Saint Clair,Bowfin,16,,Piscivore
1983,Saint Clair,Bullhead,2,,Benthic omnivore
1983,Saint Clair,Carp,41,,Benthic omnivore
1983,Saint Clair,Channel Catfish,66,,Benthic omnivore
1983,Saint Clair,Drum,33,,Benthic invertivore
1983,Saint Clair,Lake Sturgeon,0,,Benthic invertivore
1983,Saint Clair,Northern Pike,5,,Piscivore
1983,Saint Clair,Rock Bass and Crappie,6,,Invertivore
1983,Saint Clair,Suckers,51,,Benthic omnivore
1983,Saint Clair,White Bass,12,,Piscivore
1983,Saint Clair,White Perch,2,,Invertivore
1983,Saint Clair,Yellow Perch,9,,Invertivore
1984,Saint Clair,Bowfin,14,,Piscivore
1984,Saint Clair,Bullhead,1,,Benthic omnivore
1984,Saint Clair,Carp,62,,Benthic omnivore
1984,Saint Clair,Channel Catfish,59,,Benthic omnivore
1984,Saint Clair,Drum,4,,Benthic invertivore
1984,Saint Clair,Lake Sturgeon,0,,Benthic invertivore
1984,Saint Clair,Northern Pike,3,,Piscivore
1984,Saint Clair,Rock Bass and Crappie,3,,Invertivore
1984,Saint Clair,Suckers,13,,Benthic omnivore
1984,Saint Clair,White Bass,6,,Piscivore
1984,Saint Clair,White Perch,0,,Invertivore
1984,Saint Clair,Yellow Perch,5,,Invertivore
1985,Saint Clair,Bowfin,7,,Piscivore
1985,Saint Clair,Bullhead,0,,Benthic omnivore
1985,Saint Clair,Carp,19,,Benthic omnivore
1985,Saint Clair,Channel Catfish,44,,Benthic omnivore
1985,Saint Clair,Drum,0,,Benthic invertivore
1985,Saint Clair,Lake Sturgeon,0,,Benthic invertivore
1985,Saint Clair,Northern Pike,1,,Piscivore
1985,Saint Clair,Rock Bass and Crappie,1,,Invertivore
1985,Saint Clair,Suckers,4,,Benthic omnivore
1985,Saint Clair,White Bass,1,,Piscivore
1985,Saint Clair,White Perch,0,,Invertivore
1985,Saint Clair,Yellow Perch,0,,Invertivore
1986,Saint Clair,Bowfin,10,,Piscivore
1986,Saint Clair,Bullhead,0,,Benthic omnivore
1986,Saint Clair,Carp,8,,Benthic omnivore
1986,Saint Clair,Channel Catfish,23,,Benthic omnivore
1986,Saint Clair,Drum,0,,Benthic invertivore
1986,Saint Clair,Lake Sturgeon,0,,Benthic invertivore
1986,Saint Clair,Northern Pike,1,,Piscivore
1986,Saint Clair,Rock Bass and Crappie,1,,Invertivore
1986,Saint Clair,Suckers,0,,Benthic omnivore
1986,Saint Clair,White Bass,0,,Piscivore
1986,Saint Clair,White Perch,0,,Invertivore
1986,Saint Clair,Yellow Perch,0,,Invertivore
1987,Saint Clair,Bowfin,13,,Piscivore
1987,Saint Clair,Bullhead,1,,Benthic omnivore
1987,Saint Clair,Carp,6,,Benthic omnivore
1987,Saint Clair,Channel Catfish,11,,Benthic omnivore
1987,Saint Clair,Drum,0,,Benthic invertivore
1987,Saint Clair,Lake Sturgeon,1,,Benthic invertivore
1987,Saint Clair,Northern Pike,3,,Piscivore
1987,Saint Clair,Rock Bass and Crappie,2,,Invertivore
1987,Saint Clair,Suckers,0,,Benthic omnivore
1987,Saint Clair,White Bass,0,,Piscivore
1987,Saint Clair,White Perch,0,,Invertivore
1987,Saint Clair,Yellow Perch,1,,Invertivore
1988,Saint Clair,Bowfin,0,,Piscivore
1988,Saint Clair,Bullhead,0,,Benthic omnivore
1988,Saint Clair,Carp,0,,Benthic omnivore
1988,Saint Clair,Channel Catfish,10,,Benthic omnivore
1988,Saint Clair,Drum,0,,Benthic invertivore
1988,Saint Clair,Lake Sturgeon,1,,Benthic invertivore
1988,Saint Clair,Northern Pike,0,,Piscivore
1988,Saint Clair,Rock Bass and Crappie,0,,Invertivore
1988,Saint Clair,Suckers,0,,Benthic omnivore
1988,Saint Clair,White Bass,0,,Piscivore
1988,Saint Clair,White Perch,0,,Invertivore
1988,Saint Clair,Yellow Perch,0,,Invertivore
1989,Saint Clair,Bowfin,2,,Piscivore
1989,Saint Clair,Bullhead,0,,Benthic omnivore
1989,Saint Clair,Carp,0,,Benthic omnivore
1989,Saint Clair,Channel Catfish,8,,Benthic omnivore
1989,Saint Clair,Drum,0,,Benthic invertivore
1989,Saint Clair,Lake Sturgeon,1,,Benthic invertivore
1989,Saint Clair,Northern Pike,0,,Piscivore
1989,Saint Clair,Rock Bass and Crappie,0,,Invertivore
1989,Saint Clair,Suckers,0,,Benthic omnivore
1989,Saint Clair,White Bass,0,,Piscivore
1989,Saint Clair,White Perch,0,,Invertivore
1989,Saint Clair,Yellow Perch,0,,Invertivore
1990,Saint Clair,Bowfin,1,,Piscivore
1990,Saint Clair,Bullhead,0,,Benthic omnivore
1990,Saint Clair,Carp,0,,Benthic omnivore
1990,Saint Clair,Channel Catfish,12,,Benthic omnivore
1990,Saint Clair,Drum,0,,Benthic invertivore
1990,Saint Clair,Lake Sturgeon,1,,Benthic invertivore
1990,Saint Clair,Northern Pike,0,,Piscivore
1990,Saint Clair,Rock Bass and Crappie,1,,Invertivore
1990,Saint Clair,Suckers,0,,Benthic omnivore
1990,Saint Clair,White Bass,0,,Piscivore
1990,Saint Clair,White Perch,0,,Invertivore
1990,Saint Clair,Yellow Perch,0,,Invertivore
1991,Saint Clair,Bowfin,15,,Piscivore
1991,Saint Clair,Bullhead,1,,Benthic omnivore
1991,Saint Clair,Carp,0,,Benthic omnivore
1991,Saint Clair,Channel Catfish,9,,Benthic omnivore
1991,Saint Clair,Drum,0,,Benthic invertivore
1991,Saint Clair,Lake Sturgeon,1,,Benthic invertivore
1991,Saint Clair,Northern Pike,0,,Piscivore
1991,Saint Clair,Rock Bass and Crappie,1,,Invertivore
1991,Saint Clair,Suckers,0,,Benthic omnivore
1991,Saint Clair,White Bass,0,,Piscivore
1991,Saint Clair,White Perch,0,,Invertivore
1991,Saint Clair,Yellow Perch,0,,Invertivore
1992,Saint Clair,Bowfin,3,,Piscivore
1992,Saint Clair,Bullhead,1,,Benthic omnivore
1992,Saint Clair,Carp,2,,Benthic omnivore
1992,Saint Clair,Channel Catfish,15,,Benthic omnivore
1992,Saint Clair,Drum,0,,Benthic invertivore
1992,Saint Clair,Lake Sturgeon,0,,Benthic invertivore
1992,Saint Clair,Northern Pike,1,,Piscivore
1992,Saint Clair,Rock Bass and Crappie,1,,Invertivore
1992,Saint Clair,Suckers,0,,Benthic omnivore
1992,Saint Clair,White Bass,0,,Piscivore
1992,Saint Clair,White Perch,0,,Invertivore
1992,Saint Clair,Yellow Perch,0,,Invertivore
1993,Saint Clair,Bowfin,1,,Piscivore
1993,Saint Clair,Bullhead,0,,Benthic omnivore
1993,Saint Clair,Carp,0,,Benthic omnivore
1993,Saint Clair,Channel Catfish,8,,Benthic omnivore
1993,Saint Clair,Drum,0,,Benthic invertivore
1993,Saint Clair,Lake Sturgeon,1,,Benthic invertivore
1993,Saint Clair,Northern Pike,0,,Piscivore
1993,Saint Clair,Rock Bass and Crappie,0,,Invertivore
1993,Saint Clair,Suckers,0,,Benthic omnivore
1993,Saint Clair,White Bass,0,,Piscivore
1993,Saint Clair,White Perch,0,,Invertivore
1993,Saint Clair,Yellow Perch,0,,Invertivore
1994,Saint Clair,Bowfin,4,,Piscivore
1994,Saint Clair,Bullhead,0,,Benthic omnivore
1994,Saint Clair,Carp,0,,Benthic omnivore
1994,Saint Clair,Channel Catfish,5,,Benthic omnivore
1994,Saint Clair,Drum,0,,Benthic invertivore
1994,Saint Clair,Lake Sturgeon,1,,Benthic invertivore
1994,Saint Clair,Northern Pike,1,,Piscivore
1994,Saint Clair,Rock Bass and Crappie,1,,Invertivore
1994,Saint Clair,Suckers,0,,Benthic omnivore
1994,Saint Clair,White Bass,0,,Piscivore
1994,Saint Clair,White Perch,0,,Invertivore
1994,Saint Clair,Yellow Perch,1,,Invertivore
1995,Saint Clair,Bowfin,2,,Piscivore
1995,Saint Clair,Bullhead,0,,Benthic omnivore
1995,Saint Clair,Carp,0,,Benthic omnivore
1995,Saint Clair,Channel Catfish,10,,Benthic omnivore
1995,Saint Clair,Drum,0,,Benthic invertivore
1995,Saint Clair,Lake Sturgeon,1,,Benthic invertivore
1995,Saint Clair,Northern Pike,1,,Piscivore
1995,Saint Clair,Rock Bass and Crappie,0,,Invertivore
1995,Saint Clair,Suckers,1,,Benthic omnivore
1995,Saint Clair,White Bass,0,,Piscivore
1995,Saint Clair,White Perch,1,,Invertivore
1995,Saint Clair,Yellow Perch,0,,Invertivore
1996,Saint Clair,Bowfin,1,,Piscivore
1996,Saint Clair,Bullhead,0,,Benthic omnivore
1996,Saint Clair,Carp,0,,Benthic omnivore
1996,Saint Clair,Channel Catfish,9,,Benthic omnivore
1996,Saint Clair,Drum,0,,Benthic invertivore
1996,Saint Clair,Lake Sturgeon,1,,Benthic invertivore
1996,Saint Clair,Northern Pike,1,,Piscivore
1996,Saint Clair,Rock Bass and Crappie,1,,Invertivore
1996,Saint Clair,Suckers,1,,Benthic omnivore
1996,Saint Clair,White Bass,0,,Piscivore
1996,Saint Clair,White Perch,1,,Invertivore
1996,Saint Clair,Yellow Perch,0,,Invertivore
1997,Saint Clair,Bowfin,,,Piscivore
1997,Saint Clair,Bullhead,,,Benthic omnivore
1997,Saint Clair,Carp,,,Benthic omnivore
1997,Saint Clair,Channel Catfish,,,Benthic omnivore
1997,Saint Clair,Drum,,,Benthic invertivore
1997,Saint Clair,Lake Sturgeon,,,Benthic invertivore
1997,Saint Clair,Northern Pike,,,Piscivore
1997,Saint Clair,Rock Bass and Crappie,,,Invertivore
1997,Saint Clair,Suckers,,,Benthic omnivore
1997,Saint Clair,White Bass,,,Piscivore
1997,Saint Clair,White Perch,,,Invertivore
1997,Saint Clair,Yellow Perch,,,Invertivore
1998,Saint Clair,Bowfin,0,,Piscivore
1998,Saint Clair,Bullhead,0,,Benthic omnivore
1998,Saint Clair,Carp,0,,Benthic omnivore
1998,Saint Clair,Channel Catfish,11,,Benthic omnivore
1998,Saint Clair,Drum,0,,Benthic invertivore
1998,Saint Clair,Gizzard Shad,0,,Planktivore
1998,Saint Clair,Lake Sturgeon,2,,Benthic invertivore
1998,Saint Clair,Northern Pike,0,,Piscivore
1998,Saint Clair,Quillback,4,,Benthic omnivore
1998,Saint Clair,Rock Bass and Crappie,0,,Invertivore
1998,Saint Clair,Suckers,0,,Benthic omnivore
1998,Saint Clair,White Bass,0,,Piscivore
1998,Saint Clair,White Perch,1,,Invertivore
1998,Saint Clair,Yellow Perch,0,,Invertivore
1999,Saint Clair,Bowfin,0,,Piscivore
1999,Saint Clair,Bullhead,0,,Benthic omnivore
1999,Saint Clair,Carp,0,,Benthic omnivore
1999,Saint Clair,Channel Catfish,4,,Benthic omnivore
1999,Saint Clair,Drum,0,,Benthic invertivore
1999,Saint Clair,Gizzard Shad,1,,Planktivore
1999,Saint Clair,Lake Sturgeon,2,,Benthic invertivore
1999,Saint Clair,Northern Pike,0,,Piscivore
1999,Saint Clair,Quillback,0,,Benthic omnivore
1999,Saint Clair,Rock Bass and Crappie,0,,Invertivore
1999,Saint Clair,Suckers,0,,Benthic omnivore
1999,Saint Clair,White Bass,0,,Piscivore
1999,Saint Clair,White Perch,0,,Invertivore
1999,Saint Clair,Yellow Perch,1,,Invertivore
2000,Saint Clair,Bowfin,,,Piscivore
2000,Saint Clair,Buffalo,,,Benthic omnivore
2000,Saint Clair,Bullheads,,,Benthic omnivore
2000,Saint Clair,Carp,,,Benthic omnivore
2000,Saint Clair,Channel Catfish,6,,Benthic omnivore
2000,Saint Clair,Lake Sturgeon,1,,Benthic invertivore
2000,Saint Clair,Northern Pike,0,,Piscivore
2000,Saint Clair,Quillback,,,Benthic omnivore
2000,Saint Clair,Rock Bass and Crappie,0,,Invertivore
2000,Saint Clair,Sheepshead,,,Benthic invertivore
2000,Saint Clair,Suckers,,,Benthic omnivore
2000,Saint Clair,White Bass,1,,Piscivore
2000,Saint Clair,White Perch,1,,Invertivore
2000,Saint Clair,Yellow Perch,0,,Invertivore
2001,Saint Clair,Bowfin,,,Piscivore
2001,Saint Clair,Buffalo,,,Benthic omnivore
2001,Saint Clair,Bullheads,,,Benthic omnivore
2001,Saint Clair,Carp,,,Benthic omnivore
2001,Saint Clair,Channel Catfish,7,,Benthic omnivore
2001,Saint Clair,Lake Sturgeon,2,,Benthic invertivore
2001,Saint Clair,Northern Pike,0,,Piscivore
2001,Saint Clair,Quillback,,,Benthic omnivore
2001,Saint Clair,Rock Bass and Crappie,0,,Invertivore
2001,Saint Clair,Sheepshead,,,Benthic invertivore
2001,Saint Clair,Suckers,,,Benthic omnivore
2001,Saint Clair,White Bass,2,,Piscivore
2001,Saint Clair,White Perch,2,,Invertivore
2001,Saint Clair,Yellow Perch,0,,Invertivore
2002,Saint Clair,Bowfin,,,Piscivore
2002,Saint Clair,Buffalo,,,Benthic omnivore
2002,Saint Clair,Bullheads,,,Benthic omnivore
2002,Saint Clair,Carp,4,,Benthic omnivore
2002,Saint Clair,Channel Catfish,5,,Benthic omnivore
2002,Saint Clair,Lake Sturgeon,1,,Benthic invertivore
2002,Saint Clair,Northern Pike,0,,Piscivore
2002,Saint Clair,Quillback,,,Benthic omnivore
2002,Saint Clair,Rock Bass and Crappie,0,,Invertivore
2002,Saint Clair,Sheepshead,7,,Benthic invertivore
2002,Saint Clair,Suckers,19,,Benthic omnivore
2002,Saint Clair,White Bass,1,,Piscivore
2002,Saint Clair,White Perch,1,,Invertivore
2002,Saint Clair,Yellow Perch,0,,Invertivore
2003,Saint Clair,Bowfin,,,Piscivore
2003,Saint Clair,Buffalo,,,Benthic omnivore
2003,Saint Clair,Bullheads,,,Benthic omnivore
2003,Saint Clair,Carp,2,,Benthic omnivore
2003,Saint Clair,Channel Catfish,1,,Benthic omnivore
2003,Saint Clair,Lake Sturgeon,2,,Benthic invertivore
2003,Saint Clair,Northern Pike,0,,Piscivore
2003,Saint Clair,Quillback,,,Benthic omnivore
2003,Saint Clair,Rock Bass and Crappie,0,,Invertivore
2003,Saint Clair,Sheepshead,3,,Benthic invertivore
2003,Saint Clair,Suckers,13,,Benthic omnivore
2003,Saint Clair,White Bass,1,,Piscivore
2003,Saint Clair,White Perch,1,,Invertivore
2003,Saint Clair,Yellow Perch,0,,Invertivore
2004,Saint Clair,Bowfin,6,,Piscivore
2004,Saint Clair,Buffalo,,,Benthic omnivore
2004,Saint Clair,Bullheads,,,Benthic omnivore
2004,Saint Clair,Carp,3,,Benthic omnivore
2004,Saint Clair,Channel Catfish,3,,Benthic omnivore
2004,Saint Clair,Lake Sturgeon,2,,Benthic invertivore
2004,Saint Clair,Northern Pike,0,,Piscivore
2004,Saint Clair,Quillback,,,Benthic omnivore
2004,Saint Clair,Rock Bass and Crappie,0,,Invertivore
2004,Saint Clair,Sheepshead,2,,Benthic invertivore
2004,Saint Clair,Suckers,11,,Benthic omnivore
2004,Saint Clair,White Bass,1,,Piscivore
2004,Saint Clair,White Perch,2,,Invertivore
2004,Saint Clair,Yellow Perch,0,,Invertivore
2005,Saint Clair,Bowfin,0,,Piscivore
2005,Saint Clair,Buffalo,0,,Benthic omnivore
2005,Saint Clair,Bullheads,,,Benthic omnivore
2005,Saint Clair,Carp,2,,Benthic omnivore
2005,Saint Clair,Channel Catfish,9,,Benthic omnivore
2005,Saint Clair,Lake Sturgeon,1,,Benthic invertivore
2005,Saint Clair,Northern Pike,0,,Piscivore
2005,Saint Clair,Quillback,7,,Benthic omnivore
2005,Saint Clair,Rock Bass and Crappie,0,,Invertivore
2005,Saint Clair,Sheepshead,4,,Benthic invertivore
2005,Saint Clair,Suckers,4,,Benthic omnivore
2005,Saint Clair,White Bass,1,,Piscivore
2005,Saint Clair,White Perch,1,,Invertivore
2005,Saint Clair,Yellow Perch,0,,Invertivore
2006,Saint Clair,Bowfin,,,Piscivore
2006,Saint Clair,Buffalo,0,,Benthic omnivore
2006,Saint Clair,Bullheads,,,Benthic omnivore
2006,Saint Clair,Carp,2,,Benthic omnivore
2006,Saint Clair,Channel Catfish,6,,Benthic omnivore
2006,Saint Clair,Lake Sturgeon,0,,Benthic invertivore
2006,Saint Clair,Northern Pike,0,,Piscivore
2006,Saint Clair,Quillback,13,,Benthic omnivore
2006,Saint Clair,Rock Bass and Crappie,0,,Invertivore
2006,Saint Clair,Sheepshead,6,,Benthic invertivore
2006,Saint Clair,Suckers,6,,Benthic omnivore
2006,Saint Clair,White Bass,2,,Piscivore
2006,Saint Clair,White Perch,3,,Invertivore
2006,Saint Clair,Yellow Perch,0,,Invertivore
2007,Saint Clair,Bowfin,,,Piscivore
2007,Saint Clair,Buffalo,,,Benthic omnivore
2007,Saint Clair,Bullheads,,,Benthic omnivore
2007,Saint Clair,Carp,1,,Benthic omnivore
2007,Saint Clair,Channel Catfish,10,,Benthic omnivore
2007,Saint Clair,Lake Sturgeon,0,,Benthic invertivore
2007,Saint Clair,Northern Pike,0,,Piscivore
2007,Saint Clair,Quillback,11,,Benthic omnivore
2007,Saint Clair,Rock Bass and Crappie,0,,Invertivore
2007,Saint Clair,Sheepshead,5,,Benthic invertivore
2007,Saint Clair,Suckers,5,,Benthic omnivore
2007,Saint Clair,White Bass,2,,Piscivore
2007,Saint Clair,White Perch,3,,Invertivore
2007,Saint Clair,Yellow Perch,0,,Invertivore
2008,Saint Clair,Bowfin,,,Piscivore
2008,Saint Clair,Buffalo,1,,Benthic omnivore
2008,Saint Clair,Bullheads,,,Benthic omnivore
2008,Saint Clair,Carp,1,,Benthic omnivore
2008,Saint Clair,Channel Catfish,0,,Benthic omnivore
2008,Saint Clair,Lake Sturgeon,1,,Benthic invertivore
2008,Saint Clair,Northern Pike,0,,Piscivore
2008,Saint Clair,Quillback,11,,Benthic omnivore
2008,Saint Clair,Rock Bass and Crappie,0,,Invertivore
2008,Saint Clair,Sheepshead,6,,Benthic invertivore
2008,Saint Clair,Suckers,6,,Benthic omnivore
2008,Saint Clair,White Bass,4,,Piscivore
2008,Saint Clair,White Perch,4,,Invertivore
2008,Saint Clair,Yellow Perch,,,Invertivore
1867,Superior,Lake Trout,,,Piscivore
1867,Superior,Lake Whitefish,,,Benthic invertivore
1868,Superior,Lake Trout,,,Piscivore
1868,Superior,Lake Whitefish,,,Benthic invertivore
1868,Superior,Walleye,,,Piscivore
1869,Superior,Lake Trout,,,Piscivore
1869,Superior,Lake Whitefish,,,Benthic invertivore
1869,Superior,Walleye,,,Piscivore
1870,Superior,Lake Trout,,,Piscivore
1870,Superior,Lake Whitefish,,,Benthic invertivore
1870,Superior,Walleye,,,Piscivore
1871,Superior,Lake Trout,,,Piscivore
1871,Superior,Lake Whitefish,,,Benthic invertivore
1871,Superior,Walleye,,,Piscivore
1872,Superior,Lake Trout,,,Piscivore
1872,Superior,Lake Whitefish,,,Benthic invertivore
1872,Superior,Walleye,,,Piscivore
1873,Superior,Lake Trout,,,Piscivore
1873,Superior,Lake Whitefish,,,Benthic invertivore
1873,Superior,Walleye,,,Piscivore
1874,Superior,Lake Trout,,,Piscivore
1874,Superior,Lake Whitefish,,,Benthic invertivore
1874,Superior,Walleye,,,Piscivore
1875,Superior,Lake Trout,,,Piscivore
1875,Superior,Lake Whitefish,,,Benthic invertivore
1875,Superior,Walleye,,,Piscivore
1876,Superior,Lake Trout,,,Piscivore
1876,Superior,Lake Whitefish,,,Benthic invertivore
1876,Superior,Walleye,,,Piscivore
1877,Superior,Lake Trout,,,Piscivore
1877,Superior,Lake Whitefish,,,Benthic invertivore
1877,Superior,Walleye,,,Piscivore
1878,Superior,Lake Trout,,,Piscivore
1878,Superior,Lake Whitefish,,,Benthic invertivore
1878,Superior,Walleye,,,Piscivore
1879,Superior,Cisco,0,,Planktivore
1879,Superior,Cisco and chubs,0,,Planktivore
1879,Superior,Lake Trout,1653,,Piscivore
1879,Superior,Lake Whitefish,99,,Benthic invertivore
1879,Superior,Walleye,,,Piscivore
1880,Superior,Cisco,0,,Planktivore
1880,Superior,Cisco and chubs,0,,Planktivore
1880,Superior,Lake Trout,,,Piscivore
1880,Superior,Lake Whitefish,,,Benthic invertivore
1880,Superior,Walleye,,,Piscivore
1881,Superior,Cisco,0,,Planktivore
1881,Superior,Cisco and chubs,0,,Planktivore
1881,Superior,Lake Trout,,,Piscivore
1881,Superior,Lake Whitefish,,,Benthic invertivore
1881,Superior,Walleye,,,Piscivore
1882,Superior,Cisco,0,,Planktivore
1882,Superior,Cisco and chubs,0,,Planktivore
1882,Superior,Lake Trout,,,Piscivore
1882,Superior,Lake Whitefish,,,Benthic invertivore
1882,Superior,Walleye,,,Piscivore
1883,Superior,Cisco,0,,Planktivore
1883,Superior,Cisco and chubs,0,,Planktivore
1883,Superior,Lake Trout,,,Piscivore
1883,Superior,Lake Whitefish,,,Benthic invertivore
1883,Superior,Walleye,,,Piscivore
1884,Superior,Cisco,2,,Planktivore
1884,Superior,Cisco and chubs,2,,Planktivore
1884,Superior,Lake Sturgeon,0,,Benthic invertivore
1884,Superior,Lake Trout,,,Piscivore
1884,Superior,Lake Whitefish,,,Benthic invertivore
1884,Superior,Walleye,,,Piscivore
1885,Superior,Cisco,325,,Planktivore
1885,Superior,Cisco and chubs,325,,Planktivore
1885,Superior,Lake Sturgeon,225,,Benthic invertivore
1885,Superior,Lake Trout,4400,,Piscivore
1885,Superior,Lake Whitefish,5178,,Benthic invertivore
1885,Superior,Walleye,284,,Piscivore
1886,Superior,Cisco,0,,Planktivore
1886,Superior,Cisco and chubs,0,,Planktivore
1886,Superior,Lake Sturgeon,42,,Benthic invertivore
1886,Superior,Lake Trout,,,Piscivore
1886,Superior,Lake Whitefish,,,Benthic invertivore
1886,Superior,Walleye,,,Piscivore
1887,Superior,Cisco,0,,Planktivore
1887,Superior,Cisco and chubs,0,,Planktivore
1887,Superior,Lake Sturgeon,121,,Benthic invertivore
1887,Superior,Lake Trout,,,Piscivore
1887,Superior,Lake Whitefish,,,Benthic invertivore
1887,Superior,Walleye,,,Piscivore
1888,Superior,Cisco,0,,Planktivore
1888,Superior,Cisco and chubs,0,,Planktivore
1888,Superior,Lake Sturgeon,55,,Benthic invertivore
1888,Superior,Lake Trout,,,Piscivore
1888,Superior,Lake Whitefish,,,Benthic invertivore
1888,Superior,Walleye,,,Piscivore
1889,Superior,Cisco,387,,Planktivore
1889,Superior,Cisco and chubs,387,,Planktivore
1889,Superior,Lake Sturgeon,155,,Benthic invertivore
1889,Superior,Lake Trout,4388,,Piscivore
1889,Superior,Lake Whitefish,4794,,Benthic invertivore
1889,Superior,Suckers,,,Benthic omnivore
1889,Superior,Walleye,240,,Piscivore
1890,Superior,Cisco,203,,Planktivore
1890,Superior,Cisco and chubs,203,,Planktivore
1890,Superior,Lake Sturgeon,145,,Benthic invertivore
1890,Superior,Lake Trout,3305,,Piscivore
1890,Superior,Lake Whitefish,4191,,Benthic invertivore
1890,Superior,Suckers,,,Benthic omnivore
1890,Superior,Walleye,116,,Piscivore
1891,Superior,Cisco,183,,Planktivore
1891,Superior,Cisco and chubs,183,,Planktivore
1891,Superior,Lake Sturgeon,119,,Benthic invertivore
1891,Superior,Lake Trout,,,Piscivore
1891,Superior,Lake Whitefish,,,Benthic invertivore
1891,Superior,Northern Pike,3,,Piscivore
1891,Superior,Suckers,,,Benthic omnivore
1891,Superior,Walleye,,,Piscivore
1892,Superior,Cisco,443,,Planktivore
1892,Superior,Cisco and chubs,443,,Planktivore
1892,Superior,Lake Sturgeon,90,,Benthic invertivore
1892,Superior,Lake Trout,,,Piscivore
1892,Superior,Lake Whitefish,3005,,Benthic invertivore
1892,Superior,Northern Pike,1,,Piscivore
1892,Superior,Suckers,,,Benthic omnivore
1892,Superior,Walleye,,,Piscivore
1893,Superior,Chubs,0,,Planktivore
1893,Superior,Cisco,1309,,Planktivore
1893,Superior,Cisco and chubs,1309,,Planktivore
1893,Superior,Lake Sturgeon,66,,Benthic invertivore
1893,Superior,Lake Trout,5471,,Piscivore
1893,Superior,Lake Whitefish,3069,,Benthic invertivore
1893,Superior,Northern Pike,1,,Piscivore
1893,Superior,Suckers,,,Benthic omnivore
1893,Superior,Walleye,,,Piscivore
1894,Superior,Chubs,0,,Planktivore
1894,Superior,Cisco,1771,,Planktivore
1894,Superior,Cisco and chubs,1771,,Planktivore
1894,Superior,Lake Sturgeon,61,,Benthic invertivore
1894,Superior,Lake Trout,,,Piscivore
1894,Superior,Lake Whitefish,2911,,Benthic invertivore
1894,Superior,Northern Pike,,,Piscivore
1894,Superior,Suckers,,,Benthic omnivore
1894,Superior,Walleye,,,Piscivore
1895,Superior,Chubs,1200,,Planktivore
1895,Superior,Cisco,2425,,Planktivore
1895,Superior,Cisco and chubs,3625,,Planktivore
1895,Superior,Lake Sturgeon,40,,Benthic invertivore
1895,Superior,Lake Trout,,,Piscivore
1895,Superior,Lake Whitefish,2537,,Benthic invertivore
1895,Superior,Northern Pike,,,Piscivore
1895,Superior,Suckers,,,Benthic omnivore
1895,Superior,Walleye,,,Piscivore
1896,Superior,Chubs,2500,,Planktivore
1896,Superior,Cisco,2712,,Planktivore
1896,Superior,Cisco and chubs,5212,,Planktivore
1896,Superior,Lake Sturgeon,47,,Benthic invertivore
1896,Superior,Lake Trout,,,Piscivore
1896,Superior,Lake Whitefish,2658,,Benthic invertivore
1896,Superior,Northern Pike,,,Piscivore
1896,Superior,Suckers,,,Benthic omnivore
1896,Superior,Walleye,,,Piscivore
1897,Superior,Chubs,0,,Planktivore
1897,Superior,Cisco,728,,Planktivore
1897,Superior,Cisco and chubs,728,,Planktivore
1897,Superior,Lake Sturgeon,41,,Benthic invertivore
1897,Superior,Lake Trout,5337,,Piscivore
1897,Superior,Lake Whitefish,2125,,Benthic invertivore
1897,Superior,Northern Pike,1,,Piscivore
1897,Superior,Suckers,,,Benthic omnivore
1897,Superior,Walleye,100,,Piscivore
1898,Superior,Chubs,168,,Planktivore
1898,Superior,Cisco,187,,Planktivore
1898,Superior,Cisco and chubs,354,,Planktivore
1898,Superior,Lake Sturgeon,54,,Benthic invertivore
1898,Superior,Lake Trout,,,Piscivore
1898,Superior,Lake Whitefish,,,Benthic invertivore
1898,Superior,Northern Pike,12,,Piscivore
1898,Superior,Suckers,,,Benthic omnivore
1898,Superior,Walleye,,,Piscivore
1899,Superior,Chubs,336,,Planktivore
1899,Superior,Cisco,1318,,Planktivore
1899,Superior,Cisco and chubs,1654,,Planktivore
1899,Superior,Lake Sturgeon,21,,Benthic invertivore
1899,Superior,Lake Trout,5808,,Piscivore
1899,Superior,Lake Whitefish,1756,,Benthic invertivore
1899,Superior,Northern Pike,28,,Piscivore
1899,Superior,Suckers,,,Benthic omnivore
1899,Superior,Walleye,49,,Piscivore
1900,Superior,Chubs,114,,Planktivore
1900,Superior,Cisco,246,,Planktivore
1900,Superior,Cisco and chubs,359,,Planktivore
1900,Superior,Lake Sturgeon,24,,Benthic invertivore
1900,Superior,Lake Trout,,,Piscivore
1900,Superior,Lake Whitefish,,,Benthic invertivore
1900,Superior,Northern Pike,6,,Piscivore
1900,Superior,Suckers,,,Benthic omnivore
1900,Superior,Walleye,,,Piscivore
1901,Superior,Chubs,523,,Planktivore
1901,Superior,Cisco,396,,Planktivore
1901,Superior,Cisco and chubs,919,,Planktivore
1901,Superior,Lake Sturgeon,12,,Benthic invertivore
1901,Superior,Lake Trout,,,Piscivore
1901,Superior,Lake Whitefish,,,Benthic invertivore
1901,Superior,Northern Pike,3,,Piscivore
1901,Superior,Suckers,,,Benthic omnivore
1901,Superior,Walleye,,,Piscivore
1902,Superior,Chubs,661,,Planktivore
1902,Superior,Cisco,295,,Planktivore
1902,Superior,Cisco and chubs,956,,Planktivore
1902,Superior,Lake Sturgeon,29,,Benthic invertivore
1902,Superior,Lake Trout,,,Piscivore
1902,Superior,Lake Whitefish,,,Benthic invertivore
1902,Superior,Northern Pike,2,,Piscivore
1902,Superior,Suckers,,,Benthic omnivore
1902,Superior,Walleye,,,Piscivore
1903,Superior,Chubs,2255,,Planktivore
1903,Superior,Cisco,4527,,Planktivore
1903,Superior,Cisco and chubs,6782,,Planktivore
1903,Superior,Lake Sturgeon,23,,Benthic invertivore
1903,Superior,Lake Trout,7352,,Piscivore
1903,Superior,Lake Whitefish,1901,,Benthic invertivore
1903,Superior,Northern Pike,15,,Piscivore
1903,Superior,Round Whitefish,,,Benthic invertivore
1903,Superior,Suckers,,,Benthic omnivore
1903,Superior,Walleye,130,,Piscivore
1904,Superior,Chubs,1443,,Planktivore
1904,Superior,Cisco,350,,Planktivore
1904,Superior,Cisco and chubs,1793,,Planktivore
1904,Superior,Lake Sturgeon,7,,Benthic invertivore
1904,Superior,Lake Trout,,,Piscivore
1904,Superior,Lake Whitefish,,,Benthic invertivore
1904,Superior,Northern Pike,1,,Piscivore
1904,Superior,Round Whitefish,,,Benthic invertivore
1904,Superior,Suckers,,,Benthic omnivore
1904,Superior,Walleye,,,Piscivore
1905,Superior,Chubs,873,,Planktivore
1905,Superior,Cisco,335,,Planktivore
1905,Superior,Cisco and chubs,1208,,Planktivore
1905,Superior,Lake Sturgeon,5,,Benthic invertivore
1905,Superior,Lake Trout,,,Piscivore
1905,Superior,Lake Whitefish,,,Benthic invertivore
1905,Superior,Northern Pike,0,,Piscivore
1905,Superior,Round Whitefish,,,Benthic invertivore
1905,Superior,Suckers,,,Benthic omnivore
1905,Superior,Walleye,,,Piscivore
1906,Superior,Chubs,869,,Planktivore
1906,Superior,Cisco,818,,Planktivore
1906,Superior,Cisco and chubs,1687,,Planktivore
1906,Superior,Lake Sturgeon,7,,Benthic invertivore
1906,Superior,Lake Trout,,,Piscivore
1906,Superior,Lake Whitefish,,,Benthic invertivore
1906,Superior,Northern Pike,2,,Piscivore
1906,Superior,Round Whitefish,,,Benthic invertivore
1906,Superior,Suckers,,,Benthic omnivore
1906,Superior,Walleye,,,Piscivore
1907,Superior,Chubs,610,,Planktivore
1907,Superior,Cisco,2916,,Planktivore
1907,Superior,Cisco and chubs,3526,,Planktivore
1907,Superior,Lake Sturgeon,6,,Benthic invertivore
1907,Superior,Lake Trout,,,Piscivore
1907,Superior,Lake Whitefish,,,Benthic invertivore
1907,Superior,Northern Pike,3,,Piscivore
1907,Superior,Round Whitefish,,,Benthic invertivore
1907,Superior,Suckers,,,Benthic omnivore
1907,Superior,Walleye,,,Piscivore
1908,Superior,Chubs,628,,Planktivore
1908,Superior,Cisco,5057,,Planktivore
1908,Superior,Cisco and chubs,5685,,Planktivore
1908,Superior,Lake Sturgeon,18,,Benthic invertivore
1908,Superior,Lake Trout,4871,,Piscivore
1908,Superior,Lake Whitefish,1305,,Benthic invertivore
1908,Superior,Northern Pike,93,,Piscivore
1908,Superior,Round Whitefish,,,Benthic invertivore
1908,Superior,Suckers,,,Benthic omnivore
1908,Superior,Walleye,218,,Piscivore
1909,Superior,Chubs,6,,Planktivore
1909,Superior,Cisco,2670,,Planktivore
1909,Superior,Cisco and chubs,2678,,Planktivore
1909,Superior,Lake Sturgeon,3,,Benthic invertivore
1909,Superior,Lake Trout,,,Piscivore
1909,Superior,Lake Whitefish,,,Benthic invertivore
1909,Superior,Northern Pike,57,,Piscivore
1909,Superior,Round Whitefish,,,Benthic invertivore
1909,Superior,Suckers,,,Benthic omnivore
1909,Superior,Walleye,,,Piscivore
1910,Superior,Chubs,9,,Planktivore
1910,Superior,Cisco,2242,,Planktivore
1910,Superior,Cisco and chubs,2251,,Planktivore
1910,Superior,Lake Sturgeon,10,,Benthic invertivore
1910,Superior,Lake Trout,,,Piscivore
1910,Superior,Lake Whitefish,,,Benthic invertivore
1910,Superior,Northern Pike,6,,Piscivore
1910,Superior,Round Whitefish,,,Benthic invertivore
1910,Superior,Suckers,,,Benthic omnivore
1910,Superior,Walleye,,,Piscivore
1911,Superior,Chubs,16,,Planktivore
1911,Superior,Cisco,2706,,Planktivore
1911,Superior,Cisco and chubs,2632,,Planktivore
1911,Superior,Lake Sturgeon,8,,Benthic invertivore
1911,Superior,Lake Trout,,,Piscivore
1911,Superior,Lake Whitefish,835,,Benthic invertivore
1911,Superior,Northern Pike,58,,Piscivore
1911,Superior,Round Whitefish,,,Benthic invertivore
1911,Superior,Suckers,,,Benthic omnivore
1911,Superior,Walleye,119,,Piscivore
1912,Superior,Chubs,4,,Planktivore
1912,Superior,Cisco,5186,,Planktivore
1912,Superior,Cisco and chubs,5189,,Planktivore
1912,Superior,Lake Sturgeon,6,,Benthic invertivore
1912,Superior,Lake Trout,,,Piscivore
1912,Superior,Lake Whitefish,947,,Benthic invertivore
1912,Superior,Northern Pike,17,,Piscivore
1912,Superior,Round Whitefish,,,Benthic invertivore
1912,Superior,Suckers,,,Benthic omnivore
1912,Superior,Walleye,156,,Piscivore
1913,Superior,Chubs,58,,Planktivore
1913,Superior,Cisco,7121,,Planktivore
1913,Superior,Cisco and chubs,7180,,Planktivore
1913,Superior,Lake Sturgeon,6,,Benthic invertivore
1913,Superior,Lake Trout,4228,,Piscivore
1913,Superior,Lake Whitefish,470,,Benthic invertivore
1913,Superior,Northern Pike,6,,Piscivore
1913,Superior,Round Whitefish,,,Benthic invertivore
1913,Superior,Suckers,,,Benthic omnivore
1913,Superior,Walleye,88,,Piscivore
1914,Superior,Chubs,39,,Planktivore
1914,Superior,Cisco,10949,,Planktivore
1914,Superior,Cisco and chubs,10989,,Planktivore
1914,Superior,Lake Sturgeon,12,,Benthic invertivore
1914,Superior,Lake Trout,3252,,Piscivore
1914,Superior,Lake Whitefish,752,,Benthic invertivore
1914,Superior,Northern Pike,201,,Piscivore
1914,Superior,Round Whitefish,,,Benthic invertivore
1914,Superior,Suckers,,,Benthic omnivore
1914,Superior,Walleye,189,,Piscivore
1915,Superior,Chubs,100,,Planktivore
1915,Superior,Cisco,10155,,Planktivore
1915,Superior,Cisco and chubs,10255,,Planktivore
1915,Superior,Lake Sturgeon,21,,Benthic invertivore
1915,Superior,Lake Trout,4983,,Piscivore
1915,Superior,Lake Whitefish,1522,,Benthic invertivore
1915,Superior,Northern Pike,68,,Piscivore
1915,Superior,Round Whitefish,,,Benthic invertivore
1915,Superior,Suckers,,,Benthic omnivore
1915,Superior,Walleye,250,,Piscivore
1916,Superior,Chubs,146,,Planktivore
1916,Superior,Cisco,8461,,Planktivore
1916,Superior,Cisco and chubs,8609,,Planktivore
1916,Superior,Lake Sturgeon,3,,Benthic invertivore
1916,Superior,Lake Trout,3700,,Piscivore
1916,Superior,Lake Whitefish,638,,Benthic invertivore
1916,Superior,Northern Pike,22,,Piscivore
1916,Superior,Round Whitefish,,,Benthic invertivore
1916,Superior,Suckers,,,Benthic omnivore
1916,Superior,Walleye,117,,Piscivore
1917,Superior,Chubs,185,,Planktivore
1917,Superior,Cisco,9982,,Planktivore
1917,Superior,Cisco and chubs,10168,,Planktivore
1917,Superior,Lake Sturgeon,5,,Benthic invertivore
1917,Superior,Lake Trout,3794,,Piscivore
1917,Superior,Lake Whitefish,709,,Benthic invertivore
1917,Superior,Northern Pike,24,,Piscivore
1917,Superior,Round Whitefish,,,Benthic invertivore
1917,Superior,Suckers,,,Benthic omnivore
1917,Superior,Walleye,95,,Piscivore
1918,Superior,Chubs,202,,Planktivore
1918,Superior,Cisco,12116,,Planktivore
1918,Superior,Cisco and chubs,12319,,Planktivore
1918,Superior,Lake Sturgeon,2,,Benthic invertivore
1918,Superior,Lake Trout,4645,,Piscivore
1918,Superior,Lake Whitefish,955,,Benthic invertivore
1918,Superior,Northern Pike,16,,Piscivore
1918,Superior,Round Whitefish,,,Benthic invertivore
1918,Superior,Suckers,,,Benthic omnivore
1918,Superior,Walleye,114,,Piscivore
1919,Superior,Chubs,74,,Planktivore
1919,Superior,Cisco,8398,,Planktivore
1919,Superior,Cisco and chubs,8473,,Planktivore
1919,Superior,Lake Sturgeon,7,,Benthic invertivore
1919,Superior,Lake Trout,4935,,Piscivore
1919,Superior,Lake Whitefish,606,,Benthic invertivore
1919,Superior,Northern Pike,26,,Piscivore
1919,Superior,Round Whitefish,,,Benthic invertivore
1919,Superior,Suckers,,,Benthic omnivore
1919,Superior,Walleye,118,,Piscivore
1920,Superior,Chubs,106,,Planktivore
1920,Superior,Cisco,8281,,Planktivore
1920,Superior,Cisco and chubs,8388,,Planktivore
1920,Superior,Lake Sturgeon,10,,Benthic invertivore
1920,Superior,Lake Trout,3123,,Piscivore
1920,Superior,Lake Whitefish,524,,Benthic invertivore
1920,Superior,Northern Pike,20,,Piscivore
1920,Superior,Round Whitefish,,,Benthic invertivore
1920,Superior,Suckers,,,Benthic omnivore
1920,Superior,Walleye,101,,Piscivore
1921,Superior,Chubs,80,,Planktivore
1921,Superior,Cisco,5430,,Planktivore
1921,Superior,Cisco and chubs,5510,,Planktivore
1921,Superior,Lake Sturgeon,6,,Benthic invertivore
1921,Superior,Lake Trout,3300,,Piscivore
1921,Superior,Lake Whitefish,585,,Benthic invertivore
1921,Superior,Northern Pike,115,,Piscivore
1921,Superior,Round Whitefish,,,Benthic invertivore
1921,Superior,Suckers,,,Benthic omnivore
1921,Superior,Walleye,146,,Piscivore
1922,Superior,Chubs,162,,Planktivore
1922,Superior,Cisco,4178,,Planktivore
1922,Superior,Cisco and chubs,4341,,Planktivore
1922,Superior,Lake Sturgeon,11,,Benthic invertivore
1922,Superior,Lake Trout,3660,,Piscivore
1922,Superior,Lake Whitefish,606,,Benthic invertivore
1922,Superior,Northern Pike,31,,Piscivore
1922,Superior,Round Whitefish,,,Benthic invertivore
1922,Superior,Suckers,,,Benthic omnivore
1922,Superior,Walleye,122,,Piscivore
1923,Superior,Chubs,98,,Planktivore
1923,Superior,Cisco,6230,,Planktivore
1923,Superior,Cisco and chubs,6329,,Planktivore
1923,Superior,Lake Sturgeon,28,,Benthic invertivore
1923,Superior,Lake Trout,3859,,Piscivore
1923,Superior,Lake Whitefish,1412,,Benthic invertivore
1923,Superior,Northern Pike,33,,Piscivore
1923,Superior,Round Whitefish,,,Benthic invertivore
1923,Superior,Suckers,,,Benthic omnivore
1923,Superior,Walleye,181,,Piscivore
1924,Superior,Chubs,81,,Planktivore
1924,Superior,Cisco,7187,,Planktivore
1924,Superior,Cisco and chubs,7267,,Planktivore
1924,Superior,Lake Sturgeon,8,,Benthic invertivore
1924,Superior,Lake Trout,4276,,Piscivore
1924,Superior,Lake Whitefish,519,,Benthic invertivore
1924,Superior,Northern Pike,104,,Piscivore
1924,Superior,Round Whitefish,,,Benthic invertivore
1924,Superior,Suckers,,,Benthic omnivore
1924,Superior,Walleye,104,,Piscivore
1925,Superior,Chubs,55,,Planktivore
1925,Superior,Cisco,9794,,Planktivore
1925,Superior,Cisco and chubs,10149,,Planktivore
1925,Superior,Lake Sturgeon,3,,Benthic invertivore
1925,Superior,Lake Trout,4522,,Piscivore
1925,Superior,Lake Whitefish,594,,Benthic invertivore
1925,Superior,Northern Pike,19,,Piscivore
1925,Superior,Round Whitefish,,,Benthic invertivore
1925,Superior,Suckers,,,Benthic omnivore
1925,Superior,Walleye,112,,Piscivore
1926,Superior,Chubs,614,,Planktivore
1926,Superior,Cisco,10554,,Planktivore
1926,Superior,Cisco and chubs,11168,,Planktivore
1926,Superior,Lake Sturgeon,1,,Benthic invertivore
1926,Superior,Lake Trout,5246,,Piscivore
1926,Superior,Lake Whitefish,596,,Benthic invertivore
1926,Superior,Northern Pike,12,,Piscivore
1926,Superior,Round Whitefish,,,Benthic invertivore
1926,Superior,Suckers,,,Benthic omnivore
1926,Superior,Walleye,121,,Piscivore
1927,Superior,Chubs,878,,Planktivore
1927,Superior,Cisco,13089,,Planktivore
1927,Superior,Cisco and chubs,13966,,Planktivore
1927,Superior,Lake Sturgeon,0,,Benthic invertivore
1927,Superior,Lake Trout,5249,,Piscivore
1927,Superior,Lake Whitefish,665,,Benthic invertivore
1927,Superior,Northern Pike,14,,Piscivore
1927,Superior,Round Whitefish,,,Benthic invertivore
1927,Superior,Suckers,,,Benthic omnivore
1927,Superior,Walleye,104,,Piscivore
1928,Superior,Chubs,534,,Planktivore
1928,Superior,Cisco,11937,,Planktivore
1928,Superior,Cisco and chubs,12470,,Planktivore
1928,Superior,Lake Sturgeon,1,US (all): Commercial fishing for Lake Sturgeon prohibited in Michigan waters from 1928-1950 and in Wisconsin and Minnesota waters since 1928.,Benthic invertivore
1928,Superior,Lake Trout,4876,,Piscivore
1928,Superior,Lake Whitefish,613,,Benthic invertivore
1928,Superior,Northern Pike,20,,Piscivore
1928,Superior,Round Whitefish,,,Benthic invertivore
1928,Superior,Suckers,,,Benthic omnivore
1928,Superior,Walleye,142,,Piscivore
1929,Superior,Chubs,576,,Planktivore
1929,Superior,Cisco,15241,,Planktivore
1929,Superior,Cisco and chubs,15817,,Planktivore
1929,Superior,Lake Sturgeon,1,,Benthic invertivore
1929,Superior,Lake Trout,4551,,Piscivore
1929,Superior,Lake Whitefish,555,,Benthic invertivore
1929,Superior,Northern Pike,25,,Piscivore
1929,Superior,Round Whitefish,,,Benthic invertivore
1929,Superior,Suckers,,,Benthic omnivore
1929,Superior,Walleye,115,,Piscivore
1930,Superior,Chubs,524,,Planktivore
1930,Superior,Cisco,14159,,Planktivore
1930,Superior,Cisco and chubs,14682,,Planktivore
1930,Superior,Lake Sturgeon,3,,Benthic invertivore
1930,Superior,Lake Trout,4019,,Piscivore
1930,Superior,Lake Whitefish,623,,Benthic invertivore
1930,Superior,Northern Pike,22,,Piscivore
1930,Superior,Round Whitefish,,,Benthic invertivore
1930,Superior,Suckers,,,Benthic omnivore
1930,Superior,Walleye,88,,Piscivore
1931,Superior,Chubs,673,,Planktivore
1931,Superior,Cisco,8285,,Planktivore
1931,Superior,Cisco and chubs,8959,,Planktivore
1931,Superior,Lake Sturgeon,5,,Benthic invertivore
1931,Superior,Lake Trout,4320,,Piscivore
1931,Superior,Lake Whitefish,730,,Benthic invertivore
1931,Superior,Northern Pike,23,,Piscivore
1931,Superior,Round Whitefish,,,Benthic invertivore
1931,Superior,Suckers,,,Benthic omnivore
1931,Superior,Walleye,128,,Piscivore
1932,Superior,Chubs,403,,Planktivore
1932,Superior,Cisco,7003,,Planktivore
1932,Superior,Cisco and chubs,7407,,Planktivore
1932,Superior,Lake Sturgeon,3,,Benthic invertivore
1932,Superior,Lake Trout,4191,,Piscivore
1932,Superior,Lake Whitefish,678,,Benthic invertivore
1932,Superior,Northern Pike,79,,Piscivore
1932,Superior,Round Whitefish,,,Benthic invertivore
1932,Superior,Suckers,,,Benthic omnivore
1932,Superior,Walleye,,,Piscivore
1933,Superior,Chubs,524,,Planktivore
1933,Superior,Cisco,8558,,Planktivore
1933,Superior,Cisco and chubs,9082,,Planktivore
1933,Superior,Lake Sturgeon,4,,Benthic invertivore
1933,Superior,Lake Trout,3461,,Piscivore
1933,Superior,Lake Whitefish,765,,Benthic invertivore
1933,Superior,Northern Pike,25,,Piscivore
1933,Superior,Round Whitefish,,,Benthic invertivore
1933,Superior,Suckers,,,Benthic omnivore
1933,Superior,Walleye,115,,Piscivore
1934,Superior,Chubs,520,,Planktivore
1934,Superior,Cisco,15173,,Planktivore
1934,Superior,Cisco and chubs,15692,,Planktivore
1934,Superior,Lake Sturgeon,1,,Benthic invertivore
1934,Superior,Lake Trout,4635,,Piscivore
1934,Superior,Lake Whitefish,784,,Benthic invertivore
1934,Superior,Northern Pike,12,,Piscivore
1934,Superior,Round Whitefish,,,Benthic invertivore
1934,Superior,Suckers,,,Benthic omnivore
1934,Superior,Walleye,92,,Piscivore
1935,Superior,Chubs,473,,Planktivore
1935,Superior,Cisco,14621,,Planktivore
1935,Superior,Cisco and chubs,15095,,Planktivore
1935,Superior,Lake Sturgeon,0,,Benthic invertivore
1935,Superior,Lake Trout,4995,,Piscivore
1935,Superior,Lake Whitefish,890,,Benthic invertivore
1935,Superior,Northern Pike,16,,Piscivore
1935,Superior,Rainbow Smelt,,,Planktivore
1935,Superior,Round Whitefish,,,Benthic invertivore
1935,Superior,Suckers,,,Benthic omnivore
1935,Superior,Walleye,92,,Piscivore
1936,Superior,Chubs,356,,Planktivore
1936,Superior,Cisco,14545,,Planktivore
1936,Superior,Cisco and chubs,14901,,Planktivore
1936,Superior,Lake Sturgeon,1,,Benthic invertivore
1936,Superior,Lake Trout,4829,,Piscivore
1936,Superior,Lake Whitefish,694,,Benthic invertivore
1936,Superior,Northern Pike,30,,Piscivore
1936,Superior,Rainbow Smelt,,,Planktivore
1936,Superior,Round Whitefish,,,Benthic invertivore
1936,Superior,Suckers,,,Benthic omnivore
1936,Superior,Walleye,,,Piscivore
1937,Superior,Chubs,274,,Planktivore
1937,Superior,Cisco,14162,,Planktivore
1937,Superior,Cisco and chubs,14437,,Planktivore
1937,Superior,Lake Sturgeon,2,,Benthic invertivore
1937,Superior,Lake Trout,4784,,Piscivore
1937,Superior,Lake Whitefish,665,,Benthic invertivore
1937,Superior,Northern Pike,31,,Piscivore
1937,Superior,Rainbow Smelt,,,Planktivore
1937,Superior,Round Whitefish,,,Benthic invertivore
1937,Superior,Suckers,,,Benthic omnivore
1937,Superior,Walleye,,,Piscivore
1938,Superior,Chubs,256,,Planktivore
1938,Superior,Cisco,12511,,Planktivore
1938,Superior,Cisco and chubs,12767,,Planktivore
1938,Superior,Lake Sturgeon,3,,Benthic invertivore
1938,Superior,Lake Trout,4835,,Piscivore
1938,Superior,Lake Whitefish,768,,Benthic invertivore
1938,Superior,Northern Pike,13,,Piscivore
1938,Superior,Rainbow Smelt,,,Planktivore
1938,Superior,Round Whitefish,,,Benthic invertivore
1938,Superior,Suckers,,,Benthic omnivore
1938,Superior,Walleye,135,,Piscivore
1939,Superior,Chubs,240,,Planktivore
1939,Superior,Cisco,14501,,Planktivore
1939,Superior,Cisco and chubs,14742,,Planktivore
1939,Superior,Lake Sturgeon,3,,Benthic invertivore
1939,Superior,Lake Trout,4052,,Piscivore
1939,Superior,Lake Whitefish,837,,Benthic invertivore
1939,Superior,Northern Pike,13,,Piscivore
1939,Superior,Rainbow Smelt,,,Planktivore
1939,Superior,Round Whitefish,,,Benthic invertivore
1939,Superior,Suckers,,,Benthic omnivore
1939,Superior,Walleye,143,,Piscivore
1940,Superior,Chubs,615,,Planktivore
1940,Superior,Cisco,17704,,Planktivore
1940,Superior,Cisco and chubs,18560,,Planktivore
1940,Superior,Lake Sturgeon,4,,Benthic invertivore
1940,Superior,Lake Trout,3956,,Piscivore
1940,Superior,Lake Whitefish,1078,,Benthic invertivore
1940,Superior,Northern Pike,8,MI: Commercial fishing for Northern Pike prohibited in Michigan waters.,Piscivore
1940,Superior,Rainbow Smelt,,,Planktivore
1940,Superior,Round Whitefish,,,Benthic invertivore
1940,Superior,Suckers,,,Benthic omnivore
1940,Superior,Walleye,,WI: Commercial fishing for Walleye prohibited in Wisconsin waters during the period 1940-1942 and since 1956.,Piscivore
1941,Superior,Chubs,598,,Planktivore
1941,Superior,Cisco,19271,,Planktivore
1941,Superior,Lake Sturgeon,2,,Benthic invertivore
1941,Superior,Lake Trout,4153,,Piscivore
1941,Superior,Lake Whitefish,1043,,Benthic invertivore
1941,Superior,Northern Pike,10,MI: Commercial fishing for Northern Pike prohibited in Michigan waters.,Piscivore
1941,Superior,Rainbow Smelt,,,Planktivore
1941,Superior,Round Whitefish,,,Benthic invertivore
1941,Superior,Suckers,,,Benthic omnivore
1941,Superior,Walleye,,,Piscivore
1942,Superior,Chubs,512,,Planktivore
1942,Superior,Cisco,16238,,Planktivore
1942,Superior,Lake Sturgeon,2,,Benthic invertivore
1942,Superior,Lake Trout,4320,,Piscivore
1942,Superior,Lake Whitefish,1071,,Benthic invertivore
1942,Superior,Northern Pike,19,MI: Commercial fishing for Northern Pike prohibited in Michigan waters.,Piscivore
1942,Superior,Rainbow Smelt,,,Planktivore
1942,Superior,Round Whitefish,,,Benthic invertivore
1942,Superior,Suckers,,,Benthic omnivore
1942,Superior,Walleye,,,Piscivore
1943,Superior,Chubs,483,,Planktivore
1943,Superior,Cisco,15083,,Planktivore
1943,Superior,Lake Sturgeon,2,,Benthic invertivore
1943,Superior,Lake Trout,4377,,Piscivore
1943,Superior,Lake Whitefish,1068,,Benthic invertivore
1943,Superior,Northern Pike,23,MI: Commercial fishing for Northern Pike prohibited in Michigan waters.,Piscivore
1943,Superior,Rainbow Smelt,,,Planktivore
1943,Superior,Round Whitefish,,,Benthic invertivore
1943,Superior,Suckers,,,Benthic omnivore
1943,Superior,Walleye,224,,Piscivore
1944,Superior,Chubs,422,,Planktivore
1944,Superior,Cisco,15708,,Planktivore
1944,Superior,Lake Sturgeon,1,,Benthic invertivore
1944,Superior,Lake Trout,5292,,Piscivore
1944,Superior,Lake Whitefish,1066,,Benthic invertivore
1944,Superior,Northern Pike,10,MI: Commercial fishing for Northern Pike prohibited in Michigan waters.,Piscivore
1944,Superior,Rainbow Smelt,,,Planktivore
1944,Superior,Round Whitefish,,,Benthic invertivore
1944,Superior,Suckers,,,Benthic omnivore
1944,Superior,Walleye,133,,Piscivore
1945,Superior,Chubs,313,,Planktivore
1945,Superior,Cisco,15753,,Planktivore
1945,Superior,Lake Sturgeon,1,,Benthic invertivore
1945,Superior,Lake Trout,4847,,Piscivore
1945,Superior,Lake Whitefish,1076,,Benthic invertivore
1945,Superior,Northern Pike,9,MI: Commercial fishing for Northern Pike prohibited in Michigan waters.,Piscivore
1945,Superior,Rainbow Smelt,,,Planktivore
1945,Superior,Round Whitefish,,,Benthic invertivore
1945,Superior,Suckers,,,Benthic omnivore
1945,Superior,Walleye,127,,Piscivore
1946,Superior,Chubs,389,,Planktivore
1946,Superior,Cisco,14653,,Planktivore
1946,Superior,Lake Sturgeon,2,,Benthic invertivore
1946,Superior,Lake Trout,4975,,Piscivore
1946,Superior,Lake Whitefish,1190,,Benthic invertivore
1946,Superior,Northern Pike,9,MI: Commercial fishing for Northern Pike prohibited in Michigan waters.,Piscivore
1946,Superior,Rainbow Smelt,,,Planktivore
1946,Superior,Round Whitefish,,,Benthic invertivore
1946,Superior,Suckers,,,Benthic omnivore
1946,Superior,Walleye,159,,Piscivore
1947,Superior,Chubs,182,,Planktivore
1947,Superior,Cisco,11825,,Planktivore
1947,Superior,Lake Sturgeon,1,,Benthic invertivore
1947,Superior,Lake Trout,4250,,Piscivore
1947,Superior,Lake Whitefish,1197,,Benthic invertivore
1947,Superior,Northern Pike,5,MI: Commercial fishing for Northern Pike prohibited in Michigan waters.,Piscivore
1947,Superior,Rainbow Smelt,,,Planktivore
1947,Superior,Round Whitefish,,,Benthic invertivore
1947,Superior,Suckers,,,Benthic omnivore
1947,Superior,Walleye,180,,Piscivore
1948,Superior,Chubs,240,,Planktivore
1948,Superior,Cisco,15990,,Planktivore
1948,Superior,Lake Sturgeon,1,,Benthic invertivore
1948,Superior,Lake Trout,4401,,Piscivore
1948,Superior,Lake Whitefish,1507,,Benthic invertivore
1948,Superior,Northern Pike,7,,Piscivore
1948,Superior,Rainbow Smelt,,,Planktivore
1948,Superior,Round Whitefish,,,Benthic invertivore
1948,Superior,Suckers,,,Benthic omnivore
1948,Superior,Walleye,152,,Piscivore
1949,Superior,Chubs,175,,Planktivore
1949,Superior,Cisco,14459,,Planktivore
1949,Superior,Lake Sturgeon,1,,Benthic invertivore
1949,Superior,Lake Trout,4321,,Piscivore
1949,Superior,Lake Whitefish,1561,,Benthic invertivore
1949,Superior,Northern Pike,3,,Piscivore
1949,Superior,Rainbow Smelt,,,Planktivore
1949,Superior,Round Whitefish,,,Benthic invertivore
1949,Superior,Suckers,,,Benthic omnivore
1949,Superior,Walleye,152,,Piscivore
1950,Superior,Chubs,58,,Planktivore
1950,Superior,Cisco,8662,,Planktivore
1950,Superior,Lake Sturgeon,1,,Benthic invertivore
1950,Superior,Lake Trout,4699,"WI, US Totals, GTotals 1950: Amounts differ form those published previously which included small catches of brown Lake Troutt",Piscivore
1950,Superior,Lake Whitefish,1381,,Benthic invertivore
1950,Superior,Northern Pike,2,,Piscivore
1950,Superior,Rainbow Smelt,,,Planktivore
1950,Superior,Round Whitefish,,,Benthic invertivore
1950,Superior,Suckers,,,Benthic omnivore
1950,Superior,Walleye,178,,Piscivore
1951,Superior,Chubs,119,,Planktivore
1951,Superior,Cisco,11188,,Planktivore
1951,Superior,Lake Sturgeon,2,,Benthic invertivore
1951,Superior,Lake Trout,4184,"WI, US Totals, GTotals 1951: Amounts differ form those published previously which included small catches of brown Lake Troutt",Piscivore
1951,Superior,Lake Whitefish,782,,Benthic invertivore
1951,Superior,Northern Pike,8,,Piscivore
1951,Superior,Rainbow Smelt,,,Planktivore
1951,Superior,Round Whitefish,,,Benthic invertivore
1951,Superior,Suckers,,,Benthic omnivore
1951,Superior,Walleye,223,,Piscivore
1952,Superior,Chubs,185,,Planktivore
1952,Superior,Cisco,13014,,Planktivore
1952,Superior,Lake Sturgeon,2,,Benthic invertivore
1952,Superior,Lake Trout,4227,,Piscivore
1952,Superior,Lake Whitefish,619,,Benthic invertivore
1952,Superior,Northern Pike,3,,Piscivore
1952,Superior,Rainbow Smelt,45,,Planktivore
1952,Superior,Round Whitefish,21,,Benthic invertivore
1952,Superior,Sauger,124,"US:  Catches in United States waters were minor, not exceeding 500 pounds, except in 1966 when 4,000 pounds were taken from Michigan waters.",Piscivore
1952,Superior,Suckers,139,,Benthic omnivore
1952,Superior,Walleye,175,,Piscivore
1953,Superior,Chubs,157,,Planktivore
1953,Superior,Cisco,11183,,Planktivore
1953,Superior,Lake Sturgeon,4,,Benthic invertivore
1953,Superior,Lake Trout,3784,,Piscivore
1953,Superior,Lake Whitefish,888,,Benthic invertivore
1953,Superior,Northern Pike,5,,Piscivore
1953,Superior,Rainbow Smelt,21,,Planktivore
1953,Superior,Round Whitefish,14,,Benthic invertivore
1953,Superior,Sauger,38,,Piscivore
1953,Superior,Suckers,109,,Benthic omnivore
1953,Superior,Walleye,174,,Piscivore
1954,Superior,Chubs,273,,Planktivore
1954,Superior,Cisco,12742,,Planktivore
1954,Superior,Lake Sturgeon,5,,Benthic invertivore
1954,Superior,Lake Trout,3522,,Piscivore
1954,Superior,Lake Whitefish,1333,,Benthic invertivore
1954,Superior,Northern Pike,6,,Piscivore
1954,Superior,Rainbow Smelt,25,,Planktivore
1954,Superior,Round Whitefish,16,,Benthic invertivore
1954,Superior,Sauger,72,,Piscivore
1954,Superior,Suckers,103,,Benthic omnivore
1954,Superior,Walleye,157,,Piscivore
1955,Superior,Chubs,466,,Planktivore
1955,Superior,Cisco,10842,,Planktivore
1955,Superior,Lake Sturgeon,6,,Benthic invertivore
1955,Superior,Lake Trout,3104,,Piscivore
1955,Superior,Lake Whitefish,1258,,Benthic invertivore
1955,Superior,Northern Pike,3,,Piscivore
1955,Superior,Rainbow Smelt,74,,Planktivore
1955,Superior,Round Whitefish,28,,Benthic invertivore
1955,Superior,Sauger,49,,Piscivore
1955,Superior,Suckers,113,,Benthic omnivore
1955,Superior,Walleye,152,,Piscivore
1956,Superior,Chubs,328,,Planktivore
1956,Superior,Cisco,11298,,Planktivore
1956,Superior,Lake Sturgeon,3,,Benthic invertivore
1956,Superior,Lake Trout,2339,,Piscivore
1956,Superior,Lake Whitefish,1221,,Benthic invertivore
1956,Superior,Northern Pike,3,,Piscivore
1956,Superior,Rainbow Smelt,121,,Planktivore
1956,Superior,Round Whitefish,29,,Benthic invertivore
1956,Superior,Sauger,69,,Piscivore
1956,Superior,Suckers,75,,Benthic omnivore
1956,Superior,Walleye,187,WI: Commercial fishing for Walleye prohibited in Wisconsin waters during the period 1940-1942 and since 1956.,Piscivore
1957,Superior,Chubs,414,,Planktivore
1957,Superior,Cisco,13052,,Planktivore
1957,Superior,Lake Sturgeon,6,,Benthic invertivore
1957,Superior,Lake Trout,1429,,Piscivore
1957,Superior,Lake Whitefish,810,,Benthic invertivore
1957,Superior,Northern Pike,3,,Piscivore
1957,Superior,Rainbow Smelt,139,,Planktivore
1957,Superior,Round Whitefish,42,,Benthic invertivore
1957,Superior,Sauger,57,,Piscivore
1957,Superior,Suckers,76,,Benthic omnivore
1957,Superior,Walleye,217,,Piscivore
1958,Superior,Chubs,1307,,Planktivore
1958,Superior,Cisco,11960,,Planktivore
1958,Superior,Lake Sturgeon,6,,Benthic invertivore
1958,Superior,Lake Trout,1425,,Piscivore
1958,Superior,Lake Whitefish,595,,Benthic invertivore
1958,Superior,Northern Pike,4,,Piscivore
1958,Superior,Rainbow Smelt,332,,Planktivore
1958,Superior,Round Whitefish,60,,Benthic invertivore
1958,Superior,Sauger,100,,Piscivore
1958,Superior,Suckers,82,,Benthic omnivore
1958,Superior,Walleye,164,,Piscivore
1959,Superior,Chubs,1381,,Planktivore
1959,Superior,Cisco,14345,,Planktivore
1959,Superior,Lake Sturgeon,5,,Benthic invertivore
1959,Superior,Lake Trout,1106,,Piscivore
1959,Superior,Lake Whitefish,592,,Benthic invertivore
1959,Superior,Northern Pike,3,,Piscivore
1959,Superior,Rainbow Smelt,802,,Planktivore
1959,Superior,Round Whitefish,86,,Benthic invertivore
1959,Superior,Sauger,68,,Piscivore
1959,Superior,Suckers,102,,Benthic omnivore
1959,Superior,Walleye,272,,Piscivore
1960,Superior,Chubs,1361,,Planktivore
1960,Superior,Cisco,13028,,Planktivore
1960,Superior,Lake Sturgeon,11,,Benthic invertivore
1960,Superior,Lake Trout,502,,Piscivore
1960,Superior,Lake Whitefish,383,,Benthic invertivore
1960,Superior,Northern Pike,3,,Piscivore
1960,Superior,Rainbow Smelt,948,,Planktivore
1960,Superior,Round Whitefish,74,,Benthic invertivore
1960,Superior,Sauger,19,,Piscivore
1960,Superior,Suckers,96,,Benthic omnivore
1960,Superior,Walleye,250,,Piscivore
1961,Superior,Chubs,1267,,Planktivore
1961,Superior,Cisco,13233,,Planktivore
1961,Superior,Lake Sturgeon,8,,Benthic invertivore
1961,Superior,Lake Trout,370,,Piscivore
1961,Superior,Lake Whitefish,462,,Benthic invertivore
1961,Superior,Northern Pike,2,,Piscivore
1961,Superior,Rainbow Smelt,1340,,Planktivore
1961,Superior,Round Whitefish,49,,Benthic invertivore
1961,Superior,Sauger,38,,Piscivore
1961,Superior,Suckers,68,,Benthic omnivore
1961,Superior,Walleye,228,,Piscivore
1962,Superior,Chubs,1176,,Planktivore
1962,Superior,Cisco,12382,,Planktivore
1962,Superior,Lake Sturgeon,3,,Benthic invertivore
1962,Superior,Lake Trout,326,"1.  MI and CAN: Quotas imposed allowing assessment only; 2.  MN: Assessment program allowed fishers an aggregate total of 20,000 pounds, on amount adjusted upwards with assessment needs.",Piscivore
1962,Superior,Lake Whitefish,549,,Benthic invertivore
1962,Superior,Northern Pike,2,,Piscivore
1962,Superior,Rainbow Smelt,956,,Planktivore
1962,Superior,Round Whitefish,29,,Benthic invertivore
1962,Superior,Sauger,52,,Piscivore
1962,Superior,Suckers,66,,Benthic omnivore
1962,Superior,Walleye,175,,Piscivore
1963,Superior,Chubs,1670,MN: Trawling was initiated on an experimental basis.,Planktivore
1963,Superior,Cisco,10738,MN: Trawling was initiated on an experimental basis.,Planktivore
1963,Superior,Lake Sturgeon,2,,Benthic invertivore
1963,Superior,Lake Trout,215,,Piscivore
1963,Superior,Lake Whitefish,604,,Benthic invertivore
1963,Superior,Northern Pike,2,,Piscivore
1963,Superior,Rainbow Smelt,1497,MN: Trawling was initiated on an experimental basis.,Planktivore
1963,Superior,Round Whitefish,25,,Benthic invertivore
1963,Superior,Sauger,63,,Piscivore
1963,Superior,Suckers,78,,Benthic omnivore
1963,Superior,Walleye,168,,Piscivore
1964,Superior,Chubs,832,,Planktivore
1964,Superior,Cisco,8208,,Planktivore
1964,Superior,Lake Sturgeon,1,,Benthic invertivore
1964,Superior,Lake Trout,210,,Piscivore
1964,Superior,Lake Whitefish,558,,Benthic invertivore
1964,Superior,Northern Pike,4,,Piscivore
1964,Superior,Rainbow Smelt,2040,,Planktivore
1964,Superior,Round Whitefish,104,,Benthic invertivore
1964,Superior,Sauger,59,,Piscivore
1964,Superior,Suckers,110,,Benthic omnivore
1964,Superior,Walleye,216,,Piscivore
1965,Superior,Chubs,2196,,Planktivore
1965,Superior,Cisco,6285,,Planktivore
1965,Superior,Lake Sturgeon,2,,Benthic invertivore
1965,Superior,Lake Trout,223,,Piscivore
1965,Superior,Lake Whitefish,568,,Benthic invertivore
1965,Superior,Northern Pike,3,,Piscivore
1965,Superior,Rainbow Smelt,1244,,Planktivore
1965,Superior,Round Whitefish,54,,Benthic invertivore
1965,Superior,Sauger,18,,Piscivore
1965,Superior,Suckers,57,,Benthic omnivore
1965,Superior,Walleye,293,,Piscivore
1966,Superior,Chubs,1968,,Planktivore
1966,Superior,Cisco,9002,,Planktivore
1966,Superior,Lake Sturgeon,2,,Benthic invertivore
1966,Superior,Lake Trout,228,,Piscivore
1966,Superior,Lake Whitefish,475,,Benthic invertivore
1966,Superior,Northern Pike,3,,Piscivore
1966,Superior,Rainbow Smelt,1265,,Planktivore
1966,Superior,Round Whitefish,30,,Benthic invertivore
1966,Superior,Sauger,12,,Piscivore
1966,Superior,Suckers,56,,Benthic omnivore
1966,Superior,Walleye,378,,Piscivore
1967,Superior,Chubs,1876,,Planktivore
1967,Superior,Cisco,5642,"CAN: Drastic decline of Walleye, particularly in Black Bay, resulted in increased fishing for lake herring.",Planktivore
1967,Superior,Lake Sturgeon,3,,Benthic invertivore
1967,Superior,Lake Trout,403,,Piscivore
1967,Superior,Lake Whitefish,608,,Benthic invertivore
1967,Superior,Northern Pike,5,,Piscivore
1967,Superior,Rainbow Smelt,1496,"CAN: Drastic decline of Walleye, particularly in Black Bay, resulted in increased fishing for Rainbow Smelt.",Planktivore
1967,Superior,Round Whitefish,35,,Benthic invertivore
1967,Superior,Sauger,22,,Piscivore
1967,Superior,Suckers,69,"CAN: Drastic decline of Walleye, particularly in Black Bay, resulted in increased fishing for suckers.",Benthic omnivore
1967,Superior,Walleye,275,"CAN: The drastic decline in Walleye, particularly in Black Bay, resulted in increased fishing for Rainbow Smelt, Yellow Perch, suckers and Cisco.",Piscivore
1968,Superior,Chubs,845,,Planktivore
1968,Superior,Cisco,6238,,Planktivore
1968,Superior,Lake Sturgeon,2,,Benthic invertivore
1968,Superior,Lake Trout,399,,Piscivore
1968,Superior,Lake Whitefish,740,,Benthic invertivore
1968,Superior,Northern Pike,2,,Piscivore
1968,Superior,Rainbow Smelt,1394,,Planktivore
1968,Superior,Round Whitefish,61,,Benthic invertivore
1968,Superior,Sauger,17,,Piscivore
1968,Superior,Suckers,93,,Benthic omnivore
1968,Superior,Walleye,120,,Piscivore
1969,Superior,Chubs,993,,Planktivore
1969,Superior,Cisco,4647,,Planktivore
1969,Superior,Lake Sturgeon,3,,Benthic invertivore
1969,Superior,Lake Trout,413,,Piscivore
1969,Superior,Lake Whitefish,839,,Benthic invertivore
1969,Superior,Northern Pike,4,,Piscivore
1969,Superior,Pacific Salmon,,"MN, WI, and MI:  Incidental catches not reported",Piscivore
1969,Superior,Rainbow Smelt,1067,,Planktivore
1969,Superior,Round Whitefish,29,,Benthic invertivore
1969,Superior,Sauger,12,,Piscivore
1969,Superior,Suckers,117,,Benthic omnivore
1969,Superior,Walleye,24,"MI: Walleye were awarded sport status, protecting them against commercial fishing.",Piscivore
1970,Superior,Chubs,1323,"MI: Small mesh gill nets could be fished inside the 50 fathom contour December through October if floated, and outside 50 fathoms all year. ",Planktivore
1970,Superior,Cisco,4253,"MI: Small mesh gill nets could be fished inside the 50 fathom contour December through October if floated, and outside 50 fathoms throughout the year.",Planktivore
1970,Superior,Lake Sturgeon,1,,Benthic invertivore
1970,Superior,Lake Trout,357,"1.  MI: Small mesh gill nets could be fished inside the 50 fathom contour December through October if floated, and outside 50 fathoms year round; 2. CAN: The Thunder Bay fishery was closed by administrative action when the fish were found to be contaminated with mercury.",Piscivore
1970,Superior,Lake Whitefish,655,,Benthic invertivore
1970,Superior,Northern Pike,4,,Piscivore
1970,Superior,Pacific Salmon,,"MN, WI, and MI:  Incidental catches not reported",Piscivore
1970,Superior,Rainbow Smelt,1575,,Planktivore
1970,Superior,Round Whitefish,32,,Benthic invertivore
1970,Superior,Sauger,8,,Piscivore
1970,Superior,Suckers,135,,Benthic omnivore
1970,Superior,Walleye,9,,Piscivore
1971,Superior,Chubs,1863,"CAN: Market price increased 75% to $0.28 per pound, and reached $0.58 in 1975.",Planktivore
1971,Superior,Cisco,3758,,Planktivore
1971,Superior,Lake Sturgeon,1,,Benthic invertivore
1971,Superior,Lake Trout,345,,Piscivore
1971,Superior,Lake Whitefish,895,,Benthic invertivore
1971,Superior,Northern Pike,2,,Piscivore
1971,Superior,Pacific Salmon,,"MN, WI, and MI:  Incidental catches not reported",Piscivore
1971,Superior,Rainbow Smelt,2449,,Planktivore
1971,Superior,Round Whitefish,36,,Benthic invertivore
1971,Superior,Sauger,1,,Piscivore
1971,Superior,Suckers,122,,Benthic omnivore
1971,Superior,Walleye,4,,Piscivore
1972,Superior,Chubs,1437,,Planktivore
1972,Superior,Cisco,3444,,Planktivore
1972,Superior,Lake Sturgeon,1,,Benthic invertivore
1972,Superior,Lake Trout,349,"1.  MI: Ruling against large mesh gill nets resulted in a conversion to impoundment gear, complete in 1976; 2.  WI: Chippewa Indians began exercising their alleged fishing rights.",Piscivore
1972,Superior,Lake Whitefish,921,"MI: Ruling against large mesh gill nets resulted in conversion to impoundment gear, complete in 1976.",Benthic invertivore
1972,Superior,Northern Pike,5,,Piscivore
1972,Superior,Pacific Salmon,,"MN, WI, and MI:  Incidental catches not reported",Piscivore
1972,Superior,Rainbow Smelt,1524,,Planktivore
1972,Superior,Round Whitefish,38,,Benthic invertivore
1972,Superior,Sauger,0,,Piscivore
1972,Superior,Suckers,194,,Benthic omnivore
1972,Superior,Walleye,2,,Piscivore
1973,Superior,Chubs,1575,,Planktivore
1973,Superior,Cisco,3126,MN: Fishing was prohibited during the herring spawning season.  This restriction was later refined to prohibit Herringing fishing during the month of November only.,Planktivore
1973,Superior,Lake Sturgeon,1,,Benthic invertivore
1973,Superior,Lake Trout,399,"WI: A quota of 100,000 pounds annually was imposed in June 1973.  Twenty percent was allotted to assessment programs; Indian and non-Indian commercial fishers were allotted 40% each.",Piscivore
1973,Superior,Lake Whitefish,1033,,Benthic invertivore
1973,Superior,Northern Pike,2,,Piscivore
1973,Superior,Pacific Salmon,,"MN, WI, and MI:  Incidental catches not reported",Piscivore
1973,Superior,Rainbow Smelt,2502,"MN: Commercial harvest, under permit, of specified tributary streams commenced in 1973.",Planktivore
1973,Superior,Round Whitefish,35,,Benthic invertivore
1973,Superior,Sauger,0,,Piscivore
1973,Superior,Suckers,208,,Benthic omnivore
1973,Superior,Walleye,1,,Piscivore
1974,Superior,Chubs,1930,MI: Small mesh gill nets restricted to waters over 60 fathoms in depth.,Planktivore
1974,Superior,Cisco,2612,MI: Small mesh gill nets restricted to waters over 60 fathoms in depth.,Planktivore
1974,Superior,Lake Sturgeon,0,,Benthic invertivore
1974,Superior,Lake Trout,526,MI 1974: Small mesh gill nets restricted to waters over 60 fathoms in depth.  WI 1974: Indian harvest was larger than that allowed.  CAN 1974: Restriction on Lake Trout fishing in Thunder Bay removed in response to reduction in contamination levels.,Piscivore
1974,Superior,Lake Whitefish,1022,,Benthic invertivore
1974,Superior,Northern Pike,4,,Piscivore
1974,Superior,Pacific Salmon,,"MN, WI, and MI:  Incidental catches not reported",Piscivore
1974,Superior,Rainbow Smelt,3387,,Planktivore
1974,Superior,Round Whitefish,37,,Benthic invertivore
1974,Superior,Sauger,1,,Piscivore
1974,Superior,Suckers,304,,Benthic omnivore
1974,Superior,Walleye,3,,Piscivore
1975,Superior,Chubs,1975,MI: Quotas imposed.,Planktivore
1975,Superior,Cisco,2671,MI+J305: Quotas imposed.,Planktivore
1975,Superior,Lake Sturgeon,0,,Benthic invertivore
1975,Superior,Lake Trout,601,,Piscivore
1975,Superior,Lake Whitefish,1053,,Benthic invertivore
1975,Superior,Northern Pike,5,,Piscivore
1975,Superior,Pacific Salmon,,"MN, WI, and MI:  Incidental catches not reported",Piscivore
1975,Superior,Rainbow Smelt,1743,,Planktivore
1975,Superior,Round Whitefish,51,,Benthic invertivore
1975,Superior,Sauger,0,,Piscivore
1975,Superior,Suckers,274,,Benthic omnivore
1975,Superior,Walleye,1,,Piscivore
1976,Superior,Chubs,1449,,Planktivore
1976,Superior,Cisco,1767,,Planktivore
1976,Superior,Lake Sturgeon,1,,Benthic invertivore
1976,Superior,Lake Trout,486,,Piscivore
1976,Superior,Lake Whitefish,1003,,Benthic invertivore
1976,Superior,Northern Pike,4,,Piscivore
1976,Superior,Pacific Salmon,,"MN, WI, and MI:  Incidental catches not reported",Piscivore
1976,Superior,Rainbow Smelt,4041,,Planktivore
1976,Superior,Round Whitefish,43,,Benthic invertivore
1976,Superior,Sauger,0,,Piscivore
1976,Superior,Suckers,197,,Benthic omnivore
1976,Superior,Walleye,1,,Piscivore
1977,Superior,Chubs,1757,,Planktivore
1977,Superior,Cisco,2084,,Planktivore
1977,Superior,Lake Sturgeon,0,,Benthic invertivore
1977,Superior,Lake Trout,559,,Piscivore
1977,Superior,Lake Whitefish,943,,Benthic invertivore
1977,Superior,Northern Pike,5,,Piscivore
1977,Superior,Pacific Salmon,,"MN, WI, and MI:  Incidental catches not reported",Piscivore
1977,Superior,Rainbow Smelt,2495,,Planktivore
1977,Superior,Round Whitefish,66,,Benthic invertivore
1977,Superior,Sauger,0,,Piscivore
1977,Superior,Suckers,170,,Benthic omnivore
1977,Superior,Walleye,4,,Piscivore
1978,Superior,Burbot,79,65,Piscivore
1978,Superior,Chubs,1625,,Planktivore
1978,Superior,Cisco,2227,,Planktivore
1978,Superior,Lake Sturgeon,1,,Benthic invertivore
1978,Superior,Lake Trout,993,,Piscivore
1978,Superior,Lake Whitefish,1371,,Benthic invertivore
1978,Superior,Northern Pike,3,,Piscivore
1978,Superior,Pacific Salmon,4,,Piscivore
1978,Superior,Rainbow Smelt,3080,,Planktivore
1978,Superior,Round Whitefish,55,,Benthic invertivore
1978,Superior,Sauger,0,,Piscivore
1978,Superior,Suckers,131,,Benthic omnivore
1978,Superior,Walleye,1,,Piscivore
1978,Superior,Yellow Perch,90,,Invertivore
1979,Superior,Burbot,61,,Piscivore
1979,Superior,Carp,0.495,,Benthic omnivore
1979,Superior,Chubs,1517.314,,Planktivore
1979,Superior,Cisco,2647.158,,Planktivore
1979,Superior,Lake Sturgeon,2.961,,Benthic invertivore
1979,Superior,Lake Trout,709.505,,Piscivore
1979,Superior,Lake Whitefish,1176.878,,Benthic invertivore
1979,Superior,Northern Pike,5.555,,Piscivore
1979,Superior,Pacific Salmon,8.468,"ONT data includes Pink, Coho, and Chinook Salmon",Piscivore
1979,Superior,Rainbow Smelt,2056.852,,Planktivore
1979,Superior,Round Whitefish,63,,Benthic invertivore
1979,Superior,Sauger,0,,Piscivore
1979,Superior,Suckers,375.271,,Benthic omnivore
1979,Superior,Walleye,5.124,,Piscivore
1979,Superior,Yellow Perch,107.568,,Invertivore
1980,Superior,Burbot,54,,Piscivore
1980,Superior,Carp,0.15,,Benthic omnivore
1980,Superior,Chubs,1290.95,,Planktivore
1980,Superior,Cisco,3534.181,,Planktivore
1980,Superior,Lake Sturgeon,3.036,,Benthic invertivore
1980,Superior,Lake Trout,808.236,,Piscivore
1980,Superior,Lake Trout - siscowet,410.5,,Piscivore
1980,Superior,Lake Whitefish,1765.604,,Benthic invertivore
1980,Superior,Northern Pike,5.401,,Piscivore
1980,Superior,Pacific Salmon,13.715,"ONT data includes Pink, Coho, and Chinook Salmon",Piscivore
1980,Superior,Rainbow Smelt,529.124,,Planktivore
1980,Superior,Round Whitefish,163.7,,Benthic invertivore
1980,Superior,Sauger,0,,Piscivore
1980,Superior,Suckers,324.243,,Benthic omnivore
1980,Superior,Walleye,6.578,,Piscivore
1980,Superior,Yellow Perch,86.289,,Invertivore
1981,Superior,Burbot,42,,Piscivore
1981,Superior,Carp,0.089,,Benthic omnivore
1981,Superior,Chubs,777.908,,Planktivore
1981,Superior,Cisco,3665.607,,Planktivore
1981,Superior,Lake Sturgeon,1.941,,Benthic invertivore
1981,Superior,Lake Trout,850.172,,Piscivore
1981,Superior,Lake Trout - siscowet,408.6,,Piscivore
1981,Superior,Lake Whitefish,1844.183,,Benthic invertivore
1981,Superior,Northern Pike,16.299,,Piscivore
1981,Superior,Pacific Salmon,20.203,"ONT data includes Pink, Coho, and Chinook Salmon",Piscivore
1981,Superior,Rainbow Smelt,449.393,,Planktivore
1981,Superior,Round Whitefish,159.4,,Benthic invertivore
1981,Superior,Sauger,0,,Piscivore
1981,Superior,Suckers,662.175,,Benthic omnivore
1981,Superior,Walleye,4.679,,Piscivore
1981,Superior,Yellow Perch,142.818,,Invertivore
1982,Superior,Burbot,24,,Piscivore
1982,Superior,Carp,0.066,,Benthic omnivore
1982,Superior,Chubs,302.346,,Planktivore
1982,Superior,Cisco,2642.013,,Planktivore
1982,Superior,Lake Sturgeon,5.614,,Benthic invertivore
1982,Superior,Lake Trout,823.701,"Does not include Cdn landings reported as Salvelinus sp. (12,000 lbs)",Piscivore
1982,Superior,Lake Trout - siscowet,307.3,,Piscivore
1982,Superior,Lake Whitefish,1567.986,,Benthic invertivore
1982,Superior,Northern Pike,5.32,,Piscivore
1982,Superior,Pacific Salmon,19.534,"ONT data includes Pink, Coho, and Chinook Salmon",Piscivore
1982,Superior,Rainbow Smelt,272.822,,Planktivore
1982,Superior,Round Whitefish,61.6,,Benthic invertivore
1982,Superior,Sauger,0,,Piscivore
1982,Superior,Suckers,787.435,,Benthic omnivore
1982,Superior,Walleye,3.513,,Piscivore
1982,Superior,Yellow Perch,146.482,,Invertivore
1983,Superior,Burbot,9,,Piscivore
1983,Superior,Carp,0.0885,,Benthic omnivore
1983,Superior,Chubs,381.963,,Planktivore
1983,Superior,Cisco,1613.377,,Planktivore
1983,Superior,Lake Sturgeon,19.203,,Benthic invertivore
1983,Superior,Lake Trout,819.64,,Piscivore
1983,Superior,Lake Trout - siscowet,267.5,,Piscivore
1983,Superior,Lake Whitefish,2229.179,,Benthic invertivore
1983,Superior,Northern Pike,12.957,,Piscivore
1983,Superior,Pacific Salmon,26.319,"ONT data includes Pink, Coho, and Chinook Salmon",Piscivore
1983,Superior,Rainbow Smelt,439.814,,Planktivore
1983,Superior,Round Whitefish,34.5,,Benthic invertivore
1983,Superior,Sauger,0,,Piscivore
1983,Superior,Suckers,584.425,,Benthic omnivore
1983,Superior,Walleye,3.336,,Piscivore
1983,Superior,Yellow Perch,95.988,,Invertivore
1984,Superior,Burbot,14,,Piscivore
1984,Superior,Carp,0.222,,Benthic omnivore
1984,Superior,Chubs,834.042,,Planktivore
1984,Superior,Cisco,2475.523,,Planktivore
1984,Superior,Lake Sturgeon,1.964,,Benthic invertivore
1984,Superior,Lake Trout,769.264,,Piscivore
1984,Superior,Lake Trout - siscowet,248.4,,Piscivore
1984,Superior,Lake Whitefish,2525.158,,Benthic invertivore
1984,Superior,Northern Pike,10.223,,Piscivore
1984,Superior,Pacific Salmon,6.178,"ONT data includes Pink, Coho, and Chinook Salmon",Piscivore
1984,Superior,Rainbow Smelt,263.893,,Planktivore
1984,Superior,Round Whitefish,87.1,,Benthic invertivore
1984,Superior,Sauger,1,,Piscivore
1984,Superior,Suckers,553.877,,Benthic omnivore
1984,Superior,Walleye,4.81,,Piscivore
1984,Superior,Yellow Perch,88.829,,Invertivore
1985,Superior,Burbot,9,,Piscivore
1985,Superior,Carp,0.194,,Benthic omnivore
1985,Superior,Chubs,457.857,,Planktivore
1985,Superior,Cisco,1876.565,,Planktivore
1985,Superior,Lake Sturgeon,0,,Benthic invertivore
1985,Superior,Lake Trout,902.254,,Piscivore
1985,Superior,Lake Trout - siscowet,133.3,,Piscivore
1985,Superior,Lake Whitefish,2572.985,,Benthic invertivore
1985,Superior,Northern Pike,11.396,,Piscivore
1985,Superior,Pacific Salmon,10.377,"ONT data includes Pink, Coho, and Chinook Salmon",Piscivore
1985,Superior,Rainbow Smelt,760.485,,Planktivore
1985,Superior,Round Whitefish,25.8,,Benthic invertivore
1985,Superior,Sauger,1,,Piscivore
1985,Superior,Suckers,371.532,,Benthic omnivore
1985,Superior,Walleye,3.997,,Piscivore
1985,Superior,Yellow Perch,53.348,,Invertivore
1986,Superior,Burbot,2.4,,Piscivore
1986,Superior,Carp,0.42,,Benthic omnivore
1986,Superior,Chubs,381.567,,Planktivore
1986,Superior,Cisco,2291.496,,Planktivore
1986,Superior,Lake Sturgeon,0,,Benthic invertivore
1986,Superior,Lake Trout,951.313,Cdn siscowet data included in lake trout data,Piscivore
1986,Superior,Lake Trout - siscowet,519.9,Cdn siscowet data included in lake trout data,Piscivore
1986,Superior,Lake Whitefish,3028.505,,Benthic invertivore
1986,Superior,Northern Pike,11.023,,Piscivore
1986,Superior,Pacific Salmon,9.855,"ONT data includes Pink, Coho, and Chinook Salmon",Piscivore
1986,Superior,Rainbow Smelt,604.457,,Planktivore
1986,Superior,Round Whitefish,84.6,,Benthic invertivore
1986,Superior,Sauger,0,,Piscivore
1986,Superior,Suckers,448.641,,Benthic omnivore
1986,Superior,Walleye,5.509,,Piscivore
1986,Superior,Yellow Perch,51.281,,Invertivore
1987,Superior,Burbot,1.5,,Piscivore
1987,Superior,Carp,0.378,,Benthic omnivore
1987,Superior,Chubs,301.982,,Planktivore
1987,Superior,Cisco,2142.806,,Planktivore
1987,Superior,Gizzard Shad,1,,Planktivore
1987,Superior,Lake Sturgeon,0,,Benthic invertivore
1987,Superior,Lake Trout,901.82,Cdn siscowet data included in lake trout data,Piscivore
1987,Superior,Lake Trout - siscowet,937.9,Cdn siscowet data included in lake trout data,Piscivore
1987,Superior,Lake Whitefish,2969.921,,Benthic invertivore
1987,Superior,Northern Pike,7.757,,Piscivore
1987,Superior,Pacific Salmon,13.025,"ONT data includes Pink, Coho, and Chinook Salmon",Piscivore
1987,Superior,Rainbow Smelt,422.377,,Planktivore
1987,Superior,Round Whitefish,25.8,,Benthic invertivore
1987,Superior,Sauger,0,,Piscivore
1987,Superior,Suckers,569.056,,Benthic omnivore
1987,Superior,Walleye,5.493,,Piscivore
1987,Superior,Yellow Perch,51.237,,Invertivore
1988,Superior,Burbot,1.6,,Piscivore
1988,Superior,Carp,0.943,,Benthic omnivore
1988,Superior,Chubs,217.68,,Planktivore
1988,Superior,Cisco,1324.877,,Planktivore
1988,Superior,Lake Sturgeon,0,,Benthic invertivore
1988,Superior,Lake Trout,903.142,Cdn siscowet data included in lake trout data,Piscivore
1988,Superior,Lake Trout - siscowet,710.5,Cdn siscowet data included in lake trout data,Piscivore
1988,Superior,Lake Whitefish,3230.163,,Benthic invertivore
1988,Superior,Northern Pike,33.242,,Piscivore
1988,Superior,Pacific Salmon,13.436,"ONT data includes Pink, Coho, and Chinook Salmon",Piscivore
1988,Superior,Rainbow Smelt,349.433,,Planktivore
1988,Superior,Round Whitefish,33.6,,Benthic invertivore
1988,Superior,Sauger,0,,Piscivore
1988,Superior,Suckers,975.112,,Benthic omnivore
1988,Superior,Walleye,2.463,,Piscivore
1988,Superior,Yellow Perch,73.771,,Invertivore
1989,Superior,Burbot,0.3,,Piscivore
1989,Superior,Carp,0.892,,Benthic omnivore
1989,Superior,Chubs,128.804,,Planktivore
1989,Superior,Cisco,1025.164,,Planktivore
1989,Superior,Lake Sturgeon,0,,Benthic invertivore
1989,Superior,Lake Trout,981.936,Cdn siscowet data included in lake trout data,Piscivore
1989,Superior,Lake Trout - siscowet,452.9,Cdn siscowet data included in lake trout data,Piscivore
1989,Superior,Lake Whitefish,3611.724,,Benthic invertivore
1989,Superior,Northern Pike,17.258,,Piscivore
1989,Superior,Pacific Salmon,32.213,"ONT data includes Pink, Coho, and Chinook Salmon",Piscivore
1989,Superior,Rainbow Smelt,383.095,,Planktivore
1989,Superior,Round Whitefish,54.1,,Benthic invertivore
1989,Superior,Sauger,0,,Piscivore
1989,Superior,Suckers,805.756,,Benthic omnivore
1989,Superior,Walleye,4.236,,Piscivore
1989,Superior,Yellow Perch,44.857,,Invertivore
1990,Superior,Burbot,1.1,,Piscivore
1990,Superior,Carp,1.012,,Benthic omnivore
1990,Superior,Chubs,77.913,,Planktivore
1990,Superior,Cisco,1279.505,,Planktivore
1990,Superior,Lake Sturgeon,0,,Benthic invertivore
1990,Superior,Lake Trout,977.156,Cdn siscowet data included in lake trout data,Piscivore
1990,Superior,Lake Trout - siscowet,260.9,Cdn siscowet data included in lake trout data,Piscivore
1990,Superior,Lake Whitefish,4027.06,,Benthic invertivore
1990,Superior,Northern Pike,8.277,,Piscivore
1990,Superior,Pacific Salmon,19.477,"ONT data includes Pink, Coho, and Chinook Salmon",Piscivore
1990,Superior,Rainbow Smelt,108.911,,Planktivore
1990,Superior,Round Whitefish,48.6,,Benthic invertivore
1990,Superior,Sauger,0,,Piscivore
1990,Superior,Suckers,487.536,,Benthic omnivore
1990,Superior,Walleye,5.252,,Piscivore
1990,Superior,Yellow Perch,47.581,,Invertivore
1991,Superior,Burbot,1.3,,Piscivore
1991,Superior,Carp,0.549,,Benthic omnivore
1991,Superior,Chubs,190.694,,Planktivore
1991,Superior,Cisco,1299.923,,Planktivore
1991,Superior,Lake Sturgeon,0,,Benthic invertivore
1991,Superior,Lake Trout,627.325,,Piscivore
1991,Superior,Lake Trout - siscowet,435,,Piscivore
1991,Superior,Lake Whitefish,2846.751,,Benthic invertivore
1991,Superior,Northern Pike,2.954,,Piscivore
1991,Superior,Pacific Salmon,15.639,"ONT data includes Pink, Coho, and Chinook Salmon",Piscivore
1991,Superior,Rainbow Smelt,71.685,,Planktivore
1991,Superior,Round Whitefish,26.2,,Benthic invertivore
1991,Superior,Sauger,0,,Piscivore
1991,Superior,Suckers,498.32,,Benthic omnivore
1991,Superior,Walleye,9.272,,Piscivore
1991,Superior,Yellow Perch,78.412,,Invertivore
1992,Superior,Burbot,3.2,,Piscivore
1992,Superior,Carp,2.667,,Benthic omnivore
1992,Superior,Chubs,310.804,,Planktivore
1992,Superior,Cisco,1866.597,,Planktivore
1992,Superior,Lake Sturgeon,1.339,,Benthic invertivore
1992,Superior,Lake Trout,1014.406,,Piscivore
1992,Superior,Lake Trout - siscowet,363.3,,Piscivore
1992,Superior,Lake Whitefish,4125.457,,Benthic invertivore
1992,Superior,Northern Pike,7.199,,Piscivore
1992,Superior,Pacific Salmon,14.028,"ONT data includes Pink, Coho, and Chinook Salmon",Piscivore
1992,Superior,Rainbow Smelt,85.422,,Planktivore
1992,Superior,Round Whitefish,54.3,,Benthic invertivore
1992,Superior,Sauger,0,,Piscivore
1992,Superior,Suckers,572.225,,Benthic omnivore
1992,Superior,Walleye,9.073,,Piscivore
1992,Superior,Yellow Perch,39.48,,Invertivore
1993,Superior,Burbot,3.2,,Piscivore
1993,Superior,Carp,11.834,,Benthic omnivore
1993,Superior,Chubs,166.302,,Planktivore
1993,Superior,Cisco,1564.047,,Planktivore
1993,Superior,Lake Sturgeon,0,,Benthic invertivore
1993,Superior,Lake Trout,417.405,,Piscivore
1993,Superior,Lake Trout - siscowet,331.2,,Piscivore
1993,Superior,Lake Whitefish,2191.321,,Benthic invertivore
1993,Superior,Northern Pike,1.897,,Piscivore
1993,Superior,Pacific Salmon,20.026,"ONT data includes Pink, Coho, and Chinook Salmon",Piscivore
1993,Superior,Rainbow Smelt,108.353,,Planktivore
1993,Superior,Round Whitefish,16.2,,Benthic invertivore
1993,Superior,Sauger,0,,Piscivore
1993,Superior,Suckers,223.948,,Benthic omnivore
1993,Superior,Walleye,0.538,,Piscivore
1993,Superior,Yellow Perch,31.072,,Invertivore
1994,Superior,Burbot,2.1,,Piscivore
1994,Superior,Carp,0.64,,Benthic omnivore
1994,Superior,Chubs,130.985,,Planktivore
1994,Superior,Cisco,1579.602,,Planktivore
1994,Superior,Lake Sturgeon,0,,Benthic invertivore
1994,Superior,Lake Trout,396.105,,Piscivore
1994,Superior,Lake Trout - siscowet,325.1,,Piscivore
1994,Superior,Lake Whitefish,2134.504,,Benthic invertivore
1994,Superior,Northern Pike,2.183,,Piscivore
1994,Superior,Pacific Salmon,15.07,"ONT data includes Pink, Coho, and Chinook Salmon",Piscivore
1994,Superior,Rainbow Smelt,91.3,,Planktivore
1994,Superior,Round Whitefish,13.1,,Benthic invertivore
1994,Superior,Sauger,0,,Piscivore
1994,Superior,Suckers,98.22,,Benthic omnivore
1994,Superior,Walleye,8.657,,Piscivore
1994,Superior,Yellow Perch,30.074,,Invertivore
1995,Superior,Burbot,8,,Piscivore
1995,Superior,Carp,0.638,,Benthic omnivore
1995,Superior,Chubs,39.096,,Planktivore
1995,Superior,Cisco,1480.167,,Planktivore
1995,Superior,Lake Sturgeon,0,,Benthic invertivore
1995,Superior,Lake Trout,395.196,,Piscivore
1995,Superior,Lake Trout - siscowet,268.7,,Piscivore
1995,Superior,Lake Whitefish,1638.407,,Benthic invertivore
1995,Superior,Northern Pike,3.967,,Piscivore
1995,Superior,Pacific Salmon,7.825,"ONT data includes Pink, Coho, and Chinook Salmon",Piscivore
1995,Superior,Rainbow Smelt,175.175,,Planktivore
1995,Superior,Round Whitefish,182.8,,Benthic invertivore
1995,Superior,Sauger,0,,Piscivore
1995,Superior,Suckers,49.632,,Benthic omnivore
1995,Superior,Walleye,7.181,,Piscivore
1995,Superior,Yellow Perch,40.479,,Invertivore
1996,Superior,Burbot,0,,Piscivore
1996,Superior,Carp,2.36,,Benthic omnivore
1996,Superior,Chubs,34.204,,Planktivore
1996,Superior,Cisco,1338.544,,Planktivore
1996,Superior,Lake Sturgeon,0,,Benthic invertivore
1996,Superior,Lake Trout,441.198,,Piscivore
1996,Superior,Lake Trout - siscowet,159.5,,Piscivore
1996,Superior,Lake Whitefish,2191.36,,Benthic invertivore
1996,Superior,Northern Pike,3.072,,Piscivore
1996,Superior,Pacific Salmon,14.923,"Includes Pink, Coho, and Chinook Salmon",Piscivore
1996,Superior,Rainbow Smelt,264.458,,Planktivore
1996,Superior,Round Whitefish,68.5,,Benthic invertivore
1996,Superior,Sauger,0,,Piscivore
1996,Superior,Suckers,51.293,,Benthic omnivore
1996,Superior,Walleye,6.086,,Piscivore
1996,Superior,Yellow Perch,17.169,,Invertivore
1997,Superior,Burbot,0,,Piscivore
1997,Superior,Carp,2.085,,Benthic omnivore
1997,Superior,Chubs,61.928,,Planktivore
1997,Superior,Cisco,1555.069,,Planktivore
1997,Superior,Lake Sturgeon,0,,Benthic invertivore
1997,Superior,Lake Trout,425.164,Cdn siscowet data included in lake trout data,Piscivore
1997,Superior,Lake Trout - siscowet,182.1,,Piscivore
1997,Superior,Lake Whitefish,2422.672,,Benthic invertivore
1997,Superior,Northern Pike,6.567,,Piscivore
1997,Superior,Pacific Salmon,13.527,"Includes Pink, Coho, and Chinook Salmon",Piscivore
1997,Superior,Rainbow Smelt,42.625,,Planktivore
1997,Superior,Round Whitefish,1.4,,Benthic invertivore
1997,Superior,Sauger,0,,Piscivore
1997,Superior,Suckers,55.959,,Benthic omnivore
1997,Superior,Walleye,3.703,,Piscivore
1997,Superior,Yellow Perch,29.339,,Invertivore
1998,Superior,Burbot,0,,Piscivore
1998,Superior,Carp,0.8,,Benthic omnivore
1998,Superior,Channel Catfish,1,,Benthic omnivore
1998,Superior,Chubs,47.151,,Planktivore
1998,Superior,Cisco,1471.97,,Planktivore
1998,Superior,Lake Sturgeon,0,,Benthic invertivore
1998,Superior,Lake Trout,391.893,Cdn siscowet data included in lake trout data,Piscivore
1998,Superior,Lake Trout - siscowet,150.6,,Piscivore
1998,Superior,Lake Whitefish,2688.95,,Benthic invertivore
1998,Superior,Northern Pike,6.64,,Piscivore
1998,Superior,Pacific Salmon,12.21,"Includes Pink, Coho, and Chinook Salmon",Piscivore
1998,Superior,Rainbow Smelt,18.961,,Planktivore
1998,Superior,Round Whitefish,3.8,,Benthic invertivore
1998,Superior,Sauger,0,,Piscivore
1998,Superior,Suckers,83.519,,Benthic omnivore
1998,Superior,Walleye,2.22,,Piscivore
1998,Superior,Yellow Perch,56.396,,Invertivore
1999,Superior,Burbot,0,,Piscivore
1999,Superior,Carp,0.635,,Benthic omnivore
1999,Superior,Chubs,93.815,,Planktivore
1999,Superior,Cisco,1404.504,,Planktivore
1999,Superior,Lake Sturgeon,0,,Benthic invertivore
1999,Superior,Lake Trout,437.738,Cdn siscowet data included in lake trout data,Piscivore
1999,Superior,Lake Trout - siscowet,137,,Piscivore
1999,Superior,Lake Whitefish,2753.824,,Benthic invertivore
1999,Superior,Northern Pike,5.6,,Piscivore
1999,Superior,Pacific Salmon,20.242,"Includes Pink, Coho, and Chinook Salmon",Piscivore
1999,Superior,Rainbow Smelt,36.252,,Planktivore
1999,Superior,Round Whitefish,2.6,,Benthic invertivore
1999,Superior,Sauger,0,,Piscivore
1999,Superior,Suckers,49.756,,Benthic omnivore
1999,Superior,Walleye,2.349,,Piscivore
1999,Superior,Yellow Perch,46.826,,Invertivore
2000,Superior,Burbot,0.64,,Piscivore
2000,Superior,Carp,0.665,,Benthic omnivore
2000,Superior,Channel Catfish,0,,Benthic omnivore
2000,Superior,Chubs,110.209,,Planktivore
2000,Superior,Cisco,1454.628,,Planktivore
2000,Superior,Lake Sturgeon,,,Benthic invertivore
2000,Superior,Lake Trout,611.353,,Piscivore
2000,Superior,Lake Trout - siscowet,124.409,,Piscivore
2000,Superior,Lake Whitefish,2999.005,,Benthic invertivore
2000,Superior,Northern Pike,5.288,,Piscivore
2000,Superior,Pacific Salmon,22.975,"Includes Pink, Coho, and Chinook Salmon",Piscivore
2000,Superior,Rainbow Smelt,81.091,,Planktivore
2000,Superior,Round Whitefish,3.561,,Benthic invertivore
2000,Superior,Suckers,31.441,,Benthic omnivore
2000,Superior,Walleye,3.048,,Piscivore
2000,Superior,Yellow Perch,45.492,,Invertivore
2001,Superior,Burbot,0.802,,Piscivore
2001,Superior,Carp,0,,Benthic omnivore
2001,Superior,Channel Catfish,32,,Benthic omnivore
2001,Superior,Chubs,112.387,,Planktivore
2001,Superior,Cisco,1468.339,,Planktivore
2001,Superior,Lake Sturgeon,,,Benthic invertivore
2001,Superior,Lake Trout,500.576,,Piscivore
2001,Superior,Lake Trout - siscowet,126.653,,Piscivore
2001,Superior,Lake Whitefish,2547.587,,Benthic invertivore
2001,Superior,Northern Pike,4.786,,Piscivore
2001,Superior,Pacific Salmon,12.47,"Includes Pink, Coho, and Chinook Salmon",Piscivore
2001,Superior,Rainbow Smelt,113.781,,Planktivore
2001,Superior,Round Whitefish,2.962,,Benthic invertivore
2001,Superior,Suckers,30.407,,Benthic omnivore
2001,Superior,Walleye,7.825,,Piscivore
2001,Superior,Yellow Perch,31.68,,Invertivore
2002,Superior,Burbot,0.566,,Piscivore
2002,Superior,Carp,0,,Benthic omnivore
2002,Superior,Channel Catfish,0,,Benthic omnivore
2002,Superior,Chubs,66.512,,Planktivore
2002,Superior,Cisco,1496.265,,Planktivore
2002,Superior,Lake Sturgeon,,,Benthic invertivore
2002,Superior,Lake Trout,545.892,,Piscivore
2002,Superior,Lake Trout - siscowet,96.949,,Piscivore
2002,Superior,Lake Whitefish,2595.09,,Benthic invertivore
2002,Superior,Northern Pike,2.894,,Piscivore
2002,Superior,Pacific Salmon,3.892,"Includes Pink, Coho, and Chinook Salmon",Piscivore
2002,Superior,Rainbow Smelt,55.8,,Planktivore
2002,Superior,Round Whitefish,3.279,,Benthic invertivore
2002,Superior,Suckers,5.121,,Benthic omnivore
2002,Superior,Walleye,3.476,,Piscivore
2002,Superior,Yellow Perch,22.972,,Invertivore
2003,Superior,Burbot,0.405,,Piscivore
2003,Superior,Carp,0,,Benthic omnivore
2003,Superior,Channel Catfish,0,,Benthic omnivore
2003,Superior,Chubs,43.32,,Planktivore
2003,Superior,Cisco,1277.98,,Planktivore
2003,Superior,Lake Sturgeon,,,Benthic invertivore
2003,Superior,Lake Trout,460.221,,Piscivore
2003,Superior,Lake Trout - siscowet,54.998,,Piscivore
2003,Superior,Lake Whitefish,2896.629,,Benthic invertivore
2003,Superior,Northern Pike,4.769,,Piscivore
2003,Superior,Pacific Salmon,9.999,"Includes Pink, Coho, and Chinook Salmon",Piscivore
2003,Superior,Rainbow Smelt,10.464,,Planktivore
2003,Superior,Round Whitefish,5.591,,Benthic invertivore
2003,Superior,Suckers,8.076,,Benthic omnivore
2003,Superior,Walleye,5.893,,Piscivore
2003,Superior,Yellow Perch,11.802,,Invertivore
2004,Superior,Burbot,4.234,,Piscivore
2004,Superior,Carp,0,,Benthic omnivore
2004,Superior,Channel Catfish,0,,Benthic omnivore
2004,Superior,Chubs,57.675,,Planktivore
2004,Superior,Cisco,1181.162,,Planktivore
2004,Superior,Lake Sturgeon,0,,Benthic invertivore
2004,Superior,Lake Trout,652.672,,Piscivore
2004,Superior,Lake Trout - siscowet,63.688,,Piscivore
2004,Superior,Lake Whitefish,3984.522,,Benthic invertivore
2004,Superior,Northern Pike,3.005,,Piscivore
2004,Superior,Pacific Salmon,1.708,"Includes Pink, Coho, and Chinook Salmon",Piscivore
2004,Superior,Rainbow Smelt,10.809,,Planktivore
2004,Superior,Round Whitefish,4.479,,Benthic invertivore
2004,Superior,Suckers,9.346,,Benthic omnivore
2004,Superior,Walleye,3.476,,Piscivore
2004,Superior,Yellow Perch,2.147,,Invertivore
2005,Superior,Burbot,3.343,,Piscivore
2005,Superior,Carp,0,,Benthic omnivore
2005,Superior,Channel Catfish,0,,Benthic omnivore
2005,Superior,Chubs,46.788,,Planktivore
2005,Superior,Cisco,1079.071,,Planktivore
2005,Superior,Lake Sturgeon,,,Benthic invertivore
2005,Superior,Lake Trout,541.752,,Piscivore
2005,Superior,Lake Trout - siscowet,79.079,,Piscivore
2005,Superior,Lake Whitefish,3900.439,,Benthic invertivore
2005,Superior,Northern Pike,1.05,,Piscivore
2005,Superior,Pacific Salmon,3.422,"Includes Pink, Coho, and Chinook Salmon",Piscivore
2005,Superior,Rainbow Smelt,16.278,,Planktivore
2005,Superior,Round Whitefish,1.149,,Benthic invertivore
2005,Superior,Suckers,7.893,,Benthic omnivore
2005,Superior,Walleye,7.098,,Piscivore
2005,Superior,Yellow Perch,17.021,,Invertivore
2006,Superior,Burbot,1.869,,Piscivore
2006,Superior,Carp,0,,Benthic omnivore
2006,Superior,Chubs,53.704,,Planktivore
2006,Superior,Cisco,1356.819,,Planktivore
2006,Superior,Lake Sturgeon,,,Benthic invertivore
2006,Superior,Lake Trout,600.22,,Piscivore
2006,Superior,Lake Trout - siscowet,87.72,,Piscivore
2006,Superior,Lake Whitefish,4787.883,,Benthic invertivore
2006,Superior,Northern Pike,1,,Piscivore
2006,Superior,Pacific Salmon,4.946,"Includes Pink, Coho, and Chinook Salmon",Piscivore
2006,Superior,Rainbow Smelt,25.684,,Planktivore
2006,Superior,Round Whitefish,1.29,,Benthic invertivore
2006,Superior,Suckers,8.472,,Benthic omnivore
2006,Superior,Walleye,6.586,,Piscivore
2006,Superior,Yellow Perch,15.408,,Invertivore
2007,Superior,Burbot,5.909,,Piscivore
2007,Superior,Carp,0,,Benthic omnivore
2007,Superior,Chubs,55.451,,Planktivore
2007,Superior,Cisco,1184.641,,Planktivore
2007,Superior,Lake Sturgeon,,,Benthic invertivore
2007,Superior,Lake Trout,527.429,U.S. data does not include siscowet,Piscivore
2007,Superior,Lake Trout - siscowet,100.266,,Piscivore
2007,Superior,Lake Whitefish,3744.976,,Benthic invertivore
2007,Superior,Northern Pike,0,,Piscivore
2007,Superior,Pacific Salmon,4.697,,Piscivore
2007,Superior,Rainbow Smelt,13.313,,Planktivore
2007,Superior,Round Whitefish,0.928,,Benthic invertivore
2007,Superior,Suckers,3.229,,Benthic omnivore
2007,Superior,Walleye,12,,Piscivore
2007,Superior,Yellow Perch,2.042,,Invertivore
2008,Superior,Burbot,4.625,,Piscivore
2008,Superior,Carp,0,,Benthic omnivore
2008,Superior,Chubs,16.338,,Planktivore
2008,Superior,Cisco,1333.598,,Planktivore
2008,Superior,Lake Sturgeon,,,Benthic invertivore
2008,Superior,Lake Trout,493.933,U.S. data does not include siscowet,Piscivore
2008,Superior,Lake Trout - siscowet,98.268,,Piscivore
2008,Superior,Lake Whitefish,3625.38,,Benthic invertivore
2008,Superior,Northern Pike,0,,Piscivore
2008,Superior,Pacific Salmon,2.976,,Piscivore
2008,Superior,Rainbow Smelt,21.023,,Planktivore
2008,Superior,Round Whitefish,0.395,,Benthic invertivore
2008,Superior,Suckers,1.162,,Benthic omnivore
2008,Superior,Walleye,11.722,,Piscivore
2008,Superior,Yellow Perch,3.051,,Invertivore
2009,Superior,Burbot,0.897,,Piscivore
2009,Superior,Carp,0,,Benthic omnivore
2009,Superior,Chubs,60.39,,Planktivore
2009,Superior,Cisco,2050.945,,Planktivore
2009,Superior,Lake Sturgeon,,,Benthic invertivore
2009,Superior,Lake Trout,519.123,U.S. data does not include siscowet,Piscivore
2009,Superior,Lake Trout - siscowet,115.472,,Piscivore
2009,Superior,Lake Whitefish,3833.14,,Benthic invertivore
2009,Superior,Northern Pike,1,,Piscivore
2009,Superior,Pacific Salmon,4.672,,Piscivore
2009,Superior,Rainbow Smelt,6.383,,Planktivore
2009,Superior,Round Whitefish,0.945,,Benthic invertivore
2009,Superior,Suckers,1.863,,Benthic omnivore
2009,Superior,Walleye,6.766,,Piscivore
2009,Superior,Yellow Perch,1.018,,Invertivore
2010,Superior,Burbot,1,,Piscivore
2010,Superior,Carp,0,,Benthic omnivore
2010,Superior,Chubs,78.772,,Planktivore
2010,Superior,Cisco,2210.974,,Planktivore
2010,Superior,Lake Sturgeon,,,Benthic invertivore
2010,Superior,Lake Trout,440.265,U.S. data does not include siscowet,Piscivore
2010,Superior,Lake Trout - siscowet,152.129,,Piscivore
2010,Superior,Lake Whitefish,3850.6,,Benthic invertivore
2010,Superior,Northern Pike,1,,Piscivore
2010,Superior,Pacific Salmon,3.235,,Piscivore
2010,Superior,Rainbow Smelt,29.253,,Planktivore
2010,Superior,Round Whitefish,1.579,,Benthic invertivore
2010,Superior,Suckers,3.721,,Benthic omnivore
2010,Superior,Walleye,2,,Piscivore
2010,Superior,Yellow Perch,0.007,,Invertivore
2011,Superior,Burbot,1,,Piscivore
2011,Superior,Carp,0,,Benthic omnivore
2011,Superior,Chubs,68.371,,Planktivore
2011,Superior,Cisco,2272.132,,Planktivore
2011,Superior,Lake Sturgeon,,,Benthic invertivore
2011,Superior,Lake Trout,467.401,U.S. data does not include siscowet,Piscivore
2011,Superior,Lake Trout - siscowet,168.698,,Piscivore
2011,Superior,Lake Whitefish,3450.167,,Benthic invertivore
2011,Superior,Northern Pike,1,,Piscivore
2011,Superior,Pacific Salmon,2.697,,Piscivore
2011,Superior,Rainbow Smelt,51.547,,Planktivore
2011,Superior,Round Whitefish,0.538,,Benthic invertivore
2011,Superior,Suckers,1.39,,Benthic omnivore
2011,Superior,Walleye,7,,Piscivore
2011,Superior,Yellow Perch,11.004,,Invertivore
2012,Superior,Burbot,1.522,,Piscivore
2012,Superior,Carp,0,,Benthic omnivore
2012,Superior,Chubs,77.177,,Planktivore
2012,Superior,Cisco,2420.219,,Planktivore
2012,Superior,Lake Sturgeon,,,Benthic invertivore
2012,Superior,Lake Trout,563.492,U.S. data does not include siscowet,Piscivore
2012,Superior,Lake Trout - siscowet,142.993,,Piscivore
2012,Superior,Lake Whitefish,4077.027,,Benthic invertivore
2012,Superior,Northern Pike,1,,Piscivore
2012,Superior,Pacific Salmon,7.302,,Piscivore
2012,Superior,Rainbow Smelt,84.765,,Planktivore
2012,Superior,Round Whitefish,0.237,,Benthic invertivore
2012,Superior,Suckers,3.375,,Benthic omnivore
2012,Superior,Walleye,8,,Piscivore
2012,Superior,Yellow Perch,7.003,,Invertivore
2013,Superior,Burbot,5.044,,Piscivore
2013,Superior,Carp,0,,Benthic omnivore
2013,Superior,Chubs,77.765,,Planktivore
2013,Superior,Cisco,1756.62,,Planktivore
2013,Superior,Lake Sturgeon,,,Benthic invertivore
2013,Superior,Lake Trout,535.752,U.S. data does not include siscowet,Piscivore
2013,Superior,Lake Trout - siscowet,139.173,,Piscivore
2013,Superior,Lake Whitefish,3778.276,,Benthic invertivore
2013,Superior,Northern Pike,0,,Piscivore
2013,Superior,Pacific Salmon,5.308,,Piscivore
2013,Superior,Rainbow Smelt,33.105,,Planktivore
2013,Superior,Round Whitefish,0.59,,Benthic invertivore
2013,Superior,Suckers,4.361,,Benthic omnivore
2013,Superior,Walleye,11.876,,Piscivore
2013,Superior,Yellow Perch,6.012,,Invertivore
2014,Superior,Burbot,4.933,,Piscivore
2014,Superior,Carp,0.043,,Benthic omnivore
2014,Superior,Chubs,66.303,,Planktivore
2014,Superior,Cisco,1587.571,,Planktivore
2014,Superior,Lake Sturgeon,,,Benthic invertivore
2014,Superior,Lake Trout,431.379,U.S. data does not include siscowet,Piscivore
2014,Superior,Lake Trout - siscowet,180.591,,Piscivore
2014,Superior,Lake Whitefish,2840.2,,Benthic invertivore
2014,Superior,Northern Pike,1,,Piscivore
2014,Superior,Pacific Salmon,3.137,,Piscivore
2014,Superior,Rainbow Smelt,8.023,,Planktivore
2014,Superior,Round Whitefish,0.639,,Benthic invertivore
2014,Superior,Suckers,6.132,,Benthic omnivore
2014,Superior,Walleye,4.562,,Piscivore
2014,Superior,Yellow Perch,0.055,,Invertivore
2015,Superior,Burbot,5.351,,Piscivore
2015,Superior,Carp,0.023,,Benthic omnivore
2015,Superior,Chubs,87.638,,Planktivore
2015,Superior,Cisco,1983.159,,Planktivore
2015,Superior,Lake Sturgeon,,,Benthic invertivore
2015,Superior,Lake Trout,406.125,U.S. data does not include siscowet,Piscivore
2015,Superior,Lake Trout - siscowet,153.324,,Piscivore
2015,Superior,Lake Whitefish,3068.394,,Benthic invertivore
2015,Superior,Northern Pike,0,,Piscivore
2015,Superior,Pacific Salmon,6.036,,Piscivore
2015,Superior,Rainbow Smelt,34.623,,Planktivore
2015,Superior,Round Whitefish,3.86,,Benthic invertivore
2015,Superior,Suckers,14.816,,Benthic omnivore
2015,Superior,Walleye,4.865,,Piscivore
2015,Superior,Yellow Perch,0.074,,Invertivore
2016,Superior,Burbot,5.047,,Piscivore
2016,Superior,Carp,0,,Benthic omnivore
2016,Superior,Chubs,99.591,,Planktivore
2016,Superior,Cisco,1482.935,,Planktivore
2016,Superior,Lake Sturgeon,,,Benthic invertivore
2016,Superior,Lake Trout,434.376,,Piscivore
2016,Superior,Lake Trout - siscowet,172.504,,Piscivore
2016,Superior,Lake Whitefish,2789.367,,Benthic invertivore
2016,Superior,Northern Pike,0,,Piscivore
2016,Superior,Pacific Salmon,6.591,,Piscivore
2016,Superior,Rainbow Smelt,24.263,,Planktivore
2016,Superior,Round Whitefish,3.881,,Benthic invertivore
2016,Superior,Suckers,27.266,,Benthic omnivore
2016,Superior,Walleye,8.128,,Piscivore
2016,Superior,Yellow Perch,0.637,,Invertivore
2017,Superior,Burbot,4.63,,Piscivore
2017,Superior,Carp,0.027,,Benthic omnivore
2017,Superior,Chubs,93.081,,Planktivore
2017,Superior,Cisco,1438.828,,Planktivore
2017,Superior,Lake Sturgeon,,,Benthic invertivore
2017,Superior,Lake Trout,438.412,,Piscivore
2017,Superior,Lake Trout - siscowet,127.276,,Piscivore
2017,Superior,Lake Whitefish,2594.766,,Benthic invertivore
2017,Superior,Northern Pike,0,,Piscivore
2017,Superior,Pacific Salmon,10.342,,Piscivore
2017,Superior,Rainbow Smelt,32.603,,Planktivore
2017,Superior,Round Whitefish,2.389,,Benthic invertivore
2017,Superior,Suckers,20.415,,Benthic omnivore
2017,Superior,Walleye,5.159,,Piscivore
2017,Superior,Yellow Perch,0.569,,Invertivore
2018,Superior,Burbot,5.889,,Piscivore
2018,Superior,Carp,0.004,,Benthic omnivore
2018,Superior,Chubs,49.209,,Planktivore
2018,Superior,Cisco,1617.824,,Planktivore
2018,Superior,Lake Sturgeon,,,Benthic invertivore
2018,Superior,Lake Trout,398.097,,Piscivore
2018,Superior,Lake Trout - siscowet,121.059,,Piscivore
2018,Superior,Lake Whitefish,2303.672,,Benthic invertivore
2018,Superior,Northern Pike,0,,Piscivore
2018,Superior,Pacific Salmon,5.491,,Piscivore
2018,Superior,Rainbow Smelt,26.471,,Planktivore
2018,Superior,Round Whitefish,3.283,,Benthic invertivore
2018,Superior,Suckers,22.358,,Benthic omnivore
2018,Superior,Walleye,6.106,,Piscivore
2018,Superior,Yellow Perch,0.412,,Invertivore
2019,Superior,Burbot,6.404,,Piscivore
2019,Superior,Carp,1.077,,Benthic omnivore
2019,Superior,Chubs,56.243,,Planktivore
2019,Superior,Cisco,1606.155,,Planktivore
2019,Superior,Lake Sturgeon,0.006,,Benthic invertivore
2019,Superior,Lake Trout,399.585,,Piscivore
2019,Superior,Lake Trout - siscowet,132.706,,Piscivore
2019,Superior,Lake Whitefish,2257.915,,Benthic invertivore
2019,Superior,Northern Pike,0,,Piscivore
2019,Superior,Pacific Salmon,1.938,,Piscivore
2019,Superior,Rainbow Smelt,21.356,,Planktivore
2019,Superior,Round Whitefish,4.978,,Benthic invertivore
2019,Superior,Suckers,27.89,,Benthic omnivore
2019,Superior,Walleye,8.647,,Piscivore
2019,Superior,Yellow Perch,0.153,,Invertivore
2020,Superior,Burbot,1.466,,Piscivore
2020,Superior,Carp,0.006,,Benthic omnivore
2020,Superior,Chubs,59.266,,Planktivore
2020,Superior,Cisco,1687.279,,Planktivore
2020,Superior,Lake Sturgeon,,,Benthic invertivore
2020,Superior,Lake Trout,307.606,,Piscivore
2020,Superior,Lake Trout - siscowet,120.253,,Piscivore
2020,Superior,Lake Whitefish,1925.802,,Benthic invertivore
2020,Superior,Northern Pike,0,,Piscivore
2020,Superior,Pacific Salmon,2.934,,Piscivore
2020,Superior,Rainbow Smelt,25.194,,Planktivore
2020,Superior,Round Whitefish,4.109,,Benthic invertivore
2020,Superior,Suckers,5.607,,Benthic omnivore
2020,Superior,Walleye,5.756,,Piscivore
2020,Superior,Yellow Perch,0.159,,Invertivore